{
"type": "FeatureCollection",
"name": "forest_risk",
"crs": { "type": "name", "properties": { "name": "urn:ogc:def:crs:OGC:1.3:CRS84" } },
"xy_coordinate_resolution": 1e-06,
"features": [
{ "type": "Feature", "properties": { "value_per_ha": 3350, "exposure_id": 1, "area_ha": 982.8884, "ael_bau": 120260.85, "ael_primary_full": 84783.05, "ael_primary_partial": 118639.29, "ael_secondary_full": 100346.17, "ael_secondary_partial": 109044.78, "ael_combined_full": 67546.45, "ael_combined_partial": 109811.62 }, "geometry": { "type": "MultiPolygon", "coordinates": [ [ [ [ -8.259425, 40.522321 ], [ -8.259425, 40.521895 ], [ -8.260497, 40.522321 ], [ -8.259425, 40.522321 ] ] ], [ [ [ -8.258433, 40.522321 ], [ -8.255456, 40.522321 ], [ -8.255456, 40.525298 ], [ -8.253472, 40.525298 ], [ -8.253472, 40.528274 ], [ -8.25248, 40.528274 ], [ -8.25248, 40.529266 ], [ -8.250496, 40.529266 ], [ -8.250496, 40.530258 ], [ -8.24752, 40.530258 ], [ -8.24752, 40.529266 ], [ -8.249504, 40.529266 ], [ -8.249504, 40.528274 ], [ -8.250496, 40.528274 ], [ -8.250496, 40.527282 ], [ -8.246528, 40.527282 ], [ -8.246528, 40.529266 ], [ -8.244544, 40.529266 ], [ -8.244544, 40.530258 ], [ -8.243552, 40.530258 ], [ -8.243552, 40.528274 ], [ -8.241567, 40.528274 ], [ -8.241567, 40.529266 ], [ -8.240575, 40.529266 ], [ -8.240575, 40.528274 ], [ -8.239583, 40.528274 ], [ -8.239583, 40.527282 ], [ -8.243552, 40.527282 ], [ -8.243552, 40.52629 ], [ -8.245536, 40.52629 ], [ -8.245536, 40.525298 ], [ -8.24752, 40.525298 ], [ -8.24752, 40.524306 ], [ -8.246528, 40.524306 ], [ -8.246528, 40.522321 ], [ -8.24752, 40.522321 ], [ -8.24752, 40.523313 ], [ -8.249504, 40.523313 ], [ -8.249504, 40.521329 ], [ -8.250496, 40.521329 ], [ -8.250496, 40.522321 ], [ -8.251488, 40.522321 ], [ -8.251488, 40.521329 ], [ -8.25248, 40.521329 ], [ -8.25248, 40.519345 ], [ -8.251488, 40.519345 ], [ -8.251488, 40.518353 ], [ -8.25248, 40.518353 ], [ -8.25248, 40.517361 ], [ -8.251488, 40.517361 ], [ -8.251488, 40.515377 ], [ -8.250496, 40.515377 ], [ -8.250496, 40.516369 ], [ -8.246528, 40.516369 ], [ -8.246528, 40.514385 ], [ -8.245536, 40.514385 ], [ -8.245536, 40.514042 ], [ -8.246969, 40.514159 ], [ -8.247545, 40.514128 ], [ -8.247746, 40.514238 ], [ -8.24816, 40.514417 ], [ -8.249003, 40.514679 ], [ -8.249612, 40.514793 ], [ -8.250201, 40.514829 ], [ -8.250661, 40.514891 ], [ -8.252688, 40.515991 ], [ -8.252675, 40.516007 ], [ -8.257996, 40.521336 ], [ -8.258433, 40.521506 ], [ -8.258433, 40.522321 ] ], [ [ -8.251488, 40.527282 ], [ -8.251488, 40.52629 ], [ -8.250496, 40.52629 ], [ -8.250496, 40.527282 ], [ -8.251488, 40.527282 ] ], [ [ -8.245536, 40.528274 ], [ -8.245536, 40.527282 ], [ -8.244544, 40.527282 ], [ -8.244544, 40.528274 ], [ -8.245536, 40.528274 ] ] ], [ [ [ -8.22371, 40.515377 ], [ -8.224302, 40.515377 ], [ -8.224814, 40.515473 ], [ -8.225143, 40.515552 ], [ -8.225531, 40.515747 ], [ -8.225765, 40.515899 ], [ -8.226106, 40.5162 ], [ -8.22626, 40.516245 ], [ -8.227094, 40.516286 ], [ -8.227227, 40.516323 ], [ -8.227455, 40.516353 ], [ -8.227539, 40.51639 ], [ -8.22761, 40.516441 ], [ -8.227771, 40.516456 ], [ -8.227934, 40.516427 ], [ -8.228098, 40.516321 ], [ -8.228225, 40.516273 ], [ -8.228351, 40.516259 ], [ -8.228699, 40.516258 ], [ -8.228853, 40.516289 ], [ -8.229124, 40.516444 ], [ -8.229371, 40.516456 ], [ -8.229544, 40.516508 ], [ -8.229788, 40.51655 ], [ -8.23039, 40.516552 ], [ -8.230728, 40.516597 ], [ -8.23116, 40.51661 ], [ -8.2314, 40.51681 ], [ -8.231553, 40.516908 ], [ -8.231662, 40.516955 ], [ -8.231725, 40.51696 ], [ -8.232496, 40.516962 ], [ -8.232748, 40.516937 ], [ -8.232898, 40.516905 ], [ -8.233748, 40.51679 ], [ -8.23438, 40.516635 ], [ -8.23463, 40.516553 ], [ -8.235444, 40.516464 ], [ -8.235829, 40.516459 ], [ -8.236774, 40.51633 ], [ -8.236816, 40.51625 ], [ -8.238591, 40.515724 ], [ -8.238591, 40.516369 ], [ -8.239583, 40.516369 ], [ -8.239583, 40.517361 ], [ -8.240575, 40.517361 ], [ -8.240575, 40.518353 ], [ -8.24256, 40.518353 ], [ -8.24256, 40.519345 ], [ -8.244544, 40.519345 ], [ -8.244544, 40.518353 ], [ -8.246528, 40.518353 ], [ -8.246528, 40.519345 ], [ -8.249504, 40.519345 ], [ -8.249504, 40.517361 ], [ -8.250496, 40.517361 ], [ -8.250496, 40.520337 ], [ -8.245536, 40.520337 ], [ -8.245536, 40.521329 ], [ -8.244544, 40.521329 ], [ -8.244544, 40.523313 ], [ -8.240575, 40.523313 ], [ -8.240575, 40.524306 ], [ -8.239583, 40.524306 ], [ -8.239583, 40.523313 ], [ -8.237599, 40.523313 ], [ -8.237599, 40.524306 ], [ -8.236607, 40.524306 ], [ -8.236607, 40.527282 ], [ -8.237599, 40.527282 ], [ -8.237599, 40.529266 ], [ -8.238591, 40.529266 ], [ -8.238591, 40.530258 ], [ -8.237599, 40.530258 ], [ -8.237599, 40.532242 ], [ -8.235615, 40.532242 ], [ -8.235615, 40.530258 ], [ -8.234623, 40.530258 ], [ -8.234623, 40.529266 ], [ -8.235615, 40.529266 ], [ -8.235615, 40.528274 ], [ -8.234623, 40.528274 ], [ -8.234623, 40.52629 ], [ -8.233631, 40.52629 ], [ -8.233631, 40.525298 ], [ -8.232639, 40.525298 ], [ -8.232639, 40.524306 ], [ -8.231647, 40.524306 ], [ -8.231647, 40.523313 ], [ -8.234623, 40.523313 ], [ -8.234623, 40.522321 ], [ -8.231647, 40.522321 ], [ -8.231647, 40.520337 ], [ -8.230655, 40.520337 ], [ -8.230655, 40.519345 ], [ -8.228671, 40.519345 ], [ -8.228671, 40.517361 ], [ -8.227679, 40.517361 ], [ -8.227679, 40.519345 ], [ -8.226687, 40.519345 ], [ -8.226687, 40.521329 ], [ -8.225694, 40.521329 ], [ -8.225694, 40.518353 ], [ -8.224702, 40.518353 ], [ -8.224702, 40.516369 ], [ -8.221726, 40.516369 ], [ -8.221726, 40.517361 ], [ -8.22371, 40.517361 ], [ -8.22371, 40.518353 ], [ -8.221726, 40.518353 ], [ -8.221726, 40.519345 ], [ -8.224702, 40.519345 ], [ -8.224702, 40.520337 ], [ -8.22371, 40.520337 ], [ -8.22371, 40.521329 ], [ -8.222718, 40.521329 ], [ -8.222718, 40.522321 ], [ -8.221726, 40.522321 ], [ -8.221726, 40.523313 ], [ -8.220734, 40.523313 ], [ -8.220734, 40.522321 ], [ -8.219742, 40.522321 ], [ -8.219742, 40.523313 ], [ -8.217758, 40.523313 ], [ -8.217758, 40.522321 ], [ -8.21875, 40.522321 ], [ -8.21875, 40.520337 ], [ -8.217758, 40.520337 ], [ -8.217758, 40.519345 ], [ -8.214782, 40.519345 ], [ -8.214782, 40.518353 ], [ -8.21379, 40.518353 ], [ -8.21379, 40.517361 ], [ -8.211806, 40.517361 ], [ -8.211806, 40.519345 ], [ -8.209821, 40.519345 ], [ -8.209821, 40.518353 ], [ -8.208829, 40.518353 ], [ -8.208829, 40.517361 ], [ -8.207837, 40.517361 ], [ -8.207837, 40.519345 ], [ -8.208829, 40.519345 ], [ -8.208829, 40.520337 ], [ -8.209821, 40.520337 ], [ -8.209821, 40.521329 ], [ -8.207837, 40.521329 ], [ -8.207837, 40.520337 ], [ -8.206845, 40.520337 ], [ -8.206845, 40.519345 ], [ -8.203869, 40.519345 ], [ -8.203869, 40.518353 ], [ -8.205853, 40.518353 ], [ -8.205853, 40.517361 ], [ -8.206845, 40.517361 ], [ -8.206845, 40.516369 ], [ -8.207837, 40.516369 ], [ -8.207837, 40.514385 ], [ -8.208829, 40.514385 ], [ -8.208829, 40.515377 ], [ -8.209821, 40.515377 ], [ -8.209821, 40.514385 ], [ -8.21379, 40.514385 ], [ -8.21379, 40.513393 ], [ -8.214782, 40.513393 ], [ -8.214782, 40.511409 ], [ -8.21379, 40.511409 ], [ -8.21379, 40.510417 ], [ -8.215774, 40.510426 ], [ -8.215774, 40.511409 ], [ -8.21875, 40.511409 ], [ -8.21875, 40.512401 ], [ -8.219262, 40.512401 ], [ -8.219419, 40.512539 ], [ -8.219524, 40.512726 ], [ -8.219526, 40.513149 ], [ -8.219512, 40.513223 ], [ -8.219454, 40.513318 ], [ -8.219451, 40.513393 ], [ -8.217758, 40.513393 ], [ -8.217758, 40.515377 ], [ -8.220734, 40.515377 ], [ -8.220734, 40.514359 ], [ -8.221367, 40.514424 ], [ -8.221488, 40.514467 ], [ -8.221676, 40.51448 ], [ -8.221923, 40.51441 ], [ -8.222172, 40.514303 ], [ -8.222333, 40.514302 ], [ -8.222539, 40.514347 ], [ -8.223028, 40.51458 ], [ -8.22371, 40.515081 ], [ -8.22371, 40.515377 ] ], [ [ -8.240575, 40.519345 ], [ -8.240575, 40.520337 ], [ -8.24256, 40.520337 ], [ -8.24256, 40.519345 ], [ -8.240575, 40.519345 ] ], [ [ -8.230669, 40.519345 ], [ -8.231647, 40.519345 ], [ -8.231647, 40.517361 ], [ -8.230655, 40.517361 ], [ -8.230655, 40.519345 ], [ -8.230669, 40.519345 ] ], [ [ -8.211806, 40.516369 ], [ -8.209821, 40.516369 ], [ -8.209821, 40.517361 ], [ -8.211806, 40.517361 ], [ -8.211806, 40.516369 ] ], [ [ -8.21379, 40.516369 ], [ -8.21379, 40.515377 ], [ -8.211806, 40.515377 ], [ -8.211806, 40.516369 ], [ -8.21379, 40.516369 ] ], [ [ -8.237599, 40.517361 ], [ -8.237599, 40.516369 ], [ -8.236607, 40.516369 ], [ -8.236607, 40.517361 ], [ -8.237599, 40.517361 ] ], [ [ -8.238591, 40.519345 ], [ -8.238591, 40.520337 ], [ -8.239583, 40.520337 ], [ -8.239583, 40.518353 ], [ -8.237599, 40.518353 ], [ -8.237599, 40.519345 ], [ -8.238591, 40.519345 ] ], [ [ -8.232639, 40.518353 ], [ -8.232639, 40.520337 ], [ -8.233631, 40.520337 ], [ -8.233631, 40.519345 ], [ -8.234623, 40.519345 ], [ -8.234623, 40.520337 ], [ -8.236607, 40.520337 ], [ -8.236607, 40.518353 ], [ -8.232639, 40.518353 ] ] ], [ [ [ -8.205853, 40.516369 ], [ -8.205853, 40.515377 ], [ -8.204861, 40.515377 ], [ -8.204861, 40.514385 ], [ -8.201885, 40.514385 ], [ -8.201885, 40.513393 ], [ -8.198909, 40.513393 ], [ -8.198909, 40.511409 ], [ -8.199901, 40.511409 ], [ -8.199901, 40.509425 ], [ -8.198909, 40.509425 ], [ -8.198909, 40.508433 ], [ -8.196925, 40.508433 ], [ -8.196925, 40.510417 ], [ -8.19494, 40.510417 ], [ -8.19494, 40.509425 ], [ -8.193948, 40.509425 ], [ -8.193948, 40.510417 ], [ -8.192956, 40.510417 ], [ -8.192956, 40.509425 ], [ -8.191964, 40.509425 ], [ -8.191964, 40.510417 ], [ -8.18998, 40.510417 ], [ -8.18998, 40.509425 ], [ -8.187996, 40.509425 ], [ -8.187996, 40.510417 ], [ -8.186012, 40.510417 ], [ -8.186012, 40.509425 ], [ -8.184028, 40.509425 ], [ -8.184028, 40.50744 ], [ -8.183036, 40.50744 ], [ -8.183036, 40.506448 ], [ -8.182044, 40.506448 ], [ -8.182044, 40.503472 ], [ -8.184028, 40.503472 ], [ -8.184028, 40.50248 ], [ -8.18006, 40.50248 ], [ -8.18006, 40.501488 ], [ -8.181052, 40.501488 ], [ -8.181052, 40.500496 ], [ -8.176091, 40.500496 ], [ -8.176091, 40.498512 ], [ -8.175099, 40.498512 ], [ -8.175099, 40.49752 ], [ -8.18006, 40.49752 ], [ -8.18006, 40.498512 ], [ -8.182044, 40.498512 ], [ -8.182044, 40.49752 ], [ -8.181052, 40.49752 ], [ -8.181052, 40.496528 ], [ -8.187004, 40.496528 ], [ -8.187004, 40.49752 ], [ -8.186012, 40.49752 ], [ -8.186012, 40.500496 ], [ -8.187004, 40.500496 ], [ -8.187004, 40.501488 ], [ -8.187996, 40.501488 ], [ -8.187996, 40.500496 ], [ -8.188988, 40.500496 ], [ -8.188988, 40.49752 ], [ -8.18998, 40.49752 ], [ -8.18998, 40.496528 ], [ -8.192956, 40.496528 ], [ -8.192956, 40.49752 ], [ -8.193948, 40.49752 ], [ -8.193948, 40.496528 ], [ -8.195933, 40.496528 ], [ -8.195933, 40.494544 ], [ -8.199901, 40.494544 ], [ -8.199901, 40.495536 ], [ -8.197917, 40.495536 ], [ -8.197917, 40.496528 ], [ -8.199901, 40.496528 ], [ -8.199901, 40.49752 ], [ -8.201885, 40.49752 ], [ -8.201885, 40.498512 ], [ -8.203869, 40.498512 ], [ -8.203869, 40.499504 ], [ -8.201885, 40.499504 ], [ -8.201885, 40.50248 ], [ -8.202877, 40.50248 ], [ -8.202877, 40.505456 ], [ -8.204861, 40.505456 ], [ -8.204861, 40.504464 ], [ -8.208829, 40.504464 ], [ -8.208829, 40.503093 ], [ -8.20894, 40.503163 ], [ -8.209561, 40.503333 ], [ -8.209847, 40.50344 ], [ -8.210302, 40.503641 ], [ -8.210469, 40.503827 ], [ -8.210647, 40.504153 ], [ -8.210824, 40.504312 ], [ -8.210923, 40.504371 ], [ -8.211258, 40.504497 ], [ -8.211324, 40.504537 ], [ -8.211903, 40.504682 ], [ -8.212172, 40.504782 ], [ -8.212388, 40.504888 ], [ -8.212637, 40.504962 ], [ -8.212688, 40.504994 ], [ -8.21272, 40.505036 ], [ -8.212726, 40.505129 ], [ -8.2127, 40.505215 ], [ -8.212618, 40.505362 ], [ -8.212612, 40.505456 ], [ -8.211806, 40.505456 ], [ -8.211806, 40.50744 ], [ -8.212589, 40.50744 ], [ -8.212562, 40.50753 ], [ -8.212481, 40.507609 ], [ -8.212264, 40.507676 ], [ -8.212179, 40.507724 ], [ -8.21209, 40.507821 ], [ -8.212056, 40.507893 ], [ -8.212046, 40.508037 ], [ -8.212065, 40.508086 ], [ -8.212107, 40.508118 ], [ -8.212193, 40.508129 ], [ -8.212325, 40.508209 ], [ -8.21245, 40.508383 ], [ -8.21246, 40.508433 ], [ -8.211806, 40.508433 ], [ -8.211806, 40.509425 ], [ -8.208829, 40.509425 ], [ -8.208829, 40.510417 ], [ -8.210813, 40.510417 ], [ -8.210813, 40.511409 ], [ -8.207837, 40.511409 ], [ -8.207837, 40.514385 ], [ -8.206845, 40.514385 ], [ -8.206845, 40.516369 ], [ -8.205853, 40.516369 ] ], [ [ -8.193948, 40.498512 ], [ -8.19494, 40.498512 ], [ -8.19494, 40.49752 ], [ -8.193948, 40.49752 ], [ -8.193948, 40.498512 ] ], [ [ -8.208829, 40.508433 ], [ -8.205853, 40.508433 ], [ -8.205853, 40.510417 ], [ -8.206845, 40.510417 ], [ -8.206845, 40.509425 ], [ -8.208829, 40.509425 ], [ -8.208829, 40.508433 ] ], [ [ -8.206845, 40.513393 ], [ -8.205853, 40.513393 ], [ -8.205853, 40.514385 ], [ -8.206845, 40.514385 ], [ -8.206845, 40.513393 ] ], [ [ -8.198909, 40.503472 ], [ -8.198909, 40.50248 ], [ -8.195933, 40.50248 ], [ -8.195933, 40.505456 ], [ -8.196925, 40.505456 ], [ -8.196925, 40.506448 ], [ -8.199901, 40.506448 ], [ -8.199901, 40.503472 ], [ -8.198909, 40.503472 ] ], [ [ -8.201885, 40.50744 ], [ -8.201885, 40.508433 ], [ -8.202877, 40.508433 ], [ -8.202877, 40.512401 ], [ -8.204861, 40.512401 ], [ -8.204861, 40.506448 ], [ -8.202877, 40.506448 ], [ -8.202877, 40.50744 ], [ -8.201885, 40.50744 ] ], [ [ -8.206845, 40.512401 ], [ -8.206845, 40.511409 ], [ -8.205853, 40.511409 ], [ -8.205853, 40.512401 ], [ -8.206845, 40.512401 ] ], [ [ -8.200893, 40.509425 ], [ -8.200893, 40.510417 ], [ -8.201885, 40.510417 ], [ -8.201885, 40.509425 ], [ -8.200893, 40.509425 ] ], [ [ -8.191964, 40.498512 ], [ -8.191964, 40.499504 ], [ -8.192956, 40.499504 ], [ -8.192956, 40.498512 ], [ -8.191964, 40.498512 ] ] ], [ [ [ -8.203869, 40.494544 ], [ -8.203869, 40.49429 ], [ -8.203892, 40.494544 ], [ -8.203869, 40.494544 ] ] ], [ [ [ -8.201885, 40.491567 ], [ -8.201885, 40.493552 ], [ -8.195933, 40.493552 ], [ -8.195933, 40.49256 ], [ -8.193948, 40.49256 ], [ -8.193948, 40.490575 ], [ -8.196925, 40.490575 ], [ -8.196925, 40.489583 ], [ -8.19494, 40.489583 ], [ -8.19494, 40.487599 ], [ -8.196925, 40.487599 ], [ -8.196925, 40.485615 ], [ -8.19494, 40.485615 ], [ -8.19494, 40.484623 ], [ -8.192956, 40.484623 ], [ -8.192956, 40.485615 ], [ -8.187004, 40.485615 ], [ -8.187004, 40.484623 ], [ -8.183036, 40.484623 ], [ -8.183036, 40.485615 ], [ -8.182044, 40.485615 ], [ -8.182044, 40.484623 ], [ -8.181052, 40.484623 ], [ -8.181052, 40.485615 ], [ -8.18006, 40.485615 ], [ -8.18006, 40.487599 ], [ -8.182044, 40.487599 ], [ -8.182044, 40.486607 ], [ -8.183036, 40.486607 ], [ -8.183036, 40.487599 ], [ -8.18502, 40.487599 ], [ -8.18502, 40.488591 ], [ -8.181052, 40.488591 ], [ -8.181052, 40.489583 ], [ -8.183036, 40.489583 ], [ -8.183036, 40.491567 ], [ -8.179067, 40.491567 ], [ -8.179067, 40.490575 ], [ -8.176091, 40.490575 ], [ -8.176091, 40.489583 ], [ -8.170139, 40.489583 ], [ -8.170139, 40.488591 ], [ -8.169147, 40.488591 ], [ -8.169147, 40.487599 ], [ -8.166171, 40.487599 ], [ -8.166171, 40.486607 ], [ -8.167163, 40.486607 ], [ -8.167163, 40.485615 ], [ -8.168155, 40.485615 ], [ -8.168155, 40.486607 ], [ -8.172123, 40.486607 ], [ -8.172123, 40.485615 ], [ -8.173115, 40.485615 ], [ -8.173115, 40.486607 ], [ -8.175099, 40.486607 ], [ -8.175099, 40.485615 ], [ -8.176091, 40.485615 ], [ -8.176091, 40.484623 ], [ -8.179067, 40.484623 ], [ -8.179067, 40.483631 ], [ -8.178075, 40.483631 ], [ -8.178075, 40.482639 ], [ -8.179067, 40.482639 ], [ -8.179067, 40.480655 ], [ -8.176091, 40.480655 ], [ -8.176091, 40.479663 ], [ -8.174107, 40.479663 ], [ -8.174107, 40.478671 ], [ -8.173115, 40.478671 ], [ -8.173115, 40.476687 ], [ -8.171131, 40.476687 ], [ -8.171131, 40.472718 ], [ -8.169147, 40.472718 ], [ -8.169147, 40.471726 ], [ -8.168155, 40.471726 ], [ -8.168155, 40.46875 ], [ -8.169147, 40.46875 ], [ -8.169147, 40.470734 ], [ -8.171131, 40.470734 ], [ -8.171131, 40.471726 ], [ -8.173115, 40.471726 ], [ -8.173115, 40.472718 ], [ -8.174107, 40.472718 ], [ -8.174107, 40.47371 ], [ -8.175099, 40.47371 ], [ -8.175099, 40.472718 ], [ -8.177083, 40.472718 ], [ -8.177083, 40.47109 ], [ -8.177156, 40.471039 ], [ -8.177354, 40.470813 ], [ -8.17755, 40.470625 ], [ -8.177593, 40.470601 ], [ -8.17767, 40.470593 ], [ -8.177749, 40.4706 ], [ -8.177855, 40.470645 ], [ -8.178068, 40.471027 ], [ -8.178101, 40.471296 ], [ -8.178153, 40.471383 ], [ -8.178343, 40.47154 ], [ -8.178429, 40.471569 ], [ -8.178459, 40.471569 ], [ -8.178708, 40.471439 ], [ -8.178773, 40.471389 ], [ -8.178867, 40.471261 ], [ -8.178997, 40.470975 ], [ -8.179099, 40.470862 ], [ -8.179208, 40.470852 ], [ -8.17989, 40.470964 ], [ -8.180228, 40.471114 ], [ -8.180583, 40.471123 ], [ -8.180693, 40.471095 ], [ -8.180857, 40.471021 ], [ -8.181052, 40.470996 ], [ -8.181052, 40.471726 ], [ -8.18502, 40.471726 ], [ -8.18502, 40.472718 ], [ -8.186265, 40.472718 ], [ -8.186378, 40.472845 ], [ -8.186576, 40.473014 ], [ -8.18668, 40.473065 ], [ -8.186805, 40.473101 ], [ -8.186953, 40.473113 ], [ -8.187013, 40.47309 ], [ -8.187144, 40.472945 ], [ -8.187266, 40.472718 ], [ -8.191886, 40.472718 ], [ -8.191964, 40.472835 ], [ -8.191964, 40.47371 ], [ -8.192106, 40.47371 ], [ -8.192128, 40.473896 ], [ -8.192182, 40.474139 ], [ -8.192233, 40.474209 ], [ -8.192396, 40.474339 ], [ -8.192481, 40.474473 ], [ -8.192566, 40.474517 ], [ -8.192696, 40.474489 ], [ -8.192855, 40.474382 ], [ -8.192948, 40.474344 ], [ -8.193079, 40.474349 ], [ -8.193378, 40.474462 ], [ -8.193579, 40.474635 ], [ -8.193966, 40.475126 ], [ -8.194171, 40.475343 ], [ -8.194508, 40.475584 ], [ -8.194798, 40.47575 ], [ -8.194912, 40.475838 ], [ -8.19494, 40.475867 ], [ -8.19494, 40.476687 ], [ -8.196003, 40.476687 ], [ -8.196007, 40.476808 ], [ -8.195914, 40.477002 ], [ -8.195909, 40.47708 ], [ -8.195803, 40.477333 ], [ -8.195798, 40.477388 ], [ -8.195822, 40.477518 ], [ -8.195862, 40.477595 ], [ -8.19601, 40.47775 ], [ -8.196123, 40.477819 ], [ -8.196373, 40.477924 ], [ -8.196498, 40.477955 ], [ -8.19682, 40.477977 ], [ -8.197136, 40.478033 ], [ -8.197525, 40.478035 ], [ -8.197623, 40.478063 ], [ -8.19772, 40.47807 ], [ -8.197838, 40.478048 ], [ -8.19795, 40.477989 ], [ -8.198221, 40.477767 ], [ -8.198237, 40.477679 ], [ -8.198909, 40.477679 ], [ -8.198909, 40.478671 ], [ -8.199901, 40.478671 ], [ -8.199901, 40.479663 ], [ -8.200893, 40.479663 ], [ -8.200893, 40.479279 ], [ -8.200968, 40.47936 ], [ -8.200997, 40.479418 ], [ -8.201005, 40.479612 ], [ -8.200944, 40.479806 ], [ -8.200594, 40.480358 ], [ -8.20048, 40.480584 ], [ -8.20032, 40.480772 ], [ -8.200024, 40.481181 ], [ -8.199897, 40.481454 ], [ -8.199753, 40.481685 ], [ -8.199585, 40.481897 ], [ -8.199344, 40.48206 ], [ -8.199054, 40.482158 ], [ -8.19894, 40.482208 ], [ -8.198839, 40.482275 ], [ -8.198733, 40.482412 ], [ -8.198695, 40.482505 ], [ -8.198684, 40.482804 ], [ -8.198731, 40.48294 ], [ -8.19888, 40.483213 ], [ -8.198887, 40.483261 ], [ -8.198886, 40.483498 ], [ -8.198854, 40.483768 ], [ -8.198855, 40.484262 ], [ -8.198909, 40.484414 ], [ -8.198909, 40.485615 ], [ -8.19973, 40.485615 ], [ -8.199901, 40.485883 ], [ -8.199901, 40.488591 ], [ -8.201885, 40.488591 ], [ -8.201885, 40.48839 ], [ -8.201983, 40.488582 ], [ -8.201989, 40.488731 ], [ -8.201959, 40.488809 ], [ -8.201821, 40.489043 ], [ -8.201815, 40.489302 ], [ -8.201874, 40.489506 ], [ -8.201917, 40.489583 ], [ -8.200893, 40.489583 ], [ -8.200893, 40.490575 ], [ -8.202764, 40.490575 ], [ -8.203249, 40.490985 ], [ -8.2036, 40.491399 ], [ -8.203771, 40.491567 ], [ -8.201885, 40.491567 ] ], [ [ -8.196925, 40.488591 ], [ -8.197917, 40.488591 ], [ -8.197917, 40.487599 ], [ -8.196925, 40.487599 ], [ -8.196925, 40.488591 ] ], [ [ -8.197917, 40.490575 ], [ -8.197917, 40.491567 ], [ -8.198909, 40.491567 ], [ -8.198909, 40.490575 ], [ -8.197917, 40.490575 ] ], [ [ -8.190972, 40.483631 ], [ -8.190972, 40.484623 ], [ -8.191964, 40.484623 ], [ -8.191964, 40.483631 ], [ -8.190972, 40.483631 ] ], [ [ -8.190972, 40.478671 ], [ -8.190972, 40.479663 ], [ -8.192956, 40.479663 ], [ -8.192956, 40.478671 ], [ -8.190972, 40.478671 ] ], [ [ -8.192956, 40.480655 ], [ -8.191964, 40.480655 ], [ -8.191964, 40.481647 ], [ -8.193948, 40.481647 ], [ -8.193948, 40.479663 ], [ -8.192956, 40.479663 ], [ -8.192956, 40.480655 ] ], [ [ -8.192956, 40.475694 ], [ -8.192956, 40.476687 ], [ -8.193948, 40.476687 ], [ -8.193948, 40.475694 ], [ -8.192956, 40.475694 ] ] ], [ [ [ -8.169147, 40.465774 ], [ -8.169147, 40.464256 ], [ -8.169529, 40.464538 ], [ -8.169584, 40.464613 ], [ -8.1696, 40.464675 ], [ -8.169595, 40.464795 ], [ -8.169451, 40.465064 ], [ -8.169394, 40.465267 ], [ -8.169357, 40.465581 ], [ -8.169284, 40.465774 ], [ -8.169147, 40.465774 ] ] ] ] } },
{ "type": "Feature", "properties": { "value_per_ha": 3350, "exposure_id": 2, "area_ha": 2.7782, "ael_bau": 92.79, "ael_primary_full": 70.76, "ael_primary_partial": 92.79, "ael_secondary_full": 89.57, "ael_secondary_partial": 91.96, "ael_combined_full": 70.28, "ael_combined_partial": 91.83 }, "geometry": { "type": "Polygon", "coordinates": [ [ [ -8.25744, 40.524306 ], [ -8.25744, 40.525298 ], [ -8.258433, 40.525298 ], [ -8.258433, 40.52629 ], [ -8.256448, 40.52629 ], [ -8.256448, 40.524306 ], [ -8.25744, 40.524306 ] ] ] } },
{ "type": "Feature", "properties": { "value_per_ha": 3350, "exposure_id": 3, "area_ha": 0.926, "ael_bau": 0.0, "ael_primary_full": 0.0, "ael_primary_partial": 0.0, "ael_secondary_full": 0.0, "ael_secondary_partial": 0.0, "ael_combined_full": 0.0, "ael_combined_partial": 0.0 }, "geometry": { "type": "Polygon", "coordinates": [ [ [ -8.25744, 40.528274 ], [ -8.256448, 40.528274 ], [ -8.256448, 40.527282 ], [ -8.25744, 40.527282 ], [ -8.25744, 40.528274 ] ] ] } },
{ "type": "Feature", "properties": { "value_per_ha": 3350, "exposure_id": 4, "area_ha": 0.926, "ael_bau": 95.34, "ael_primary_full": 85.84, "ael_primary_partial": 95.34, "ael_secondary_full": 70.24, "ael_secondary_partial": 91.96, "ael_combined_full": 55.98, "ael_combined_partial": 93.75 }, "geometry": { "type": "Polygon", "coordinates": [ [ [ -8.253472, 40.532242 ], [ -8.25248, 40.532242 ], [ -8.25248, 40.53125 ], [ -8.253472, 40.53125 ], [ -8.253472, 40.532242 ] ] ] } },
{ "type": "Feature", "properties": { "value_per_ha": 3350, "exposure_id": 5, "area_ha": 0.926, "ael_bau": 97.56, "ael_primary_full": 90.48, "ael_primary_partial": 97.56, "ael_secondary_full": 95.04, "ael_secondary_partial": 97.16, "ael_combined_full": 88.94, "ael_combined_partial": 97.56 }, "geometry": { "type": "Polygon", "coordinates": [ [ [ -8.259425, 40.532242 ], [ -8.258433, 40.532242 ], [ -8.258433, 40.53125 ], [ -8.259425, 40.53125 ], [ -8.259425, 40.532242 ] ] ] } },
{ "type": "Feature", "properties": { "value_per_ha": 3350, "exposure_id": 6, "area_ha": 8.8601, "ael_bau": 626.03, "ael_primary_full": 585.8, "ael_primary_partial": 626.03, "ael_secondary_full": 613.12, "ael_secondary_partial": 621.93, "ael_combined_full": 590.23, "ael_combined_partial": 626.03 }, "geometry": { "type": "Polygon", "coordinates": [ [ [ -8.266369, 40.535218 ], [ -8.266369, 40.534226 ], [ -8.265377, 40.534226 ], [ -8.265377, 40.533234 ], [ -8.268353, 40.533234 ], [ -8.268353, 40.532833 ], [ -8.268512, 40.532972 ], [ -8.269345, 40.533922 ], [ -8.269345, 40.534226 ], [ -8.269612, 40.534226 ], [ -8.270337, 40.535054 ], [ -8.270337, 40.53621 ], [ -8.268353, 40.53621 ], [ -8.268353, 40.535218 ], [ -8.266369, 40.535218 ] ] ] } },
{ "type": "Feature", "properties": { "value_per_ha": 3350, "exposure_id": 7, "area_ha": 0.9259, "ael_bau": 94.06, "ael_primary_full": 87.0, "ael_primary_partial": 94.06, "ael_secondary_full": 90.53, "ael_secondary_partial": 93.58, "ael_combined_full": 86.45, "ael_combined_partial": 93.75 }, "geometry": { "type": "Polygon", "coordinates": [ [ [ -8.264385, 40.535218 ], [ -8.263393, 40.535218 ], [ -8.263393, 40.534226 ], [ -8.264385, 40.534226 ], [ -8.264385, 40.535218 ] ] ] } },
{ "type": "Feature", "properties": { "value_per_ha": 3350, "exposure_id": 8, "area_ha": 0.9259, "ael_bau": 82.94, "ael_primary_full": 78.3, "ael_primary_partial": 82.94, "ael_secondary_full": 81.19, "ael_secondary_partial": 81.88, "ael_combined_full": 77.74, "ael_combined_partial": 81.45 }, "geometry": { "type": "Polygon", "coordinates": [ [ [ -8.268353, 40.537202 ], [ -8.269345, 40.537202 ], [ -8.269345, 40.538194 ], [ -8.268353, 40.538194 ], [ -8.268353, 40.537202 ] ] ] } },
{ "type": "Feature", "properties": { "value_per_ha": 3350, "exposure_id": 9, "area_ha": 7.407, "ael_bau": 715.97, "ael_primary_full": 679.18, "ael_primary_partial": 715.97, "ael_secondary_full": 664.34, "ael_secondary_partial": 677.49, "ael_combined_full": 636.87, "ael_combined_partial": 691.0 }, "geometry": { "type": "Polygon", "coordinates": [ [ [ -8.263393, 40.540179 ], [ -8.262401, 40.540179 ], [ -8.262401, 40.541171 ], [ -8.260417, 40.541171 ], [ -8.260417, 40.538194 ], [ -8.263393, 40.538194 ], [ -8.263393, 40.540179 ] ] ] } },
{ "type": "Feature", "properties": { "value_per_ha": 3350, "exposure_id": 10, "area_ha": 1.8517, "ael_bau": 200.84, "ael_primary_full": 190.82, "ael_primary_partial": 200.68, "ael_secondary_full": 146.92, "ael_secondary_partial": 187.16, "ael_combined_full": 134.34, "ael_combined_partial": 186.35 }, "geometry": { "type": "Polygon", "coordinates": [ [ [ -8.259425, 40.543155 ], [ -8.258433, 40.543155 ], [ -8.258433, 40.541171 ], [ -8.259425, 40.541171 ], [ -8.259425, 40.543155 ] ] ] } },
{ "type": "Feature", "properties": { "value_per_ha": 3350, "exposure_id": 11, "area_ha": 31.7469, "ael_bau": 2470.45, "ael_primary_full": 1315.44, "ael_primary_partial": 2418.27, "ael_secondary_full": 2398.02, "ael_secondary_partial": 2443.07, "ael_combined_full": 1321.64, "ael_combined_partial": 2433.94 }, "geometry": { "type": "Polygon", "coordinates": [ [ [ -8.28125, 40.547123 ], [ -8.28125, 40.548115 ], [ -8.279266, 40.548115 ], [ -8.279266, 40.547123 ], [ -8.278274, 40.547123 ], [ -8.278274, 40.548115 ], [ -8.277282, 40.548115 ], [ -8.277282, 40.545139 ], [ -8.278274, 40.545139 ], [ -8.278274, 40.546131 ], [ -8.279266, 40.546131 ], [ -8.279266, 40.545139 ], [ -8.28125, 40.545139 ], [ -8.28125, 40.543155 ], [ -8.282242, 40.543155 ], [ -8.282242, 40.544147 ], [ -8.285218, 40.544147 ], [ -8.285218, 40.545139 ], [ -8.28621, 40.545139 ], [ -8.28621, 40.546131 ], [ -8.286573, 40.546131 ], [ -8.287011, 40.547165 ], [ -8.286531, 40.549046 ], [ -8.28642, 40.550194 ], [ -8.286656, 40.551091 ], [ -8.28621, 40.551091 ], [ -8.28621, 40.550099 ], [ -8.284226, 40.550099 ], [ -8.284226, 40.549107 ], [ -8.283234, 40.549107 ], [ -8.283234, 40.547123 ], [ -8.28125, 40.547123 ] ], [ [ -8.285218, 40.547123 ], [ -8.285218, 40.548115 ], [ -8.28621, 40.548115 ], [ -8.28621, 40.547123 ], [ -8.285218, 40.547123 ] ] ] } },
{ "type": "Feature", "properties": { "value_per_ha": 3350, "exposure_id": 12, "area_ha": 121.2683, "ael_bau": 10273.63, "ael_primary_full": 9225.07, "ael_primary_partial": 10247.61, "ael_secondary_full": 9420.66, "ael_secondary_partial": 9753.24, "ael_combined_full": 8404.98, "ael_combined_partial": 9858.95 }, "geometry": { "type": "Polygon", "coordinates": [ [ [ -8.261409, 40.550099 ], [ -8.258433, 40.550099 ], [ -8.258433, 40.549107 ], [ -8.25744, 40.549107 ], [ -8.25744, 40.548115 ], [ -8.256448, 40.548115 ], [ -8.256448, 40.547123 ], [ -8.258433, 40.547123 ], [ -8.258433, 40.548115 ], [ -8.261409, 40.548115 ], [ -8.261409, 40.547123 ], [ -8.263393, 40.547123 ], [ -8.263393, 40.546131 ], [ -8.264385, 40.546131 ], [ -8.264385, 40.545139 ], [ -8.265377, 40.545139 ], [ -8.265377, 40.546131 ], [ -8.266369, 40.546131 ], [ -8.266369, 40.545139 ], [ -8.267361, 40.545139 ], [ -8.267361, 40.547123 ], [ -8.271329, 40.547123 ], [ -8.271329, 40.548115 ], [ -8.267361, 40.548115 ], [ -8.267361, 40.550099 ], [ -8.270337, 40.550099 ], [ -8.270337, 40.551091 ], [ -8.273313, 40.551091 ], [ -8.273313, 40.550099 ], [ -8.275298, 40.550099 ], [ -8.275298, 40.551091 ], [ -8.27629, 40.551091 ], [ -8.27629, 40.552083 ], [ -8.277282, 40.552083 ], [ -8.277282, 40.553075 ], [ -8.278274, 40.553075 ], [ -8.278274, 40.550099 ], [ -8.279266, 40.550099 ], [ -8.279266, 40.549107 ], [ -8.283234, 40.549107 ], [ -8.283234, 40.550099 ], [ -8.282242, 40.550099 ], [ -8.282242, 40.551091 ], [ -8.280258, 40.551091 ], [ -8.280258, 40.553075 ], [ -8.279266, 40.553075 ], [ -8.279266, 40.55506 ], [ -8.278274, 40.55506 ], [ -8.278274, 40.558036 ], [ -8.27629, 40.558036 ], [ -8.27629, 40.559028 ], [ -8.273313, 40.559028 ], [ -8.273313, 40.558036 ], [ -8.272321, 40.558036 ], [ -8.272321, 40.559028 ], [ -8.270337, 40.559028 ], [ -8.270337, 40.558036 ], [ -8.271329, 40.558036 ], [ -8.271329, 40.557044 ], [ -8.272321, 40.557044 ], [ -8.272321, 40.556052 ], [ -8.271329, 40.556052 ], [ -8.271329, 40.55506 ], [ -8.27629, 40.55506 ], [ -8.27629, 40.554067 ], [ -8.275298, 40.554067 ], [ -8.275298, 40.553075 ], [ -8.273313, 40.553075 ], [ -8.273313, 40.554067 ], [ -8.272321, 40.554067 ], [ -8.272321, 40.552083 ], [ -8.266369, 40.552083 ], [ -8.266369, 40.553075 ], [ -8.265377, 40.553075 ], [ -8.265377, 40.554067 ], [ -8.261409, 40.554067 ], [ -8.261409, 40.557044 ], [ -8.260417, 40.557044 ], [ -8.260417, 40.556052 ], [ -8.259425, 40.556052 ], [ -8.259425, 40.55506 ], [ -8.258433, 40.55506 ], [ -8.258433, 40.554067 ], [ -8.260417, 40.554067 ], [ -8.260417, 40.553075 ], [ -8.259425, 40.553075 ], [ -8.259425, 40.552083 ], [ -8.261409, 40.552083 ], [ -8.261409, 40.550099 ] ] ] } },
{ "type": "Feature", "properties": { "value_per_ha": 3350, "exposure_id": 13, "area_ha": 0.9257, "ael_bau": 90.89, "ael_primary_full": 88.74, "ael_primary_partial": 90.89, "ael_secondary_full": 82.16, "ael_secondary_partial": 86.43, "ael_combined_full": 80.85, "ael_combined_partial": 90.89 }, "geometry": { "type": "Polygon", "coordinates": [ [ [ -8.258433, 40.551091 ], [ -8.259425, 40.551091 ], [ -8.259425, 40.552083 ], [ -8.258433, 40.552083 ], [ -8.258433, 40.551091 ] ] ] } },
{ "type": "Feature", "properties": { "value_per_ha": 3350, "exposure_id": 14, "area_ha": 12.0339, "ael_bau": 1009.28, "ael_primary_full": 621.76, "ael_primary_partial": 978.01, "ael_secondary_full": 991.04, "ael_secondary_partial": 1002.1, "ael_combined_full": 612.62, "ael_combined_partial": 971.69 }, "geometry": { "type": "Polygon", "coordinates": [ [ [ -8.285218, 40.552083 ], [ -8.285218, 40.553075 ], [ -8.284226, 40.553075 ], [ -8.284226, 40.554067 ], [ -8.285218, 40.554067 ], [ -8.285218, 40.55506 ], [ -8.284226, 40.55506 ], [ -8.284226, 40.557044 ], [ -8.282242, 40.557044 ], [ -8.282242, 40.553075 ], [ -8.283234, 40.553075 ], [ -8.283234, 40.552083 ], [ -8.284226, 40.552083 ], [ -8.284226, 40.551091 ], [ -8.28621, 40.551091 ], [ -8.28621, 40.552083 ], [ -8.285218, 40.552083 ] ] ] } },
{ "type": "Feature", "properties": { "value_per_ha": 3350, "exposure_id": 15, "area_ha": 0.9257, "ael_bau": 78.17, "ael_primary_full": 9.28, "ael_primary_partial": 76.96, "ael_secondary_full": 76.04, "ael_secondary_partial": 77.01, "ael_combined_full": 9.95, "ael_combined_partial": 77.23 }, "geometry": { "type": "Polygon", "coordinates": [ [ [ -8.28621, 40.554067 ], [ -8.285218, 40.554067 ], [ -8.285218, 40.553075 ], [ -8.28621, 40.553075 ], [ -8.28621, 40.554067 ] ] ] } },
{ "type": "Feature", "properties": { "value_per_ha": 3350, "exposure_id": 16, "area_ha": 3.7027, "ael_bau": 321.6, "ael_primary_full": 288.26, "ael_primary_partial": 321.36, "ael_secondary_full": 302.21, "ael_secondary_partial": 308.69, "ael_combined_full": 272.41, "ael_combined_partial": 317.36 }, "geometry": { "type": "Polygon", "coordinates": [ [ [ -8.269345, 40.556052 ], [ -8.267361, 40.556052 ], [ -8.267361, 40.554067 ], [ -8.269345, 40.554067 ], [ -8.269345, 40.556052 ] ] ] } },
{ "type": "Feature", "properties": { "value_per_ha": 3350, "exposure_id": 17, "area_ha": 0.9256, "ael_bau": 158.57, "ael_primary_full": 126.44, "ael_primary_partial": 158.35, "ael_secondary_full": 156.26, "ael_secondary_partial": 158.42, "ael_combined_full": 126.88, "ael_combined_partial": 158.57 }, "geometry": { "type": "Polygon", "coordinates": [ [ [ -8.28621, 40.558036 ], [ -8.285218, 40.558036 ], [ -8.285218, 40.557044 ], [ -8.28621, 40.557044 ], [ -8.28621, 40.558036 ] ] ] } },
{ "type": "Feature", "properties": { "value_per_ha": 3350, "exposure_id": 18, "area_ha": 2.7769, "ael_bau": 151.9, "ael_primary_full": 128.76, "ael_primary_partial": 151.9, "ael_secondary_full": 150.14, "ael_secondary_partial": 151.9, "ael_combined_full": 128.74, "ael_combined_partial": 151.9 }, "geometry": { "type": "Polygon", "coordinates": [ [ [ -8.28125, 40.559028 ], [ -8.28125, 40.558036 ], [ -8.280258, 40.558036 ], [ -8.280258, 40.557044 ], [ -8.282242, 40.557044 ], [ -8.282242, 40.559028 ], [ -8.28125, 40.559028 ] ] ] } },
{ "type": "Feature", "properties": { "value_per_ha": 3350, "exposure_id": 19, "area_ha": 1.853, "ael_bau": 272.02, "ael_primary_full": 229.1, "ael_primary_partial": 272.02, "ael_secondary_full": 158.84, "ael_secondary_partial": 243.38, "ael_combined_full": 124.39, "ael_combined_partial": 258.19 }, "geometry": { "type": "Polygon", "coordinates": [ [ [ -8.181052, 40.495536 ], [ -8.179067, 40.495536 ], [ -8.179067, 40.494544 ], [ -8.181052, 40.494544 ], [ -8.181052, 40.495536 ] ] ] } },
{ "type": "Feature", "properties": { "value_per_ha": 3350, "exposure_id": 20, "area_ha": 0.9263, "ael_bau": 0.0, "ael_primary_full": 0.0, "ael_primary_partial": 0.0, "ael_secondary_full": 0.0, "ael_secondary_partial": 0.0, "ael_combined_full": 0.0, "ael_combined_partial": 0.0 }, "geometry": { "type": "Polygon", "coordinates": [ [ [ -8.212798, 40.512401 ], [ -8.212798, 40.511409 ], [ -8.21379, 40.511409 ], [ -8.21379, 40.512401 ], [ -8.212798, 40.512401 ] ] ] } },
{ "type": "Feature", "properties": { "value_per_ha": 3350, "exposure_id": 21, "area_ha": 3.705, "ael_bau": 437.59, "ael_primary_full": 338.72, "ael_primary_partial": 437.59, "ael_secondary_full": 368.26, "ael_secondary_partial": 397.07, "ael_combined_full": 261.22, "ael_combined_partial": 405.73 }, "geometry": { "type": "Polygon", "coordinates": [ [ [ -8.187996, 40.512401 ], [ -8.187996, 40.511409 ], [ -8.190972, 40.511409 ], [ -8.190972, 40.512401 ], [ -8.18998, 40.512401 ], [ -8.18998, 40.513393 ], [ -8.188988, 40.513393 ], [ -8.188988, 40.512401 ], [ -8.187996, 40.512401 ] ] ] } },
{ "type": "Feature", "properties": { "value_per_ha": 3350, "exposure_id": 22, "area_ha": 25.0066, "ael_bau": 3583.65, "ael_primary_full": 2873.89, "ael_primary_partial": 3583.65, "ael_secondary_full": 2689.27, "ael_secondary_partial": 3099.24, "ael_combined_full": 1920.57, "ael_combined_partial": 3133.29 }, "geometry": { "type": "Polygon", "coordinates": [ [ [ -8.187996, 40.520337 ], [ -8.187996, 40.522321 ], [ -8.187004, 40.522321 ], [ -8.187004, 40.520337 ], [ -8.18502, 40.520337 ], [ -8.18502, 40.519345 ], [ -8.183036, 40.519345 ], [ -8.183036, 40.518353 ], [ -8.181052, 40.518353 ], [ -8.181052, 40.515377 ], [ -8.18502, 40.515377 ], [ -8.18502, 40.516369 ], [ -8.187004, 40.516369 ], [ -8.187004, 40.518353 ], [ -8.187996, 40.518353 ], [ -8.187996, 40.519345 ], [ -8.188988, 40.519345 ], [ -8.188988, 40.520337 ], [ -8.187996, 40.520337 ] ] ] } },
{ "type": "Feature", "properties": { "value_per_ha": 3350, "exposure_id": 23, "area_ha": 1.8522, "ael_bau": 320.01, "ael_primary_full": 215.18, "ael_primary_partial": 318.02, "ael_secondary_full": 277.08, "ael_secondary_partial": 294.72, "ael_combined_full": 185.96, "ael_combined_partial": 303.15 }, "geometry": { "type": "Polygon", "coordinates": [ [ [ -8.208829, 40.524306 ], [ -8.207837, 40.524306 ], [ -8.207837, 40.522321 ], [ -8.208829, 40.522321 ], [ -8.208829, 40.524306 ] ] ] } },
{ "type": "Feature", "properties": { "value_per_ha": 3350, "exposure_id": 24, "area_ha": 7.4082, "ael_bau": 990.53, "ael_primary_full": 809.68, "ael_primary_partial": 990.53, "ael_secondary_full": 871.83, "ael_secondary_partial": 939.72, "ael_combined_full": 730.16, "ael_combined_partial": 969.76 }, "geometry": { "type": "Polygon", "coordinates": [ [ [ -8.181052, 40.529266 ], [ -8.181052, 40.530258 ], [ -8.179067, 40.530258 ], [ -8.179067, 40.528274 ], [ -8.182044, 40.528274 ], [ -8.182044, 40.52629 ], [ -8.183036, 40.52629 ], [ -8.183036, 40.529266 ], [ -8.181052, 40.529266 ] ] ] } },
{ "type": "Feature", "properties": { "value_per_ha": 3350, "exposure_id": 25, "area_ha": 70.2524, "ael_bau": 6047.11, "ael_primary_full": 5322.65, "ael_primary_partial": 5981.24, "ael_secondary_full": 5418.34, "ael_secondary_partial": 5833.77, "ael_combined_full": 4418.93, "ael_combined_partial": 5815.68 }, "geometry": { "type": "Polygon", "coordinates": [ [ [ -8.265377, 40.543155 ], [ -8.264385, 40.543155 ], [ -8.264385, 40.542163 ], [ -8.265377, 40.542163 ], [ -8.265377, 40.540179 ], [ -8.268353, 40.540179 ], [ -8.268353, 40.541171 ], [ -8.269345, 40.541171 ], [ -8.269345, 40.540179 ], [ -8.270337, 40.540179 ], [ -8.270337, 40.539187 ], [ -8.269345, 40.539187 ], [ -8.269345, 40.538194 ], [ -8.271329, 40.538194 ], [ -8.271329, 40.53621 ], [ -8.271878, 40.53621 ], [ -8.272168, 40.536413 ], [ -8.272517, 40.536622 ], [ -8.272739, 40.536791 ], [ -8.272991, 40.536933 ], [ -8.273132, 40.536992 ], [ -8.273313, 40.536999 ], [ -8.273313, 40.537202 ], [ -8.27629, 40.537202 ], [ -8.27629, 40.536253 ], [ -8.276976, 40.536097 ], [ -8.277617, 40.535986 ], [ -8.278474, 40.535988 ], [ -8.278828, 40.536136 ], [ -8.279078, 40.536316 ], [ -8.279333, 40.536566 ], [ -8.279576, 40.536837 ], [ -8.279937, 40.537104 ], [ -8.280471, 40.537383 ], [ -8.281627, 40.537905 ], [ -8.281725, 40.537976 ], [ -8.283234, 40.538284 ], [ -8.283234, 40.540179 ], [ -8.282242, 40.540179 ], [ -8.282242, 40.539187 ], [ -8.28125, 40.539187 ], [ -8.28125, 40.540179 ], [ -8.279266, 40.540179 ], [ -8.279266, 40.539187 ], [ -8.277282, 40.539187 ], [ -8.277282, 40.538194 ], [ -8.275298, 40.538194 ], [ -8.275298, 40.545139 ], [ -8.27629, 40.545139 ], [ -8.27629, 40.546131 ], [ -8.275298, 40.546131 ], [ -8.275298, 40.547123 ], [ -8.271329, 40.547123 ], [ -8.271329, 40.544147 ], [ -8.272321, 40.544147 ], [ -8.272321, 40.543155 ], [ -8.273313, 40.543155 ], [ -8.273313, 40.541171 ], [ -8.270337, 40.541171 ], [ -8.270337, 40.542163 ], [ -8.269345, 40.542163 ], [ -8.269345, 40.543155 ], [ -8.266369, 40.543155 ], [ -8.266369, 40.545139 ], [ -8.265377, 40.545139 ], [ -8.265377, 40.543155 ] ] ] } },
{ "type": "Feature", "properties": { "value_per_ha": 3350, "exposure_id": 26, "area_ha": 6.4822, "ael_bau": 1053.45, "ael_primary_full": 700.64, "ael_primary_partial": 1046.5, "ael_secondary_full": 917.26, "ael_secondary_partial": 973.18, "ael_combined_full": 591.47, "ael_combined_partial": 977.83 }, "geometry": { "type": "Polygon", "coordinates": [ [ [ -8.200893, 40.527282 ], [ -8.200893, 40.528274 ], [ -8.201885, 40.528274 ], [ -8.201885, 40.529266 ], [ -8.197917, 40.529266 ], [ -8.197917, 40.527282 ], [ -8.200893, 40.527282 ] ] ] } },
{ "type": "Feature", "properties": { "value_per_ha": 3350, "exposure_id": 27, "area_ha": 6.4796, "ael_bau": 1010.55, "ael_primary_full": 597.98, "ael_primary_partial": 1010.55, "ael_secondary_full": 892.13, "ael_secondary_partial": 958.24, "ael_combined_full": 488.85, "ael_combined_partial": 944.02 }, "geometry": { "type": "Polygon", "coordinates": [ [ [ -8.181052, 40.554067 ], [ -8.181052, 40.55506 ], [ -8.183036, 40.55506 ], [ -8.183036, 40.557044 ], [ -8.181052, 40.557044 ], [ -8.181052, 40.556052 ], [ -8.18006, 40.556052 ], [ -8.18006, 40.55506 ], [ -8.179067, 40.55506 ], [ -8.179067, 40.554067 ], [ -8.181052, 40.554067 ] ] ] } },
{ "type": "Feature", "properties": { "value_per_ha": 3350, "exposure_id": 28, "area_ha": 0.9257, "ael_bau": 198.93, "ael_primary_full": 120.64, "ael_primary_partial": 198.93, "ael_secondary_full": 175.91, "ael_secondary_partial": 189.11, "ael_combined_full": 100.13, "ael_combined_partial": 186.35 }, "geometry": { "type": "Polygon", "coordinates": [ [ [ -8.178075, 40.556052 ], [ -8.178075, 40.55506 ], [ -8.179067, 40.55506 ], [ -8.179067, 40.556052 ], [ -8.178075, 40.556052 ] ] ] } },
{ "type": "Feature", "properties": { "value_per_ha": 3350, "exposure_id": 29, "area_ha": 0.9259, "ael_bau": 102.96, "ael_primary_full": 98.6, "ael_primary_partial": 102.96, "ael_secondary_full": 93.76, "ael_secondary_partial": 97.48, "ael_combined_full": 88.32, "ael_combined_partial": 98.36 }, "geometry": { "type": "Polygon", "coordinates": [ [ [ -8.25744, 40.540179 ], [ -8.258433, 40.540179 ], [ -8.258433, 40.541171 ], [ -8.25744, 40.541171 ], [ -8.25744, 40.540179 ] ] ] } },
{ "type": "Feature", "properties": { "value_per_ha": 3350, "exposure_id": 30, "area_ha": 1.8521, "ael_bau": 189.4, "ael_primary_full": 153.7, "ael_primary_partial": 189.4, "ael_secondary_full": 188.16, "ael_secondary_partial": 188.93, "ael_combined_full": 153.62, "ael_combined_partial": 186.73 }, "geometry": { "type": "Polygon", "coordinates": [ [ [ -8.261409, 40.527282 ], [ -8.259425, 40.527282 ], [ -8.259425, 40.52629 ], [ -8.261409, 40.52629 ], [ -8.261409, 40.527282 ] ] ] } },
{ "type": "Feature", "properties": { "value_per_ha": 3350, "exposure_id": 31, "area_ha": 2.7778, "ael_bau": 174.46, "ael_primary_full": 164.14, "ael_primary_partial": 174.46, "ael_secondary_full": 170.76, "ael_secondary_partial": 173.84, "ael_combined_full": 165.44, "ael_combined_partial": 174.46 }, "geometry": { "type": "Polygon", "coordinates": [ [ [ -8.265377, 40.537202 ], [ -8.262401, 40.537202 ], [ -8.262401, 40.53621 ], [ -8.265377, 40.53621 ], [ -8.265377, 40.537202 ] ] ] } },
{ "type": "Feature", "properties": { "value_per_ha": 3350, "exposure_id": 32, "area_ha": 2.3513, "ael_bau": 190.03, "ael_primary_full": 142.1, "ael_primary_partial": 188.9, "ael_secondary_full": 181.71, "ael_secondary_partial": 184.89, "ael_combined_full": 139.94, "ael_combined_partial": 183.66 }, "geometry": { "type": "Polygon", "coordinates": [ [ [ -8.259425, 40.525298 ], [ -8.259425, 40.524306 ], [ -8.261707, 40.524306 ], [ -8.26218, 40.525298 ], [ -8.259425, 40.525298 ] ] ] } },
{ "type": "Feature", "properties": { "value_per_ha": 3350, "exposure_id": 33, "area_ha": 31.3257, "ael_bau": 2248.64, "ael_primary_full": 2062.48, "ael_primary_partial": 2246.04, "ael_secondary_full": 2191.82, "ael_secondary_partial": 2235.95, "ael_combined_full": 2071.46, "ael_combined_partial": 2245.47 }, "geometry": { "type": "MultiPolygon", "coordinates": [ [ [ [ -8.297123, 40.575893 ], [ -8.297123, 40.575681 ], [ -8.297342, 40.575893 ], [ -8.297123, 40.575893 ] ] ], [ [ [ -8.296131, 40.574901 ], [ -8.296131, 40.574684 ], [ -8.296343, 40.574901 ], [ -8.296131, 40.574901 ] ] ], [ [ [ -8.293155, 40.573909 ], [ -8.293155, 40.576885 ], [ -8.291171, 40.576885 ], [ -8.291171, 40.570933 ], [ -8.290179, 40.570933 ], [ -8.290179, 40.569412 ], [ -8.291082, 40.570317 ], [ -8.293323, 40.571668 ], [ -8.293719, 40.571962 ], [ -8.294149, 40.57252 ], [ -8.294957, 40.573473 ], [ -8.295379, 40.573909 ], [ -8.293155, 40.573909 ] ] ], [ [ [ -8.287202, 40.568948 ], [ -8.287202, 40.567956 ], [ -8.28621, 40.567956 ], [ -8.28621, 40.566964 ], [ -8.285218, 40.566964 ], [ -8.285218, 40.565972 ], [ -8.287202, 40.565972 ], [ -8.287202, 40.562996 ], [ -8.288194, 40.562996 ], [ -8.288194, 40.562004 ], [ -8.28621, 40.562004 ], [ -8.28621, 40.559028 ], [ -8.288924, 40.559028 ], [ -8.289037, 40.559271 ], [ -8.289107, 40.559485 ], [ -8.289104, 40.559686 ], [ -8.288994, 40.559943 ], [ -8.288975, 40.560028 ], [ -8.288979, 40.560117 ], [ -8.288895, 40.560242 ], [ -8.288722, 40.560402 ], [ -8.288623, 40.560443 ], [ -8.288471, 40.560455 ], [ -8.288229, 40.560784 ], [ -8.288245, 40.561436 ], [ -8.288416, 40.562832 ], [ -8.288301, 40.563601 ], [ -8.288116, 40.564598 ], [ -8.288011, 40.565349 ], [ -8.288943, 40.568128 ], [ -8.28919, 40.568785 ], [ -8.289385, 40.568948 ], [ -8.287202, 40.568948 ] ] ] ] } },
{ "type": "Feature", "properties": { "value_per_ha": 3350, "exposure_id": 34, "area_ha": 7.0433, "ael_bau": 572.96, "ael_primary_full": 530.12, "ael_primary_partial": 572.96, "ael_secondary_full": 561.89, "ael_secondary_partial": 572.96, "ael_combined_full": 553.53, "ael_combined_partial": 572.96 }, "geometry": { "type": "Polygon", "coordinates": [ [ [ -8.307044, 40.59375 ], [ -8.30506, 40.59375 ], [ -8.30506, 40.592758 ], [ -8.303075, 40.592758 ], [ -8.303075, 40.590774 ], [ -8.305362, 40.590774 ], [ -8.307044, 40.593567 ], [ -8.307044, 40.59375 ] ] ] } },
{ "type": "Feature", "properties": { "value_per_ha": 3350, "exposure_id": 35, "area_ha": 1.0196, "ael_bau": 72.14, "ael_primary_full": 69.6, "ael_primary_partial": 72.14, "ael_secondary_full": 70.24, "ael_secondary_partial": 72.14, "ael_combined_full": 70.9, "ael_combined_partial": 72.14 }, "geometry": { "type": "Polygon", "coordinates": [ [ [ -8.299107, 40.579861 ], [ -8.299107, 40.578869 ], [ -8.300019, 40.578869 ], [ -8.300114, 40.579079 ], [ -8.300358, 40.579861 ], [ -8.299107, 40.579861 ] ] ] } },
{ "type": "Feature", "properties": { "value_per_ha": 3350, "exposure_id": 36, "area_ha": 3.7011, "ael_bau": 167.15, "ael_primary_full": 157.18, "ael_primary_partial": 167.15, "ael_secondary_full": 163.67, "ael_secondary_partial": 167.15, "ael_combined_full": 162.33, "ael_combined_partial": 167.15 }, "geometry": { "type": "Polygon", "coordinates": [ [ [ -8.294147, 40.582837 ], [ -8.294147, 40.583829 ], [ -8.296131, 40.583829 ], [ -8.296131, 40.584821 ], [ -8.293155, 40.584821 ], [ -8.293155, 40.582837 ], [ -8.294147, 40.582837 ] ] ] } },
{ "type": "Feature", "properties": { "value_per_ha": 3350, "exposure_id": 37, "area_ha": 7.4029, "ael_bau": 590.76, "ael_primary_full": 566.66, "ael_primary_partial": 590.76, "ael_secondary_full": 576.07, "ael_secondary_partial": 588.26, "ael_combined_full": 579.03, "ael_combined_partial": 590.76 }, "geometry": { "type": "Polygon", "coordinates": [ [ [ -8.296131, 40.577877 ], [ -8.298115, 40.577877 ], [ -8.298115, 40.578869 ], [ -8.293155, 40.578869 ], [ -8.293155, 40.576885 ], [ -8.296131, 40.576885 ], [ -8.296131, 40.577877 ] ] ] } },
{ "type": "Feature", "properties": { "value_per_ha": 3350, "exposure_id": 38, "area_ha": 0.9253, "ael_bau": 74.04, "ael_primary_full": 70.18, "ael_primary_partial": 74.04, "ael_secondary_full": 69.27, "ael_secondary_partial": 71.81, "ael_combined_full": 69.66, "ael_combined_partial": 74.04 }, "geometry": { "type": "Polygon", "coordinates": [ [ [ -8.292163, 40.579861 ], [ -8.291171, 40.579861 ], [ -8.291171, 40.578869 ], [ -8.292163, 40.578869 ], [ -8.292163, 40.579861 ] ] ] } },
{ "type": "Feature", "properties": { "value_per_ha": 3350, "exposure_id": 39, "area_ha": 0.8991, "ael_bau": 86.75, "ael_primary_full": 84.1, "ael_primary_partial": 86.75, "ael_secondary_full": 84.09, "ael_secondary_partial": 86.75, "ael_combined_full": 86.45, "ael_combined_partial": 86.75 }, "geometry": { "type": "Polygon", "coordinates": [ [ [ -8.300099, 40.583829 ], [ -8.300099, 40.582837 ], [ -8.30088, 40.582837 ], [ -8.301246, 40.583829 ], [ -8.300099, 40.583829 ] ] ] } },
{ "type": "Feature", "properties": { "value_per_ha": 3350, "exposure_id": 40, "area_ha": 1.8512, "ael_bau": 151.9, "ael_primary_full": 131.08, "ael_primary_partial": 151.9, "ael_secondary_full": 149.17, "ael_secondary_partial": 151.02, "ael_combined_full": 130.61, "ael_combined_partial": 151.9 }, "geometry": { "type": "Polygon", "coordinates": [ [ [ -8.285218, 40.561012 ], [ -8.283234, 40.561012 ], [ -8.283234, 40.56002 ], [ -8.285218, 40.56002 ], [ -8.285218, 40.561012 ] ] ] } },
{ "type": "Feature", "properties": { "value_per_ha": 3350, "exposure_id": 41, "area_ha": 1.8512, "ael_bau": 75.63, "ael_primary_full": 63.8, "ael_primary_partial": 75.63, "ael_secondary_full": 73.46, "ael_secondary_partial": 75.63, "ael_combined_full": 61.57, "ael_combined_partial": 75.31 }, "geometry": { "type": "Polygon", "coordinates": [ [ [ -8.282242, 40.561012 ], [ -8.280258, 40.561012 ], [ -8.280258, 40.56002 ], [ -8.282242, 40.56002 ], [ -8.282242, 40.561012 ] ] ] } },
{ "type": "Feature", "properties": { "value_per_ha": 3350, "exposure_id": 42, "area_ha": 0.9256, "ael_bau": 85.8, "ael_primary_full": 80.62, "ael_primary_partial": 85.8, "ael_secondary_full": 77.65, "ael_secondary_partial": 81.23, "ael_combined_full": 73.39, "ael_combined_partial": 83.38 }, "geometry": { "type": "Polygon", "coordinates": [ [ [ -8.255456, 40.562004 ], [ -8.254464, 40.562004 ], [ -8.254464, 40.561012 ], [ -8.255456, 40.561012 ], [ -8.255456, 40.562004 ] ] ] } },
{ "type": "Feature", "properties": { "value_per_ha": 3350, "exposure_id": 43, "area_ha": 3.7023, "ael_bau": 224.67, "ael_primary_full": 197.2, "ael_primary_partial": 224.67, "ael_secondary_full": 219.73, "ael_secondary_partial": 223.8, "ael_combined_full": 195.91, "ael_combined_partial": 221.31 }, "geometry": { "type": "Polygon", "coordinates": [ [ [ -8.284226, 40.562996 ], [ -8.280258, 40.562996 ], [ -8.280258, 40.562004 ], [ -8.284226, 40.562004 ], [ -8.284226, 40.562996 ] ] ] } },
{ "type": "Feature", "properties": { "value_per_ha": 3350, "exposure_id": 44, "area_ha": 3.7022, "ael_bau": 303.48, "ael_primary_full": 276.08, "ael_primary_partial": 303.48, "ael_secondary_full": 294.48, "ael_secondary_partial": 301.78, "ael_combined_full": 274.9, "ael_combined_partial": 302.96 }, "geometry": { "type": "Polygon", "coordinates": [ [ [ -8.279266, 40.563988 ], [ -8.278274, 40.563988 ], [ -8.278274, 40.56498 ], [ -8.277282, 40.56498 ], [ -8.277282, 40.562996 ], [ -8.278274, 40.562996 ], [ -8.278274, 40.562004 ], [ -8.279266, 40.562004 ], [ -8.279266, 40.563988 ] ] ] } },
{ "type": "Feature", "properties": { "value_per_ha": 3350, "exposure_id": 45, "area_ha": 0.9255, "ael_bau": 75.31, "ael_primary_full": 73.66, "ael_primary_partial": 75.31, "ael_secondary_full": 72.49, "ael_secondary_partial": 74.74, "ael_combined_full": 72.15, "ael_combined_partial": 75.31 }, "geometry": { "type": "Polygon", "coordinates": [ [ [ -8.28125, 40.568948 ], [ -8.280258, 40.568948 ], [ -8.280258, 40.567956 ], [ -8.28125, 40.567956 ], [ -8.28125, 40.568948 ] ] ] } },
{ "type": "Feature", "properties": { "value_per_ha": 3350, "exposure_id": 46, "area_ha": 8.3291, "ael_bau": 572.65, "ael_primary_full": 538.24, "ael_primary_partial": 572.65, "ael_secondary_full": 549.97, "ael_secondary_partial": 566.01, "ael_combined_full": 540.47, "ael_combined_partial": 572.65 }, "geometry": { "type": "Polygon", "coordinates": [ [ [ -8.283234, 40.56994 ], [ -8.285218, 40.56994 ], [ -8.285218, 40.568948 ], [ -8.28621, 40.568948 ], [ -8.28621, 40.570933 ], [ -8.285218, 40.570933 ], [ -8.285218, 40.572917 ], [ -8.284226, 40.572917 ], [ -8.284226, 40.571925 ], [ -8.28125, 40.571925 ], [ -8.28125, 40.570933 ], [ -8.283234, 40.570933 ], [ -8.283234, 40.56994 ] ] ] } },
{ "type": "Feature", "properties": { "value_per_ha": 3350, "exposure_id": 47, "area_ha": 1.8509, "ael_bau": 150.63, "ael_primary_full": 150.13, "ael_primary_partial": 150.63, "ael_secondary_full": 141.44, "ael_secondary_partial": 145.57, "ael_combined_full": 143.67, "ael_combined_partial": 150.63 }, "geometry": { "type": "Polygon", "coordinates": [ [ [ -8.279266, 40.56994 ], [ -8.28125, 40.56994 ], [ -8.28125, 40.570933 ], [ -8.279266, 40.570933 ], [ -8.279266, 40.56994 ] ] ] } },
{ "type": "Feature", "properties": { "value_per_ha": 3350, "exposure_id": 48, "area_ha": 0.9255, "ael_bau": 97.24, "ael_primary_full": 97.24, "ael_primary_partial": 97.24, "ael_secondary_full": 87.63, "ael_secondary_partial": 92.61, "ael_combined_full": 93.91, "ael_combined_partial": 97.21 }, "geometry": { "type": "Polygon", "coordinates": [ [ [ -8.266369, 40.570933 ], [ -8.265377, 40.570933 ], [ -8.265377, 40.56994 ], [ -8.266369, 40.56994 ], [ -8.266369, 40.570933 ] ] ] } },
{ "type": "Feature", "properties": { "value_per_ha": 3350, "exposure_id": 49, "area_ha": 1.8508, "ael_bau": 73.09, "ael_primary_full": 71.34, "ael_primary_partial": 73.09, "ael_secondary_full": 67.34, "ael_secondary_partial": 69.21, "ael_combined_full": 68.41, "ael_combined_partial": 73.09 }, "geometry": { "type": "Polygon", "coordinates": [ [ [ -8.28125, 40.572917 ], [ -8.283234, 40.572917 ], [ -8.283234, 40.573909 ], [ -8.28125, 40.573909 ], [ -8.28125, 40.572917 ] ] ] } },
{ "type": "Feature", "properties": { "value_per_ha": 3350, "exposure_id": 50, "area_ha": 0.9254, "ael_bau": 72.77, "ael_primary_full": 70.76, "ael_primary_partial": 72.77, "ael_secondary_full": 66.37, "ael_secondary_partial": 68.56, "ael_combined_full": 67.17, "ael_combined_partial": 72.77 }, "geometry": { "type": "Polygon", "coordinates": [ [ [ -8.284226, 40.574901 ], [ -8.283234, 40.574901 ], [ -8.283234, 40.573909 ], [ -8.284226, 40.573909 ], [ -8.284226, 40.574901 ] ] ] } },
{ "type": "Feature", "properties": { "value_per_ha": 3350, "exposure_id": 51, "area_ha": 0.9254, "ael_bau": 73.09, "ael_primary_full": 72.5, "ael_primary_partial": 73.09, "ael_secondary_full": 66.37, "ael_secondary_partial": 68.56, "ael_combined_full": 68.41, "ael_combined_partial": 73.09 }, "geometry": { "type": "Polygon", "coordinates": [ [ [ -8.284226, 40.576885 ], [ -8.283234, 40.576885 ], [ -8.283234, 40.575893 ], [ -8.284226, 40.575893 ], [ -8.284226, 40.576885 ] ] ] } },
{ "type": "Feature", "properties": { "value_per_ha": 3350, "exposure_id": 52, "area_ha": 0.9253, "ael_bau": 73.09, "ael_primary_full": 71.92, "ael_primary_partial": 73.09, "ael_secondary_full": 66.37, "ael_secondary_partial": 69.86, "ael_combined_full": 70.9, "ael_combined_partial": 73.09 }, "geometry": { "type": "Polygon", "coordinates": [ [ [ -8.280258, 40.579861 ], [ -8.279266, 40.579861 ], [ -8.279266, 40.578869 ], [ -8.280258, 40.578869 ], [ -8.280258, 40.579861 ] ] ] } },
{ "type": "Feature", "properties": { "value_per_ha": 3350, "exposure_id": 53, "area_ha": 0.9253, "ael_bau": 75.31, "ael_primary_full": 73.66, "ael_primary_partial": 75.31, "ael_secondary_full": 69.27, "ael_secondary_partial": 72.14, "ael_combined_full": 72.15, "ael_combined_partial": 75.31 }, "geometry": { "type": "Polygon", "coordinates": [ [ [ -8.278274, 40.580853 ], [ -8.278274, 40.579861 ], [ -8.279266, 40.579861 ], [ -8.279266, 40.580853 ], [ -8.278274, 40.580853 ] ] ] } },
{ "type": "Feature", "properties": { "value_per_ha": 3350, "exposure_id": 54, "area_ha": 1.8506, "ael_bau": 195.12, "ael_primary_full": 195.12, "ael_primary_partial": 195.12, "ael_secondary_full": 176.23, "ael_secondary_partial": 187.16, "ael_combined_full": 180.99, "ael_combined_partial": 192.11 }, "geometry": { "type": "Polygon", "coordinates": [ [ [ -8.271329, 40.583829 ], [ -8.269345, 40.583829 ], [ -8.269345, 40.582837 ], [ -8.271329, 40.582837 ], [ -8.271329, 40.583829 ] ] ] } },
{ "type": "Feature", "properties": { "value_per_ha": 3350, "exposure_id": 55, "area_ha": 1.8503, "ael_bau": 188.13, "ael_primary_full": 174.58, "ael_primary_partial": 188.13, "ael_secondary_full": 172.05, "ael_secondary_partial": 180.66, "ael_combined_full": 172.9, "ael_combined_partial": 188.13 }, "geometry": { "type": "Polygon", "coordinates": [ [ [ -8.271329, 40.592758 ], [ -8.269345, 40.592758 ], [ -8.269345, 40.591766 ], [ -8.271329, 40.591766 ], [ -8.271329, 40.592758 ] ] ] } },
{ "type": "Feature", "properties": { "value_per_ha": 3350, "exposure_id": 56, "area_ha": 1.8503, "ael_bau": 177.32, "ael_primary_full": 165.3, "ael_primary_partial": 177.32, "ael_secondary_full": 168.5, "ael_secondary_partial": 174.49, "ael_combined_full": 166.68, "ael_combined_partial": 177.32 }, "geometry": { "type": "Polygon", "coordinates": [ [ [ -8.284226, 40.591766 ], [ -8.284226, 40.592758 ], [ -8.282242, 40.592758 ], [ -8.282242, 40.591766 ], [ -8.284226, 40.591766 ] ] ] } },
{ "type": "Feature", "properties": { "value_per_ha": 3350, "exposure_id": 57, "area_ha": 0.9252, "ael_bau": 0.0, "ael_primary_full": 0.0, "ael_primary_partial": 0.0, "ael_secondary_full": 0.0, "ael_secondary_partial": 0.0, "ael_combined_full": 0.0, "ael_combined_partial": 0.0 }, "geometry": { "type": "Polygon", "coordinates": [ [ [ -8.25744, 40.592758 ], [ -8.256448, 40.592758 ], [ -8.256448, 40.591766 ], [ -8.25744, 40.591766 ], [ -8.25744, 40.592758 ] ] ] } },
{ "type": "Feature", "properties": { "value_per_ha": 3350, "exposure_id": 58, "area_ha": 4.6268, "ael_bau": 523.07, "ael_primary_full": 518.65, "ael_primary_partial": 523.07, "ael_secondary_full": 447.51, "ael_secondary_partial": 479.28, "ael_combined_full": 468.33, "ael_combined_partial": 514.85 }, "geometry": { "type": "Polygon", "coordinates": [ [ [ -8.278274, 40.577877 ], [ -8.277282, 40.577877 ], [ -8.277282, 40.576885 ], [ -8.278274, 40.576885 ], [ -8.278274, 40.575893 ], [ -8.280258, 40.575893 ], [ -8.280258, 40.576885 ], [ -8.279266, 40.576885 ], [ -8.279266, 40.578869 ], [ -8.278274, 40.578869 ], [ -8.278274, 40.577877 ] ] ] } },
{ "type": "Feature", "properties": { "value_per_ha": 3350, "exposure_id": 59, "area_ha": 5.5521, "ael_bau": 715.33, "ael_primary_full": 715.33, "ael_primary_partial": 715.33, "ael_secondary_full": 650.81, "ael_secondary_partial": 689.19, "ael_combined_full": 703.42, "ael_combined_partial": 712.16 }, "geometry": { "type": "Polygon", "coordinates": [ [ [ -8.266369, 40.577877 ], [ -8.264385, 40.577877 ], [ -8.264385, 40.578869 ], [ -8.262401, 40.578869 ], [ -8.262401, 40.576885 ], [ -8.266369, 40.576885 ], [ -8.266369, 40.577877 ] ] ] } },
{ "type": "Feature", "properties": { "value_per_ha": 3350, "exposure_id": 60, "area_ha": 7.4025, "ael_bau": 575.51, "ael_primary_full": 559.12, "ael_primary_partial": 575.51, "ael_secondary_full": 519.04, "ael_secondary_partial": 544.92, "ael_combined_full": 523.06, "ael_combined_partial": 564.37 }, "geometry": { "type": "Polygon", "coordinates": [ [ [ -8.273313, 40.582837 ], [ -8.273313, 40.581845 ], [ -8.275298, 40.581845 ], [ -8.275298, 40.580853 ], [ -8.278274, 40.580853 ], [ -8.278274, 40.582837 ], [ -8.273313, 40.582837 ] ] ] } },
{ "type": "Feature", "properties": { "value_per_ha": 3350, "exposure_id": 61, "area_ha": 0.9253, "ael_bau": 78.81, "ael_primary_full": 74.24, "ael_primary_partial": 78.81, "ael_secondary_full": 57.35, "ael_secondary_partial": 75.06, "ael_combined_full": 59.71, "ael_combined_partial": 78.0 }, "geometry": { "type": "Polygon", "coordinates": [ [ [ -8.28125, 40.583829 ], [ -8.280258, 40.583829 ], [ -8.280258, 40.582837 ], [ -8.28125, 40.582837 ], [ -8.28125, 40.583829 ] ] ] } },
{ "type": "Feature", "properties": { "value_per_ha": 3350, "exposure_id": 62, "area_ha": 0.9253, "ael_bau": 89.93, "ael_primary_full": 87.0, "ael_primary_partial": 89.93, "ael_secondary_full": 81.51, "ael_secondary_partial": 86.11, "ael_combined_full": 81.47, "ael_combined_partial": 85.68 }, "geometry": { "type": "Polygon", "coordinates": [ [ [ -8.272321, 40.583829 ], [ -8.272321, 40.582837 ], [ -8.273313, 40.582837 ], [ -8.273313, 40.583829 ], [ -8.272321, 40.583829 ] ] ] } },
{ "type": "Feature", "properties": { "value_per_ha": 3350, "exposure_id": 63, "area_ha": 0.9253, "ael_bau": 115.04, "ael_primary_full": 111.36, "ael_primary_partial": 115.04, "ael_secondary_full": 101.49, "ael_secondary_partial": 106.25, "ael_combined_full": 99.51, "ael_combined_partial": 106.81 }, "geometry": { "type": "Polygon", "coordinates": [ [ [ -8.237599, 40.585813 ], [ -8.236607, 40.585813 ], [ -8.236607, 40.584821 ], [ -8.237599, 40.584821 ], [ -8.237599, 40.585813 ] ] ] } },
{ "type": "Feature", "properties": { "value_per_ha": 3350, "exposure_id": 64, "area_ha": 5.5515, "ael_bau": 473.82, "ael_primary_full": 432.68, "ael_primary_partial": 473.82, "ael_secondary_full": 448.48, "ael_secondary_partial": 464.01, "ael_combined_full": 440.34, "ael_combined_partial": 473.82 }, "geometry": { "type": "Polygon", "coordinates": [ [ [ -8.290179, 40.585813 ], [ -8.287202, 40.585813 ], [ -8.287202, 40.587798 ], [ -8.28621, 40.587798 ], [ -8.28621, 40.584821 ], [ -8.290179, 40.584821 ], [ -8.290179, 40.585813 ] ] ] } },
{ "type": "Feature", "properties": { "value_per_ha": 3350, "exposure_id": 65, "area_ha": 7.4019, "ael_bau": 1202.81, "ael_primary_full": 1182.79, "ael_primary_partial": 1199.57, "ael_secondary_full": 1053.22, "ael_secondary_partial": 1093.41, "ael_combined_full": 1041.76, "ael_combined_partial": 1106.93 }, "geometry": { "type": "Polygon", "coordinates": [ [ [ -8.234623, 40.584821 ], [ -8.234623, 40.586806 ], [ -8.235615, 40.586806 ], [ -8.235615, 40.587798 ], [ -8.232639, 40.587798 ], [ -8.232639, 40.585813 ], [ -8.231647, 40.585813 ], [ -8.231647, 40.584821 ], [ -8.234623, 40.584821 ] ] ] } },
{ "type": "Feature", "properties": { "value_per_ha": 3350, "exposure_id": 66, "area_ha": 3516.9128, "ael_bau": 417483.48, "ael_primary_full": 277510.36, "ael_primary_partial": 396630.8, "ael_secondary_full": 335783.7, "ael_secondary_partial": 367128.56, "ael_combined_full": 161104.09, "ael_combined_partial": 336299.09 }, "geometry": { "type": "MultiPolygon", "coordinates": [ [ [ [ -8.249504, 40.673115 ], [ -8.249504, 40.672123 ], [ -8.25248, 40.672123 ], [ -8.25248, 40.671131 ], [ -8.253472, 40.671131 ], [ -8.253472, 40.672123 ], [ -8.254464, 40.672123 ], [ -8.254464, 40.669147 ], [ -8.258433, 40.669147 ], [ -8.258433, 40.667163 ], [ -8.261409, 40.667163 ], [ -8.261409, 40.664187 ], [ -8.260417, 40.664187 ], [ -8.260417, 40.663194 ], [ -8.259425, 40.663194 ], [ -8.259425, 40.662202 ], [ -8.258433, 40.662202 ], [ -8.258433, 40.66121 ], [ -8.259425, 40.66121 ], [ -8.259425, 40.660218 ], [ -8.25744, 40.660218 ], [ -8.25744, 40.659226 ], [ -8.255456, 40.659226 ], [ -8.255456, 40.660218 ], [ -8.254464, 40.660218 ], [ -8.254464, 40.663194 ], [ -8.253472, 40.663194 ], [ -8.253472, 40.662202 ], [ -8.248512, 40.662202 ], [ -8.248512, 40.66121 ], [ -8.246528, 40.66121 ], [ -8.246528, 40.660218 ], [ -8.245536, 40.660218 ], [ -8.245536, 40.658234 ], [ -8.244544, 40.658234 ], [ -8.244544, 40.657242 ], [ -8.238591, 40.657242 ], [ -8.238591, 40.658234 ], [ -8.235615, 40.658234 ], [ -8.235615, 40.657242 ], [ -8.236607, 40.657242 ], [ -8.236607, 40.65625 ], [ -8.238591, 40.65625 ], [ -8.238591, 40.655258 ], [ -8.239583, 40.655258 ], [ -8.239583, 40.654266 ], [ -8.240575, 40.654266 ], [ -8.240575, 40.653274 ], [ -8.24256, 40.653274 ], [ -8.24256, 40.65129 ], [ -8.244544, 40.65129 ], [ -8.244544, 40.650298 ], [ -8.241567, 40.650298 ], [ -8.241567, 40.649306 ], [ -8.240575, 40.649306 ], [ -8.240575, 40.648313 ], [ -8.235615, 40.648313 ], [ -8.235615, 40.652282 ], [ -8.238591, 40.652282 ], [ -8.238591, 40.653274 ], [ -8.236607, 40.653274 ], [ -8.236607, 40.654266 ], [ -8.235615, 40.654266 ], [ -8.235615, 40.655258 ], [ -8.234623, 40.655258 ], [ -8.234623, 40.653274 ], [ -8.232639, 40.653274 ], [ -8.232639, 40.655258 ], [ -8.230655, 40.655258 ], [ -8.230655, 40.652282 ], [ -8.234623, 40.652282 ], [ -8.234623, 40.648313 ], [ -8.233631, 40.648313 ], [ -8.233631, 40.647321 ], [ -8.234623, 40.647321 ], [ -8.234623, 40.645337 ], [ -8.233631, 40.645337 ], [ -8.233631, 40.644345 ], [ -8.229663, 40.644345 ], [ -8.229663, 40.643353 ], [ -8.232639, 40.643353 ], [ -8.232639, 40.640377 ], [ -8.226687, 40.640377 ], [ -8.226687, 40.639385 ], [ -8.22371, 40.639385 ], [ -8.22371, 40.640377 ], [ -8.225694, 40.640377 ], [ -8.225694, 40.641369 ], [ -8.226687, 40.641369 ], [ -8.226687, 40.643353 ], [ -8.22371, 40.643353 ], [ -8.22371, 40.645337 ], [ -8.220734, 40.645337 ], [ -8.220734, 40.644345 ], [ -8.219742, 40.644345 ], [ -8.219742, 40.645337 ], [ -8.217758, 40.645337 ], [ -8.217758, 40.644345 ], [ -8.216766, 40.644345 ], [ -8.216766, 40.643353 ], [ -8.214782, 40.643353 ], [ -8.214782, 40.641369 ], [ -8.210813, 40.641369 ], [ -8.210813, 40.639385 ], [ -8.209821, 40.639385 ], [ -8.209821, 40.640377 ], [ -8.208829, 40.640377 ], [ -8.208829, 40.642361 ], [ -8.206845, 40.642361 ], [ -8.206845, 40.643353 ], [ -8.203869, 40.643353 ], [ -8.203869, 40.644345 ], [ -8.201885, 40.644345 ], [ -8.201885, 40.642361 ], [ -8.200893, 40.642361 ], [ -8.200893, 40.643353 ], [ -8.198909, 40.643353 ], [ -8.198909, 40.642361 ], [ -8.197917, 40.642361 ], [ -8.197917, 40.644345 ], [ -8.19494, 40.644345 ], [ -8.19494, 40.642361 ], [ -8.192956, 40.642361 ], [ -8.192956, 40.643353 ], [ -8.190972, 40.643353 ], [ -8.190972, 40.642361 ], [ -8.191964, 40.642361 ], [ -8.191964, 40.640377 ], [ -8.190972, 40.640377 ], [ -8.190972, 40.637401 ], [ -8.18998, 40.637401 ], [ -8.18998, 40.635417 ], [ -8.190972, 40.635417 ], [ -8.190972, 40.633433 ], [ -8.193948, 40.633433 ], [ -8.193948, 40.634425 ], [ -8.19494, 40.634425 ], [ -8.19494, 40.635417 ], [ -8.195933, 40.635417 ], [ -8.195933, 40.636409 ], [ -8.19494, 40.636409 ], [ -8.19494, 40.637401 ], [ -8.196925, 40.637401 ], [ -8.196925, 40.638393 ], [ -8.198909, 40.638393 ], [ -8.198909, 40.639385 ], [ -8.200893, 40.639385 ], [ -8.200893, 40.636409 ], [ -8.201885, 40.636409 ], [ -8.201885, 40.635417 ], [ -8.202877, 40.635417 ], [ -8.202877, 40.634425 ], [ -8.203869, 40.634425 ], [ -8.203869, 40.635417 ], [ -8.204861, 40.635417 ], [ -8.204861, 40.636409 ], [ -8.207837, 40.636409 ], [ -8.207837, 40.635417 ], [ -8.208829, 40.635417 ], [ -8.208829, 40.634425 ], [ -8.206845, 40.634425 ], [ -8.206845, 40.633433 ], [ -8.202877, 40.633433 ], [ -8.202877, 40.63244 ], [ -8.203869, 40.63244 ], [ -8.203869, 40.631448 ], [ -8.206845, 40.631448 ], [ -8.206845, 40.629464 ], [ -8.202877, 40.629464 ], [ -8.202877, 40.62748 ], [ -8.201885, 40.62748 ], [ -8.201885, 40.625496 ], [ -8.200893, 40.625496 ], [ -8.200893, 40.623512 ], [ -8.201885, 40.623512 ], [ -8.201885, 40.619544 ], [ -8.199901, 40.619544 ], [ -8.199901, 40.620536 ], [ -8.198909, 40.620536 ], [ -8.198909, 40.618552 ], [ -8.195933, 40.618552 ], [ -8.195933, 40.619544 ], [ -8.196925, 40.619544 ], [ -8.196925, 40.621528 ], [ -8.197917, 40.621528 ], [ -8.197917, 40.623512 ], [ -8.196925, 40.623512 ], [ -8.196925, 40.624504 ], [ -8.195933, 40.624504 ], [ -8.195933, 40.623512 ], [ -8.19494, 40.623512 ], [ -8.19494, 40.62252 ], [ -8.18998, 40.62252 ], [ -8.18998, 40.621528 ], [ -8.190972, 40.621528 ], [ -8.190972, 40.620536 ], [ -8.187996, 40.620536 ], [ -8.187996, 40.621528 ], [ -8.188988, 40.621528 ], [ -8.188988, 40.62252 ], [ -8.187004, 40.62252 ], [ -8.187004, 40.623512 ], [ -8.184028, 40.623512 ], [ -8.184028, 40.621528 ], [ -8.18502, 40.621528 ], [ -8.18502, 40.620536 ], [ -8.187004, 40.620536 ], [ -8.187004, 40.619544 ], [ -8.187996, 40.619544 ], [ -8.187996, 40.618552 ], [ -8.192956, 40.618552 ], [ -8.192956, 40.619544 ], [ -8.193948, 40.619544 ], [ -8.193948, 40.61756 ], [ -8.192956, 40.61756 ], [ -8.192956, 40.616567 ], [ -8.198909, 40.616567 ], [ -8.198909, 40.615575 ], [ -8.196925, 40.615575 ], [ -8.196925, 40.614583 ], [ -8.199901, 40.614583 ], [ -8.199901, 40.612599 ], [ -8.198909, 40.612599 ], [ -8.198909, 40.611607 ], [ -8.193948, 40.611607 ], [ -8.193948, 40.612599 ], [ -8.192956, 40.612599 ], [ -8.192956, 40.613591 ], [ -8.190972, 40.613591 ], [ -8.190972, 40.614583 ], [ -8.18998, 40.614583 ], [ -8.18998, 40.615575 ], [ -8.187996, 40.615575 ], [ -8.187996, 40.614583 ], [ -8.188988, 40.614583 ], [ -8.188988, 40.612599 ], [ -8.187996, 40.612599 ], [ -8.187996, 40.613591 ], [ -8.18502, 40.613591 ], [ -8.18502, 40.616567 ], [ -8.184028, 40.616567 ], [ -8.184028, 40.614583 ], [ -8.183036, 40.614583 ], [ -8.183036, 40.613591 ], [ -8.182044, 40.613591 ], [ -8.182044, 40.612599 ], [ -8.181052, 40.612599 ], [ -8.181052, 40.613591 ], [ -8.18006, 40.613591 ], [ -8.18006, 40.614583 ], [ -8.177083, 40.614583 ], [ -8.177083, 40.613591 ], [ -8.176091, 40.613591 ], [ -8.176091, 40.611607 ], [ -8.175099, 40.611607 ], [ -8.175099, 40.610615 ], [ -8.18006, 40.610615 ], [ -8.18006, 40.609623 ], [ -8.181052, 40.609623 ], [ -8.181052, 40.610615 ], [ -8.187996, 40.610615 ], [ -8.187996, 40.609623 ], [ -8.188988, 40.609623 ], [ -8.188988, 40.607639 ], [ -8.18998, 40.607639 ], [ -8.18998, 40.606647 ], [ -8.192956, 40.606647 ], [ -8.192956, 40.608631 ], [ -8.195933, 40.608631 ], [ -8.195933, 40.607639 ], [ -8.196925, 40.607639 ], [ -8.196925, 40.609623 ], [ -8.195933, 40.609623 ], [ -8.195933, 40.610615 ], [ -8.198909, 40.610615 ], [ -8.198909, 40.609623 ], [ -8.199901, 40.609623 ], [ -8.199901, 40.610615 ], [ -8.201885, 40.610615 ], [ -8.201885, 40.612599 ], [ -8.202877, 40.612599 ], [ -8.202877, 40.611607 ], [ -8.206845, 40.611607 ], [ -8.206845, 40.612599 ], [ -8.208829, 40.612599 ], [ -8.208829, 40.611607 ], [ -8.212798, 40.611607 ], [ -8.212798, 40.612599 ], [ -8.21379, 40.612599 ], [ -8.21379, 40.611607 ], [ -8.214782, 40.611607 ], [ -8.214782, 40.612599 ], [ -8.217758, 40.612599 ], [ -8.217758, 40.613591 ], [ -8.219742, 40.613591 ], [ -8.219742, 40.611607 ], [ -8.217758, 40.611607 ], [ -8.217758, 40.610615 ], [ -8.220734, 40.610615 ], [ -8.220734, 40.611607 ], [ -8.221726, 40.611607 ], [ -8.221726, 40.613591 ], [ -8.225694, 40.613591 ], [ -8.225694, 40.618552 ], [ -8.224702, 40.618552 ], [ -8.224702, 40.619544 ], [ -8.22371, 40.619544 ], [ -8.22371, 40.62252 ], [ -8.219742, 40.62252 ], [ -8.219742, 40.623512 ], [ -8.21875, 40.623512 ], [ -8.21875, 40.624504 ], [ -8.219742, 40.624504 ], [ -8.219742, 40.625496 ], [ -8.221726, 40.625496 ], [ -8.221726, 40.626488 ], [ -8.220734, 40.626488 ], [ -8.220734, 40.631448 ], [ -8.224702, 40.631448 ], [ -8.224702, 40.630456 ], [ -8.226687, 40.630456 ], [ -8.226687, 40.63244 ], [ -8.225694, 40.63244 ], [ -8.225694, 40.635417 ], [ -8.227679, 40.635417 ], [ -8.227679, 40.636409 ], [ -8.228671, 40.636409 ], [ -8.228671, 40.637401 ], [ -8.231647, 40.637401 ], [ -8.231647, 40.638393 ], [ -8.235615, 40.638393 ], [ -8.235615, 40.637401 ], [ -8.238591, 40.637401 ], [ -8.238591, 40.639385 ], [ -8.240575, 40.639385 ], [ -8.240575, 40.641369 ], [ -8.243552, 40.641369 ], [ -8.243552, 40.639385 ], [ -8.244544, 40.639385 ], [ -8.244544, 40.640377 ], [ -8.245536, 40.640377 ], [ -8.245536, 40.642361 ], [ -8.246528, 40.642361 ], [ -8.246528, 40.640377 ], [ -8.24752, 40.640377 ], [ -8.24752, 40.639385 ], [ -8.249504, 40.639385 ], [ -8.249504, 40.638393 ], [ -8.245536, 40.638393 ], [ -8.245536, 40.637401 ], [ -8.246528, 40.637401 ], [ -8.246528, 40.636409 ], [ -8.24752, 40.636409 ], [ -8.24752, 40.637401 ], [ -8.253472, 40.637401 ], [ -8.253472, 40.636409 ], [ -8.255456, 40.636409 ], [ -8.255456, 40.635417 ], [ -8.24752, 40.635417 ], [ -8.24752, 40.634425 ], [ -8.246528, 40.634425 ], [ -8.246528, 40.63244 ], [ -8.249504, 40.63244 ], [ -8.249504, 40.631448 ], [ -8.250496, 40.631448 ], [ -8.250496, 40.630456 ], [ -8.251488, 40.630456 ], [ -8.251488, 40.629464 ], [ -8.25248, 40.629464 ], [ -8.25248, 40.628472 ], [ -8.253472, 40.628472 ], [ -8.253472, 40.626488 ], [ -8.255456, 40.626488 ], [ -8.255456, 40.625496 ], [ -8.259425, 40.625496 ], [ -8.259425, 40.624659 ], [ -8.259544, 40.624811 ], [ -8.260026, 40.625213 ], [ -8.260282, 40.625307 ], [ -8.260927, 40.625402 ], [ -8.261813, 40.62565 ], [ -8.262982, 40.626203 ], [ -8.263471, 40.626387 ], [ -8.263877, 40.626488 ], [ -8.263393, 40.626488 ], [ -8.263393, 40.628472 ], [ -8.265377, 40.628472 ], [ -8.265377, 40.629464 ], [ -8.269345, 40.629464 ], [ -8.269345, 40.631448 ], [ -8.268353, 40.631448 ], [ -8.268353, 40.63244 ], [ -8.270337, 40.63244 ], [ -8.270337, 40.631448 ], [ -8.271329, 40.631448 ], [ -8.271329, 40.630456 ], [ -8.272321, 40.630456 ], [ -8.272321, 40.629975 ], [ -8.275081, 40.631058 ], [ -8.275778, 40.631362 ], [ -8.276256, 40.631592 ], [ -8.276949, 40.631964 ], [ -8.277633, 40.6323 ], [ -8.278274, 40.632598 ], [ -8.279047, 40.632918 ], [ -8.279872, 40.633101 ], [ -8.280312, 40.632928 ], [ -8.280998, 40.632534 ], [ -8.281268, 40.63244 ], [ -8.282242, 40.63244 ], [ -8.282242, 40.632053 ], [ -8.283181, 40.631293 ], [ -8.283889, 40.630383 ], [ -8.284336, 40.630385 ], [ -8.285085, 40.630543 ], [ -8.286239, 40.63086 ], [ -8.286781, 40.631098 ], [ -8.287131, 40.631336 ], [ -8.287488, 40.631507 ], [ -8.287777, 40.63158 ], [ -8.288077, 40.631617 ], [ -8.288518, 40.631719 ], [ -8.289309, 40.632118 ], [ -8.289572, 40.632142 ], [ -8.289851, 40.63214 ], [ -8.289975, 40.63218 ], [ -8.290179, 40.632301 ], [ -8.290179, 40.63244 ], [ -8.289187, 40.63244 ], [ -8.289187, 40.635417 ], [ -8.290179, 40.635417 ], [ -8.290179, 40.636409 ], [ -8.289187, 40.636409 ], [ -8.289187, 40.637401 ], [ -8.291171, 40.637401 ], [ -8.291171, 40.638393 ], [ -8.294147, 40.638393 ], [ -8.294147, 40.637401 ], [ -8.295139, 40.637401 ], [ -8.295139, 40.638393 ], [ -8.29547, 40.638393 ], [ -8.295444, 40.638784 ], [ -8.295285, 40.64002 ], [ -8.295067, 40.642361 ], [ -8.294147, 40.642361 ], [ -8.294147, 40.643353 ], [ -8.294801, 40.643353 ], [ -8.294704, 40.643733 ], [ -8.294751, 40.644352 ], [ -8.294783, 40.645337 ], [ -8.294147, 40.645337 ], [ -8.294147, 40.646329 ], [ -8.295092, 40.646329 ], [ -8.295139, 40.646439 ], [ -8.295139, 40.647321 ], [ -8.295501, 40.647321 ], [ -8.296039, 40.648806 ], [ -8.296455, 40.649789 ], [ -8.296587, 40.650209 ], [ -8.296696, 40.650735 ], [ -8.296618, 40.651397 ], [ -8.296409, 40.651829 ], [ -8.296041, 40.652213 ], [ -8.295649, 40.652467 ], [ -8.295264, 40.652587 ], [ -8.294872, 40.652632 ], [ -8.294489, 40.652635 ], [ -8.294358, 40.652587 ], [ -8.294348, 40.653065 ], [ -8.294408, 40.653457 ], [ -8.294487, 40.653705 ], [ -8.294882, 40.654356 ], [ -8.295023, 40.654555 ], [ -8.295095, 40.654612 ], [ -8.295285, 40.654632 ], [ -8.295411, 40.654571 ], [ -8.295881, 40.654266 ], [ -8.296131, 40.654266 ], [ -8.296131, 40.65625 ], [ -8.291171, 40.65625 ], [ -8.291171, 40.657242 ], [ -8.292163, 40.657242 ], [ -8.292163, 40.658234 ], [ -8.294147, 40.658234 ], [ -8.294147, 40.657242 ], [ -8.298115, 40.657242 ], [ -8.298115, 40.659226 ], [ -8.304067, 40.659226 ], [ -8.304067, 40.66121 ], [ -8.306052, 40.66121 ], [ -8.306052, 40.663194 ], [ -8.30506, 40.663194 ], [ -8.30506, 40.664187 ], [ -8.303075, 40.664187 ], [ -8.303075, 40.665179 ], [ -8.301091, 40.665179 ], [ -8.301091, 40.666171 ], [ -8.302083, 40.666171 ], [ -8.302083, 40.668155 ], [ -8.299107, 40.668155 ], [ -8.299107, 40.667163 ], [ -8.300099, 40.667163 ], [ -8.300099, 40.663194 ], [ -8.297123, 40.663194 ], [ -8.297123, 40.664187 ], [ -8.296131, 40.664187 ], [ -8.296131, 40.662202 ], [ -8.295139, 40.662202 ], [ -8.295139, 40.660218 ], [ -8.294147, 40.660218 ], [ -8.294147, 40.659226 ], [ -8.292163, 40.659226 ], [ -8.292163, 40.660218 ], [ -8.291171, 40.660218 ], [ -8.291171, 40.66121 ], [ -8.292163, 40.66121 ], [ -8.292163, 40.667163 ], [ -8.291171, 40.667163 ], [ -8.291171, 40.668155 ], [ -8.289187, 40.668155 ], [ -8.289187, 40.669147 ], [ -8.288194, 40.669147 ], [ -8.288194, 40.670139 ], [ -8.28621, 40.670139 ], [ -8.28621, 40.671131 ], [ -8.285218, 40.671131 ], [ -8.285218, 40.672123 ], [ -8.284226, 40.672123 ], [ -8.284226, 40.671131 ], [ -8.283234, 40.671131 ], [ -8.283234, 40.670139 ], [ -8.282242, 40.670139 ], [ -8.282242, 40.664187 ], [ -8.280258, 40.664187 ], [ -8.280258, 40.666171 ], [ -8.278274, 40.666171 ], [ -8.278274, 40.667163 ], [ -8.274306, 40.667163 ], [ -8.274306, 40.666171 ], [ -8.271329, 40.666171 ], [ -8.271329, 40.664187 ], [ -8.269345, 40.664187 ], [ -8.269345, 40.665179 ], [ -8.267361, 40.665179 ], [ -8.267361, 40.666171 ], [ -8.266369, 40.666171 ], [ -8.266369, 40.667163 ], [ -8.267361, 40.667163 ], [ -8.267361, 40.668155 ], [ -8.266369, 40.668155 ], [ -8.266369, 40.669147 ], [ -8.263393, 40.669147 ], [ -8.263393, 40.670139 ], [ -8.262401, 40.670139 ], [ -8.262401, 40.671131 ], [ -8.265377, 40.671131 ], [ -8.265377, 40.672123 ], [ -8.264385, 40.672123 ], [ -8.264385, 40.673115 ], [ -8.262401, 40.673115 ], [ -8.262401, 40.674107 ], [ -8.261409, 40.674107 ], [ -8.261409, 40.675099 ], [ -8.259425, 40.675099 ], [ -8.259425, 40.677083 ], [ -8.264385, 40.677083 ], [ -8.264385, 40.679067 ], [ -8.262401, 40.679067 ], [ -8.262401, 40.678075 ], [ -8.261409, 40.678075 ], [ -8.261409, 40.679067 ], [ -8.259425, 40.679067 ], [ -8.259425, 40.681052 ], [ -8.258433, 40.681052 ], [ -8.258433, 40.68006 ], [ -8.256448, 40.68006 ], [ -8.256448, 40.682044 ], [ -8.258433, 40.682044 ], [ -8.258433, 40.683036 ], [ -8.256448, 40.683036 ], [ -8.256448, 40.684028 ], [ -8.254464, 40.684028 ], [ -8.254464, 40.68502 ], [ -8.253472, 40.68502 ], [ -8.253472, 40.686012 ], [ -8.254464, 40.686012 ], [ -8.254464, 40.687004 ], [ -8.25248, 40.687004 ], [ -8.25248, 40.687996 ], [ -8.250496, 40.687996 ], [ -8.250496, 40.688988 ], [ -8.248512, 40.688988 ], [ -8.248512, 40.687004 ], [ -8.249504, 40.687004 ], [ -8.249504, 40.68502 ], [ -8.248512, 40.68502 ], [ -8.248512, 40.682044 ], [ -8.246528, 40.682044 ], [ -8.246528, 40.681052 ], [ -8.244544, 40.681052 ], [ -8.244544, 40.682044 ], [ -8.243552, 40.682044 ], [ -8.243552, 40.683036 ], [ -8.24256, 40.683036 ], [ -8.24256, 40.681052 ], [ -8.243552, 40.681052 ], [ -8.243552, 40.679067 ], [ -8.245536, 40.679067 ], [ -8.245536, 40.678075 ], [ -8.246528, 40.678075 ], [ -8.246528, 40.676091 ], [ -8.24752, 40.676091 ], [ -8.24752, 40.674107 ], [ -8.246528, 40.674107 ], [ -8.246528, 40.673115 ], [ -8.249504, 40.673115 ] ], [ [ -8.200893, 40.641369 ], [ -8.207837, 40.641369 ], [ -8.207837, 40.639385 ], [ -8.206845, 40.639385 ], [ -8.206845, 40.640377 ], [ -8.202877, 40.640377 ], [ -8.202877, 40.639385 ], [ -8.200893, 40.639385 ], [ -8.200893, 40.641369 ] ], [ [ -8.208829, 40.639385 ], [ -8.208829, 40.637401 ], [ -8.207837, 40.637401 ], [ -8.207837, 40.639385 ], [ -8.208829, 40.639385 ] ], [ [ -8.226687, 40.636409 ], [ -8.226687, 40.637401 ], [ -8.227679, 40.637401 ], [ -8.227679, 40.636409 ], [ -8.226687, 40.636409 ] ], [ [ -8.294147, 40.641369 ], [ -8.293155, 40.641369 ], [ -8.293155, 40.640377 ], [ -8.291171, 40.640377 ], [ -8.291171, 40.641369 ], [ -8.289187, 40.641369 ], [ -8.289187, 40.642361 ], [ -8.288194, 40.642361 ], [ -8.288194, 40.643353 ], [ -8.287202, 40.643353 ], [ -8.287202, 40.641369 ], [ -8.285218, 40.641369 ], [ -8.285218, 40.643353 ], [ -8.284226, 40.643353 ], [ -8.284226, 40.644345 ], [ -8.282242, 40.644345 ], [ -8.282242, 40.646329 ], [ -8.28125, 40.646329 ], [ -8.28125, 40.645337 ], [ -8.279266, 40.645337 ], [ -8.279266, 40.646329 ], [ -8.27629, 40.646329 ], [ -8.27629, 40.647321 ], [ -8.275298, 40.647321 ], [ -8.275298, 40.648313 ], [ -8.273313, 40.648313 ], [ -8.273313, 40.647321 ], [ -8.272321, 40.647321 ], [ -8.272321, 40.646329 ], [ -8.273313, 40.646329 ], [ -8.273313, 40.645337 ], [ -8.274306, 40.645337 ], [ -8.274306, 40.644345 ], [ -8.272321, 40.644345 ], [ -8.272321, 40.645337 ], [ -8.271329, 40.645337 ], [ -8.271329, 40.649306 ], [ -8.27629, 40.649306 ], [ -8.27629, 40.648313 ], [ -8.279266, 40.648313 ], [ -8.279266, 40.649306 ], [ -8.278274, 40.649306 ], [ -8.278274, 40.652282 ], [ -8.27629, 40.652282 ], [ -8.27629, 40.65129 ], [ -8.275298, 40.65129 ], [ -8.275298, 40.652282 ], [ -8.273313, 40.652282 ], [ -8.273313, 40.65129 ], [ -8.271329, 40.65129 ], [ -8.271329, 40.653274 ], [ -8.272321, 40.653274 ], [ -8.272321, 40.65625 ], [ -8.275298, 40.65625 ], [ -8.275298, 40.657242 ], [ -8.27629, 40.657242 ], [ -8.27629, 40.655258 ], [ -8.278274, 40.655258 ], [ -8.278274, 40.65625 ], [ -8.28125, 40.65625 ], [ -8.28125, 40.655258 ], [ -8.282242, 40.655258 ], [ -8.282242, 40.65625 ], [ -8.285218, 40.65625 ], [ -8.285218, 40.655258 ], [ -8.287202, 40.655258 ], [ -8.287202, 40.653274 ], [ -8.288194, 40.653274 ], [ -8.288194, 40.648313 ], [ -8.285218, 40.648313 ], [ -8.285218, 40.646329 ], [ -8.290179, 40.646329 ], [ -8.290179, 40.645337 ], [ -8.293155, 40.645337 ], [ -8.293155, 40.642361 ], [ -8.294147, 40.642361 ], [ -8.294147, 40.641369 ] ], [ [ -8.27629, 40.645337 ], [ -8.275298, 40.645337 ], [ -8.275298, 40.646329 ], [ -8.27629, 40.646329 ], [ -8.27629, 40.645337 ] ], [ [ -8.272321, 40.643353 ], [ -8.274306, 40.643353 ], [ -8.274306, 40.642361 ], [ -8.272321, 40.642361 ], [ -8.272321, 40.639385 ], [ -8.270337, 40.639385 ], [ -8.270337, 40.640377 ], [ -8.268353, 40.640377 ], [ -8.268353, 40.641369 ], [ -8.269345, 40.641369 ], [ -8.269345, 40.642361 ], [ -8.268353, 40.642361 ], [ -8.268353, 40.643353 ], [ -8.264385, 40.643353 ], [ -8.264385, 40.640377 ], [ -8.263393, 40.640377 ], [ -8.263393, 40.639385 ], [ -8.264385, 40.639385 ], [ -8.264385, 40.637401 ], [ -8.262401, 40.637401 ], [ -8.262401, 40.636409 ], [ -8.260417, 40.636409 ], [ -8.260417, 40.635417 ], [ -8.258433, 40.635417 ], [ -8.258433, 40.636409 ], [ -8.259425, 40.636409 ], [ -8.259425, 40.640377 ], [ -8.258433, 40.640377 ], [ -8.258433, 40.641369 ], [ -8.256448, 40.641369 ], [ -8.256448, 40.643353 ], [ -8.25744, 40.643353 ], [ -8.25744, 40.644345 ], [ -8.256448, 40.644345 ], [ -8.256448, 40.645337 ], [ -8.253472, 40.645337 ], [ -8.253472, 40.644345 ], [ -8.25248, 40.644345 ], [ -8.25248, 40.645337 ], [ -8.251488, 40.645337 ], [ -8.251488, 40.644345 ], [ -8.250496, 40.644345 ], [ -8.250496, 40.645337 ], [ -8.248512, 40.645337 ], [ -8.248512, 40.648313 ], [ -8.250496, 40.648313 ], [ -8.250496, 40.647321 ], [ -8.253472, 40.647321 ], [ -8.253472, 40.646329 ], [ -8.254464, 40.646329 ], [ -8.254464, 40.648313 ], [ -8.256448, 40.648313 ], [ -8.256448, 40.649306 ], [ -8.25744, 40.649306 ], [ -8.25744, 40.650298 ], [ -8.258433, 40.650298 ], [ -8.258433, 40.649306 ], [ -8.259425, 40.649306 ], [ -8.259425, 40.648313 ], [ -8.260417, 40.648313 ], [ -8.260417, 40.649306 ], [ -8.263393, 40.649306 ], [ -8.263393, 40.650298 ], [ -8.262401, 40.650298 ], [ -8.262401, 40.65129 ], [ -8.265377, 40.65129 ], [ -8.265377, 40.647321 ], [ -8.266369, 40.647321 ], [ -8.266369, 40.645337 ], [ -8.267361, 40.645337 ], [ -8.267361, 40.646329 ], [ -8.270337, 40.646329 ], [ -8.270337, 40.644345 ], [ -8.272321, 40.644345 ], [ -8.272321, 40.643353 ] ], [ [ -8.274306, 40.639385 ], [ -8.274306, 40.640377 ], [ -8.275298, 40.640377 ], [ -8.275298, 40.641369 ], [ -8.27629, 40.641369 ], [ -8.27629, 40.638393 ], [ -8.272321, 40.638393 ], [ -8.272321, 40.639385 ], [ -8.274306, 40.639385 ] ], [ [ -8.270337, 40.638393 ], [ -8.268353, 40.638393 ], [ -8.268353, 40.639385 ], [ -8.270337, 40.639385 ], [ -8.270337, 40.638393 ] ], [ [ -8.248512, 40.644345 ], [ -8.24752, 40.644345 ], [ -8.24752, 40.645337 ], [ -8.248512, 40.645337 ], [ -8.248512, 40.644345 ] ], [ [ -8.250496, 40.649306 ], [ -8.248512, 40.649306 ], [ -8.248512, 40.65129 ], [ -8.24752, 40.65129 ], [ -8.24752, 40.652282 ], [ -8.248512, 40.652282 ], [ -8.248512, 40.653274 ], [ -8.250496, 40.653274 ], [ -8.250496, 40.65129 ], [ -8.251488, 40.65129 ], [ -8.251488, 40.649306 ], [ -8.25248, 40.649306 ], [ -8.25248, 40.650298 ], [ -8.253472, 40.650298 ], [ -8.253472, 40.648313 ], [ -8.250496, 40.648313 ], [ -8.250496, 40.649306 ] ], [ [ -8.277282, 40.65129 ], [ -8.277282, 40.650298 ], [ -8.27629, 40.650298 ], [ -8.27629, 40.65129 ], [ -8.277282, 40.65129 ] ], [ [ -8.290179, 40.647321 ], [ -8.293155, 40.647321 ], [ -8.293155, 40.646329 ], [ -8.290179, 40.646329 ], [ -8.290179, 40.647321 ] ], [ [ -8.289187, 40.657242 ], [ -8.289187, 40.658234 ], [ -8.291171, 40.658234 ], [ -8.291171, 40.657242 ], [ -8.289187, 40.657242 ] ], [ [ -8.253472, 40.675099 ], [ -8.253472, 40.673115 ], [ -8.25248, 40.673115 ], [ -8.25248, 40.675099 ], [ -8.253472, 40.675099 ] ], [ [ -8.256448, 40.679067 ], [ -8.256448, 40.677083 ], [ -8.255456, 40.677083 ], [ -8.255456, 40.679067 ], [ -8.256448, 40.679067 ] ], [ [ -8.280258, 40.66121 ], [ -8.280258, 40.660218 ], [ -8.283234, 40.660218 ], [ -8.283234, 40.66121 ], [ -8.284226, 40.66121 ], [ -8.284226, 40.659226 ], [ -8.283234, 40.659226 ], [ -8.283234, 40.658234 ], [ -8.28125, 40.658234 ], [ -8.28125, 40.659226 ], [ -8.278274, 40.659226 ], [ -8.278274, 40.66121 ], [ -8.279266, 40.66121 ], [ -8.279266, 40.662202 ], [ -8.282242, 40.662202 ], [ -8.282242, 40.66121 ], [ -8.280258, 40.66121 ] ], [ [ -8.269345, 40.660218 ], [ -8.269345, 40.657242 ], [ -8.267361, 40.657242 ], [ -8.267361, 40.659226 ], [ -8.265377, 40.659226 ], [ -8.265377, 40.66121 ], [ -8.270337, 40.66121 ], [ -8.270337, 40.660218 ], [ -8.269345, 40.660218 ] ], [ [ -8.263393, 40.659226 ], [ -8.263393, 40.660218 ], [ -8.264385, 40.660218 ], [ -8.264385, 40.658234 ], [ -8.263393, 40.658234 ], [ -8.263393, 40.657242 ], [ -8.261409, 40.657242 ], [ -8.261409, 40.658234 ], [ -8.260417, 40.658234 ], [ -8.260417, 40.660218 ], [ -8.261409, 40.660218 ], [ -8.261409, 40.659226 ], [ -8.263393, 40.659226 ] ], [ [ -8.303075, 40.66121 ], [ -8.303075, 40.660218 ], [ -8.301091, 40.660218 ], [ -8.301091, 40.66121 ], [ -8.303075, 40.66121 ] ], [ [ -8.266369, 40.654266 ], [ -8.266369, 40.655258 ], [ -8.269345, 40.655258 ], [ -8.269345, 40.654266 ], [ -8.266369, 40.654266 ] ], [ [ -8.245536, 40.646329 ], [ -8.245536, 40.645337 ], [ -8.243552, 40.645337 ], [ -8.243552, 40.646329 ], [ -8.24256, 40.646329 ], [ -8.24256, 40.647321 ], [ -8.246528, 40.647321 ], [ -8.246528, 40.646329 ], [ -8.245536, 40.646329 ] ], [ [ -8.234623, 40.642361 ], [ -8.234623, 40.641369 ], [ -8.233631, 40.641369 ], [ -8.233631, 40.643353 ], [ -8.235615, 40.643353 ], [ -8.235615, 40.642361 ], [ -8.234623, 40.642361 ] ], [ [ -8.239583, 40.642361 ], [ -8.239583, 40.641369 ], [ -8.237599, 40.641369 ], [ -8.237599, 40.642361 ], [ -8.239583, 40.642361 ] ], [ [ -8.248512, 40.643353 ], [ -8.248512, 40.642361 ], [ -8.24752, 40.642361 ], [ -8.24752, 40.643353 ], [ -8.248512, 40.643353 ] ], [ [ -8.253472, 40.639385 ], [ -8.253472, 40.641369 ], [ -8.254464, 40.641369 ], [ -8.254464, 40.639385 ], [ -8.253472, 40.639385 ] ], [ [ -8.278274, 40.636409 ], [ -8.278274, 40.635417 ], [ -8.277282, 40.635417 ], [ -8.277282, 40.636409 ], [ -8.278274, 40.636409 ] ], [ [ -8.287202, 40.634425 ], [ -8.28621, 40.634425 ], [ -8.28621, 40.635417 ], [ -8.287202, 40.635417 ], [ -8.287202, 40.634425 ] ], [ [ -8.283234, 40.635417 ], [ -8.283234, 40.637401 ], [ -8.284226, 40.637401 ], [ -8.284226, 40.640377 ], [ -8.288194, 40.640377 ], [ -8.288194, 40.637401 ], [ -8.287202, 40.637401 ], [ -8.287202, 40.636409 ], [ -8.28621, 40.636409 ], [ -8.28621, 40.635417 ], [ -8.283234, 40.635417 ] ], [ [ -8.284226, 40.631448 ], [ -8.284226, 40.63244 ], [ -8.28621, 40.63244 ], [ -8.28621, 40.631448 ], [ -8.284226, 40.631448 ] ], [ [ -8.28621, 40.633433 ], [ -8.287202, 40.633433 ], [ -8.287202, 40.63244 ], [ -8.28621, 40.63244 ], [ -8.28621, 40.633433 ] ], [ [ -8.261409, 40.628472 ], [ -8.261409, 40.629464 ], [ -8.262401, 40.629464 ], [ -8.262401, 40.628472 ], [ -8.261409, 40.628472 ] ], [ [ -8.262401, 40.630456 ], [ -8.263393, 40.630456 ], [ -8.263393, 40.629464 ], [ -8.262401, 40.629464 ], [ -8.262401, 40.630456 ] ], [ [ -8.282242, 40.639385 ], [ -8.282242, 40.642361 ], [ -8.28125, 40.642361 ], [ -8.28125, 40.643353 ], [ -8.283234, 40.643353 ], [ -8.283234, 40.639385 ], [ -8.282242, 40.639385 ] ], [ [ -8.271329, 40.634425 ], [ -8.271329, 40.635417 ], [ -8.272321, 40.635417 ], [ -8.272321, 40.634425 ], [ -8.271329, 40.634425 ] ], [ [ -8.219691, 40.63244 ], [ -8.21875, 40.63244 ], [ -8.21875, 40.631448 ], [ -8.215774, 40.631448 ], [ -8.215774, 40.630456 ], [ -8.21379, 40.630456 ], [ -8.21379, 40.63244 ], [ -8.215774, 40.63244 ], [ -8.215774, 40.633433 ], [ -8.21875, 40.633433 ], [ -8.21875, 40.634425 ], [ -8.219742, 40.634425 ], [ -8.219742, 40.63244 ], [ -8.219691, 40.63244 ] ], [ [ -8.209821, 40.631448 ], [ -8.209821, 40.63244 ], [ -8.210813, 40.63244 ], [ -8.210813, 40.631448 ], [ -8.209821, 40.631448 ] ], [ [ -8.209821, 40.629464 ], [ -8.209821, 40.628472 ], [ -8.208829, 40.628472 ], [ -8.208829, 40.62748 ], [ -8.207837, 40.62748 ], [ -8.207837, 40.630456 ], [ -8.210813, 40.630456 ], [ -8.210813, 40.629464 ], [ -8.209821, 40.629464 ] ], [ [ -8.207837, 40.623512 ], [ -8.208829, 40.623512 ], [ -8.208829, 40.62252 ], [ -8.212798, 40.62252 ], [ -8.212798, 40.623512 ], [ -8.21379, 40.623512 ], [ -8.21379, 40.62252 ], [ -8.214782, 40.62252 ], [ -8.214782, 40.619544 ], [ -8.21379, 40.619544 ], [ -8.21379, 40.618552 ], [ -8.209821, 40.618552 ], [ -8.209821, 40.619544 ], [ -8.208829, 40.619544 ], [ -8.208829, 40.61756 ], [ -8.205853, 40.61756 ], [ -8.205853, 40.618552 ], [ -8.203869, 40.618552 ], [ -8.203869, 40.621528 ], [ -8.202877, 40.621528 ], [ -8.202877, 40.62252 ], [ -8.206845, 40.62252 ], [ -8.206845, 40.623512 ], [ -8.205853, 40.623512 ], [ -8.205853, 40.624504 ], [ -8.207837, 40.624504 ], [ -8.207837, 40.623512 ] ], [ [ -8.202877, 40.624504 ], [ -8.202877, 40.625496 ], [ -8.205853, 40.625496 ], [ -8.205853, 40.624504 ], [ -8.202877, 40.624504 ] ], [ [ -8.204861, 40.615575 ], [ -8.204861, 40.616567 ], [ -8.205853, 40.616567 ], [ -8.205853, 40.615575 ], [ -8.204861, 40.615575 ] ] ], [ [ [ -8.258433, 40.624504 ], [ -8.258433, 40.62366 ], [ -8.2589, 40.624047 ], [ -8.259175, 40.624341 ], [ -8.259303, 40.624504 ], [ -8.258433, 40.624504 ] ] ], [ [ [ -8.256448, 40.623512 ], [ -8.256448, 40.62252 ], [ -8.255456, 40.62252 ], [ -8.255456, 40.621549 ], [ -8.255928, 40.621854 ], [ -8.257244, 40.622901 ], [ -8.257788, 40.62327 ], [ -8.258197, 40.623512 ], [ -8.256448, 40.623512 ] ] ], [ [ [ -8.254464, 40.621528 ], [ -8.254464, 40.620934 ], [ -8.254641, 40.62102 ], [ -8.255423, 40.621528 ], [ -8.254464, 40.621528 ] ] ], [ [ [ -8.251488, 40.620536 ], [ -8.251488, 40.619764 ], [ -8.252414, 40.620092 ], [ -8.253474, 40.620536 ], [ -8.251488, 40.620536 ] ] ], [ [ [ -8.249504, 40.619544 ], [ -8.249504, 40.618708 ], [ -8.249816, 40.61892 ], [ -8.250084, 40.619019 ], [ -8.250343, 40.61915 ], [ -8.250585, 40.61936 ], [ -8.250928, 40.619544 ], [ -8.249504, 40.619544 ] ] ], [ [ [ -8.249504, 40.621528 ], [ -8.250496, 40.621528 ], [ -8.250496, 40.62252 ], [ -8.249504, 40.62252 ], [ -8.249504, 40.623512 ], [ -8.248512, 40.623512 ], [ -8.248512, 40.624504 ], [ -8.250496, 40.624504 ], [ -8.250496, 40.625496 ], [ -8.24752, 40.625496 ], [ -8.24752, 40.62748 ], [ -8.246528, 40.62748 ], [ -8.246528, 40.628472 ], [ -8.245536, 40.628472 ], [ -8.245536, 40.629464 ], [ -8.243552, 40.629464 ], [ -8.243552, 40.630456 ], [ -8.241567, 40.630456 ], [ -8.241567, 40.629464 ], [ -8.240575, 40.629464 ], [ -8.240575, 40.631448 ], [ -8.238591, 40.631448 ], [ -8.238591, 40.63244 ], [ -8.235615, 40.63244 ], [ -8.235615, 40.634425 ], [ -8.237599, 40.634425 ], [ -8.237599, 40.635417 ], [ -8.234623, 40.635417 ], [ -8.234623, 40.630456 ], [ -8.236607, 40.630456 ], [ -8.236607, 40.628472 ], [ -8.231647, 40.628472 ], [ -8.231647, 40.629464 ], [ -8.228671, 40.629464 ], [ -8.228671, 40.62748 ], [ -8.227679, 40.62748 ], [ -8.227679, 40.626488 ], [ -8.226687, 40.626488 ], [ -8.226687, 40.624504 ], [ -8.224702, 40.624504 ], [ -8.224702, 40.623512 ], [ -8.225694, 40.623512 ], [ -8.225694, 40.62252 ], [ -8.224702, 40.62252 ], [ -8.224702, 40.621528 ], [ -8.225694, 40.621528 ], [ -8.225694, 40.620536 ], [ -8.227679, 40.620536 ], [ -8.227679, 40.621528 ], [ -8.228671, 40.621528 ], [ -8.228671, 40.62252 ], [ -8.231647, 40.62252 ], [ -8.231647, 40.621528 ], [ -8.233631, 40.621528 ], [ -8.233631, 40.62252 ], [ -8.237599, 40.62252 ], [ -8.237599, 40.623512 ], [ -8.233631, 40.623512 ], [ -8.233631, 40.625496 ], [ -8.231647, 40.625496 ], [ -8.231647, 40.626488 ], [ -8.236607, 40.626488 ], [ -8.236607, 40.62748 ], [ -8.239583, 40.62748 ], [ -8.239583, 40.626488 ], [ -8.243552, 40.626488 ], [ -8.243552, 40.625496 ], [ -8.244544, 40.625496 ], [ -8.244544, 40.624504 ], [ -8.240575, 40.624504 ], [ -8.240575, 40.623512 ], [ -8.24256, 40.623512 ], [ -8.24256, 40.62252 ], [ -8.243552, 40.62252 ], [ -8.243552, 40.621528 ], [ -8.245536, 40.621528 ], [ -8.245536, 40.619544 ], [ -8.244544, 40.619544 ], [ -8.244544, 40.618552 ], [ -8.243552, 40.618552 ], [ -8.243552, 40.61756 ], [ -8.240575, 40.61756 ], [ -8.240575, 40.618552 ], [ -8.24256, 40.618552 ], [ -8.24256, 40.621528 ], [ -8.240575, 40.621528 ], [ -8.240575, 40.620536 ], [ -8.238591, 40.620536 ], [ -8.238591, 40.621528 ], [ -8.236607, 40.621528 ], [ -8.236607, 40.619544 ], [ -8.237599, 40.619544 ], [ -8.237599, 40.618552 ], [ -8.236607, 40.618552 ], [ -8.236607, 40.615575 ], [ -8.237599, 40.615575 ], [ -8.237599, 40.614583 ], [ -8.239583, 40.614583 ], [ -8.239583, 40.613591 ], [ -8.240575, 40.613591 ], [ -8.240575, 40.612599 ], [ -8.24256, 40.612599 ], [ -8.24256, 40.613591 ], [ -8.244544, 40.613591 ], [ -8.244544, 40.614583 ], [ -8.246528, 40.614583 ], [ -8.246528, 40.615125 ], [ -8.245965, 40.615582 ], [ -8.245673, 40.615973 ], [ -8.245397, 40.616309 ], [ -8.245383, 40.616405 ], [ -8.246826, 40.617113 ], [ -8.247058, 40.617191 ], [ -8.247365, 40.617328 ], [ -8.247772, 40.617584 ], [ -8.247913, 40.617701 ], [ -8.248009, 40.61781 ], [ -8.248611, 40.61815 ], [ -8.248854, 40.618307 ], [ -8.249194, 40.618486 ], [ -8.249285, 40.618552 ], [ -8.248512, 40.618552 ], [ -8.248512, 40.619544 ], [ -8.249504, 40.619544 ], [ -8.249504, 40.621528 ] ], [ [ -8.231647, 40.624504 ], [ -8.230655, 40.624504 ], [ -8.230655, 40.625496 ], [ -8.231647, 40.625496 ], [ -8.231647, 40.624504 ] ], [ [ -8.240575, 40.616567 ], [ -8.239583, 40.616567 ], [ -8.239583, 40.61756 ], [ -8.240575, 40.61756 ], [ -8.240575, 40.616567 ] ], [ [ -8.239583, 40.615575 ], [ -8.238591, 40.615575 ], [ -8.238591, 40.616567 ], [ -8.239583, 40.616567 ], [ -8.239583, 40.615575 ] ], [ [ -8.240575, 40.614583 ], [ -8.240575, 40.615575 ], [ -8.24256, 40.615575 ], [ -8.24256, 40.616567 ], [ -8.244544, 40.616567 ], [ -8.244544, 40.614583 ], [ -8.240575, 40.614583 ] ] ], [ [ [ -8.258433, 40.609623 ], [ -8.260417, 40.609623 ], [ -8.260417, 40.606647 ], [ -8.258433, 40.606647 ], [ -8.258433, 40.605655 ], [ -8.256448, 40.605655 ], [ -8.256448, 40.606647 ], [ -8.254464, 40.606647 ], [ -8.254464, 40.607639 ], [ -8.25248, 40.607639 ], [ -8.25248, 40.608631 ], [ -8.249504, 40.608631 ], [ -8.249504, 40.609623 ], [ -8.248512, 40.609623 ], [ -8.248512, 40.608631 ], [ -8.246528, 40.608631 ], [ -8.246528, 40.610615 ], [ -8.245536, 40.610615 ], [ -8.245536, 40.611607 ], [ -8.238591, 40.611607 ], [ -8.238591, 40.610615 ], [ -8.236607, 40.610615 ], [ -8.236607, 40.611607 ], [ -8.233631, 40.611607 ], [ -8.233631, 40.612599 ], [ -8.232639, 40.612599 ], [ -8.232639, 40.611607 ], [ -8.231647, 40.611607 ], [ -8.231647, 40.610615 ], [ -8.230655, 40.610615 ], [ -8.230655, 40.609623 ], [ -8.232639, 40.609623 ], [ -8.232639, 40.608631 ], [ -8.236607, 40.608631 ], [ -8.236607, 40.607639 ], [ -8.239583, 40.607639 ], [ -8.239583, 40.608631 ], [ -8.241567, 40.608631 ], [ -8.241567, 40.609623 ], [ -8.243552, 40.609623 ], [ -8.243552, 40.608631 ], [ -8.244544, 40.608631 ], [ -8.244544, 40.606647 ], [ -8.24752, 40.606647 ], [ -8.24752, 40.605655 ], [ -8.249504, 40.605655 ], [ -8.249504, 40.602679 ], [ -8.250496, 40.602679 ], [ -8.250496, 40.601687 ], [ -8.249504, 40.601687 ], [ -8.249504, 40.599702 ], [ -8.250496, 40.599702 ], [ -8.250496, 40.59871 ], [ -8.251488, 40.59871 ], [ -8.251488, 40.595734 ], [ -8.255456, 40.595734 ], [ -8.255456, 40.594742 ], [ -8.259425, 40.594742 ], [ -8.259425, 40.59375 ], [ -8.263393, 40.59375 ], [ -8.263393, 40.592758 ], [ -8.265377, 40.592758 ], [ -8.265377, 40.59375 ], [ -8.267361, 40.59375 ], [ -8.267361, 40.596726 ], [ -8.269345, 40.596726 ], [ -8.269345, 40.595734 ], [ -8.270337, 40.595734 ], [ -8.270337, 40.594742 ], [ -8.274306, 40.594742 ], [ -8.274306, 40.59375 ], [ -8.275298, 40.59375 ], [ -8.275298, 40.592758 ], [ -8.274306, 40.592758 ], [ -8.274306, 40.590774 ], [ -8.279266, 40.590774 ], [ -8.279266, 40.591766 ], [ -8.280258, 40.591766 ], [ -8.280258, 40.592758 ], [ -8.282242, 40.592758 ], [ -8.282242, 40.59375 ], [ -8.284226, 40.59375 ], [ -8.284226, 40.596726 ], [ -8.28621, 40.596726 ], [ -8.28621, 40.594742 ], [ -8.287202, 40.594742 ], [ -8.287202, 40.59375 ], [ -8.288194, 40.59375 ], [ -8.288194, 40.591766 ], [ -8.290179, 40.591766 ], [ -8.290179, 40.590774 ], [ -8.291171, 40.590774 ], [ -8.291171, 40.591766 ], [ -8.294147, 40.591766 ], [ -8.294147, 40.590774 ], [ -8.296131, 40.590774 ], [ -8.296131, 40.58879 ], [ -8.299107, 40.58879 ], [ -8.299107, 40.587798 ], [ -8.298115, 40.587798 ], [ -8.298115, 40.586806 ], [ -8.300099, 40.586806 ], [ -8.300099, 40.585813 ], [ -8.302083, 40.585813 ], [ -8.302083, 40.585328 ], [ -8.304067, 40.588624 ], [ -8.304067, 40.58879 ], [ -8.303075, 40.58879 ], [ -8.303075, 40.590774 ], [ -8.299107, 40.590774 ], [ -8.299107, 40.592758 ], [ -8.300099, 40.592758 ], [ -8.300099, 40.595734 ], [ -8.301091, 40.595734 ], [ -8.301091, 40.594742 ], [ -8.303075, 40.594742 ], [ -8.303075, 40.596726 ], [ -8.30506, 40.596726 ], [ -8.30506, 40.597718 ], [ -8.306005, 40.597718 ], [ -8.306052, 40.597866 ], [ -8.306052, 40.599702 ], [ -8.30558, 40.599702 ], [ -8.305533, 40.599676 ], [ -8.305222, 40.599396 ], [ -8.305071, 40.599298 ], [ -8.304889, 40.599231 ], [ -8.304691, 40.59921 ], [ -8.304309, 40.599191 ], [ -8.303759, 40.599214 ], [ -8.303449, 40.599308 ], [ -8.303256, 40.599414 ], [ -8.303075, 40.599542 ], [ -8.303075, 40.59871 ], [ -8.300099, 40.59871 ], [ -8.300099, 40.601687 ], [ -8.303075, 40.601687 ], [ -8.303075, 40.601849 ], [ -8.30258, 40.601929 ], [ -8.301914, 40.601915 ], [ -8.301739, 40.601948 ], [ -8.30135, 40.602424 ], [ -8.301246, 40.602522 ], [ -8.300865, 40.602679 ], [ -8.29872, 40.602679 ], [ -8.298557, 40.602577 ], [ -8.298372, 40.602228 ], [ -8.298318, 40.601907 ], [ -8.298313, 40.601545 ], [ -8.298334, 40.600999 ], [ -8.298291, 40.600496 ], [ -8.298252, 40.600357 ], [ -8.298115, 40.60026 ], [ -8.298115, 40.599702 ], [ -8.299107, 40.599702 ], [ -8.299107, 40.59871 ], [ -8.298115, 40.59871 ], [ -8.298115, 40.597718 ], [ -8.297123, 40.597718 ], [ -8.297123, 40.59871 ], [ -8.294147, 40.59871 ], [ -8.294147, 40.599702 ], [ -8.295139, 40.599702 ], [ -8.295139, 40.600694 ], [ -8.296894, 40.600694 ], [ -8.296825, 40.600739 ], [ -8.296221, 40.601352 ], [ -8.295901, 40.601605 ], [ -8.295618, 40.601698 ], [ -8.295522, 40.601755 ], [ -8.295433, 40.601828 ], [ -8.295361, 40.601923 ], [ -8.295223, 40.602151 ], [ -8.294919, 40.60259 ], [ -8.294675, 40.60304 ], [ -8.294587, 40.603429 ], [ -8.294545, 40.603902 ], [ -8.294616, 40.604253 ], [ -8.294612, 40.6044 ], [ -8.294534, 40.604515 ], [ -8.294251, 40.604712 ], [ -8.294147, 40.604745 ], [ -8.294147, 40.604663 ], [ -8.293155, 40.604663 ], [ -8.293155, 40.603671 ], [ -8.292163, 40.603671 ], [ -8.292163, 40.604663 ], [ -8.291171, 40.604663 ], [ -8.291171, 40.603671 ], [ -8.289187, 40.603671 ], [ -8.289187, 40.602679 ], [ -8.288194, 40.602679 ], [ -8.288194, 40.601687 ], [ -8.287202, 40.601687 ], [ -8.287202, 40.600694 ], [ -8.285218, 40.600694 ], [ -8.285218, 40.601687 ], [ -8.284226, 40.601687 ], [ -8.284226, 40.602679 ], [ -8.283234, 40.602679 ], [ -8.283234, 40.603671 ], [ -8.282242, 40.603671 ], [ -8.282242, 40.604663 ], [ -8.278274, 40.604663 ], [ -8.278274, 40.603671 ], [ -8.275298, 40.603671 ], [ -8.275298, 40.604663 ], [ -8.275675, 40.604663 ], [ -8.274866, 40.604915 ], [ -8.274779, 40.604928 ], [ -8.274703, 40.605029 ], [ -8.27467, 40.605216 ], [ -8.274671, 40.605458 ], [ -8.274738, 40.605611 ], [ -8.274779, 40.605907 ], [ -8.274743, 40.605944 ], [ -8.274144, 40.606136 ], [ -8.273878, 40.606313 ], [ -8.273826, 40.606365 ], [ -8.273774, 40.606448 ], [ -8.273647, 40.606694 ], [ -8.273581, 40.606749 ], [ -8.273452, 40.606806 ], [ -8.273308, 40.606817 ], [ -8.272779, 40.606718 ], [ -8.272311, 40.606678 ], [ -8.272131, 40.606649 ], [ -8.271915, 40.606653 ], [ -8.271719, 40.606771 ], [ -8.271449, 40.607021 ], [ -8.271145, 40.6072 ], [ -8.271026, 40.607212 ], [ -8.270459, 40.607103 ], [ -8.269803, 40.60704 ], [ -8.269296, 40.607041 ], [ -8.269052, 40.607085 ], [ -8.268981, 40.607129 ], [ -8.268807, 40.607323 ], [ -8.268403, 40.607619 ], [ -8.268047, 40.607698 ], [ -8.267572, 40.607952 ], [ -8.267321, 40.608022 ], [ -8.267168, 40.608086 ], [ -8.267113, 40.608168 ], [ -8.267103, 40.608261 ], [ -8.26703, 40.608443 ], [ -8.266977, 40.60853 ], [ -8.266936, 40.608567 ], [ -8.266837, 40.608618 ], [ -8.266683, 40.608638 ], [ -8.265815, 40.609129 ], [ -8.265688, 40.609352 ], [ -8.265555, 40.609513 ], [ -8.265332, 40.609685 ], [ -8.264937, 40.609898 ], [ -8.264724, 40.609857 ], [ -8.263883, 40.609627 ], [ -8.263407, 40.609623 ], [ -8.263087, 40.60971 ], [ -8.26283, 40.609835 ], [ -8.262544, 40.609921 ], [ -8.262394, 40.60993 ], [ -8.261999, 40.60991 ], [ -8.261675, 40.610036 ], [ -8.261131, 40.610288 ], [ -8.260837, 40.610364 ], [ -8.26012, 40.610396 ], [ -8.259998, 40.610424 ], [ -8.259402, 40.610739 ], [ -8.259317, 40.610763 ], [ -8.259103, 40.610783 ], [ -8.258953, 40.610761 ], [ -8.258877, 40.610725 ], [ -8.258588, 40.610507 ], [ -8.258433, 40.610448 ], [ -8.258433, 40.609623 ] ], [ [ -8.300099, 40.587798 ], [ -8.302083, 40.587798 ], [ -8.302083, 40.586806 ], [ -8.300099, 40.586806 ], [ -8.300099, 40.587798 ] ], [ [ -8.299107, 40.589782 ], [ -8.297123, 40.589782 ], [ -8.297123, 40.590774 ], [ -8.299107, 40.590774 ], [ -8.299107, 40.589782 ] ], [ [ -8.299107, 40.595734 ], [ -8.299107, 40.596726 ], [ -8.300099, 40.596726 ], [ -8.300099, 40.595734 ], [ -8.299107, 40.595734 ] ], [ [ -8.275298, 40.600694 ], [ -8.274306, 40.600694 ], [ -8.274306, 40.59871 ], [ -8.273313, 40.59871 ], [ -8.273313, 40.601687 ], [ -8.268353, 40.601687 ], [ -8.268353, 40.603671 ], [ -8.267361, 40.603671 ], [ -8.267361, 40.602679 ], [ -8.264385, 40.602679 ], [ -8.264385, 40.605655 ], [ -8.268353, 40.605655 ], [ -8.268353, 40.604663 ], [ -8.270337, 40.604663 ], [ -8.270337, 40.605655 ], [ -8.272321, 40.605655 ], [ -8.272321, 40.603671 ], [ -8.275298, 40.603671 ], [ -8.275298, 40.600694 ] ], [ [ -8.263393, 40.605655 ], [ -8.263393, 40.606647 ], [ -8.264385, 40.606647 ], [ -8.264385, 40.605655 ], [ -8.263393, 40.605655 ] ], [ [ -8.263393, 40.604663 ], [ -8.262401, 40.604663 ], [ -8.262401, 40.605655 ], [ -8.263393, 40.605655 ], [ -8.263393, 40.604663 ] ], [ [ -8.262401, 40.603671 ], [ -8.261409, 40.603671 ], [ -8.261409, 40.604663 ], [ -8.262401, 40.604663 ], [ -8.262401, 40.603671 ] ], [ [ -8.258433, 40.603671 ], [ -8.258433, 40.602679 ], [ -8.263393, 40.602679 ], [ -8.263393, 40.601687 ], [ -8.262401, 40.601687 ], [ -8.262401, 40.600694 ], [ -8.263393, 40.600694 ], [ -8.263393, 40.597718 ], [ -8.264385, 40.597718 ], [ -8.264385, 40.596726 ], [ -8.263393, 40.596726 ], [ -8.263393, 40.595734 ], [ -8.260417, 40.595734 ], [ -8.260417, 40.596726 ], [ -8.259425, 40.596726 ], [ -8.259425, 40.595734 ], [ -8.25744, 40.595734 ], [ -8.25744, 40.597718 ], [ -8.255456, 40.597718 ], [ -8.255456, 40.599702 ], [ -8.254464, 40.599702 ], [ -8.254464, 40.600694 ], [ -8.253472, 40.600694 ], [ -8.253472, 40.603671 ], [ -8.251488, 40.603671 ], [ -8.251488, 40.605655 ], [ -8.254464, 40.605655 ], [ -8.254464, 40.603671 ], [ -8.258433, 40.603671 ] ], [ [ -8.273313, 40.597718 ], [ -8.273313, 40.596726 ], [ -8.270337, 40.596726 ], [ -8.270337, 40.597718 ], [ -8.273313, 40.597718 ] ], [ [ -8.267361, 40.597718 ], [ -8.267361, 40.59871 ], [ -8.268353, 40.59871 ], [ -8.268353, 40.597718 ], [ -8.267361, 40.597718 ] ], [ [ -8.266369, 40.600694 ], [ -8.266369, 40.59871 ], [ -8.264385, 40.59871 ], [ -8.264385, 40.600694 ], [ -8.266369, 40.600694 ] ], [ [ -8.294147, 40.602679 ], [ -8.294147, 40.601687 ], [ -8.292163, 40.601687 ], [ -8.292163, 40.602679 ], [ -8.294147, 40.602679 ] ], [ [ -8.301091, 40.58879 ], [ -8.301091, 40.589782 ], [ -8.302083, 40.589782 ], [ -8.302083, 40.58879 ], [ -8.301091, 40.58879 ] ] ], [ [ [ -8.354663, 40.65129 ], [ -8.355655, 40.65129 ], [ -8.355655, 40.653274 ], [ -8.351687, 40.653274 ], [ -8.351687, 40.654266 ], [ -8.352679, 40.654266 ], [ -8.352679, 40.655258 ], [ -8.353671, 40.655258 ], [ -8.353671, 40.654266 ], [ -8.355655, 40.654266 ], [ -8.355655, 40.655258 ], [ -8.358631, 40.655258 ], [ -8.358631, 40.659226 ], [ -8.357639, 40.659226 ], [ -8.357639, 40.66121 ], [ -8.356647, 40.66121 ], [ -8.356647, 40.658234 ], [ -8.353671, 40.658234 ], [ -8.353671, 40.659226 ], [ -8.355655, 40.659226 ], [ -8.355655, 40.66121 ], [ -8.353671, 40.66121 ], [ -8.353671, 40.662202 ], [ -8.349702, 40.662202 ], [ -8.349702, 40.660218 ], [ -8.351687, 40.660218 ], [ -8.351687, 40.66121 ], [ -8.352679, 40.66121 ], [ -8.352679, 40.659226 ], [ -8.346726, 40.659226 ], [ -8.346726, 40.663194 ], [ -8.347718, 40.663194 ], [ -8.347718, 40.664187 ], [ -8.350694, 40.664187 ], [ -8.350694, 40.663194 ], [ -8.351687, 40.663194 ], [ -8.351687, 40.665179 ], [ -8.350694, 40.665179 ], [ -8.350694, 40.666171 ], [ -8.349702, 40.666171 ], [ -8.349702, 40.667163 ], [ -8.347718, 40.667163 ], [ -8.347718, 40.668155 ], [ -8.349702, 40.668155 ], [ -8.349702, 40.669147 ], [ -8.344742, 40.669147 ], [ -8.344742, 40.668155 ], [ -8.34375, 40.668155 ], [ -8.34375, 40.667163 ], [ -8.341766, 40.667163 ], [ -8.341766, 40.666171 ], [ -8.340774, 40.666171 ], [ -8.340774, 40.665179 ], [ -8.341766, 40.665179 ], [ -8.341766, 40.663194 ], [ -8.337798, 40.663194 ], [ -8.337798, 40.662202 ], [ -8.333829, 40.662202 ], [ -8.333829, 40.659226 ], [ -8.331845, 40.659226 ], [ -8.331845, 40.657242 ], [ -8.332837, 40.657242 ], [ -8.332837, 40.65625 ], [ -8.331845, 40.65625 ], [ -8.331845, 40.655258 ], [ -8.332837, 40.655258 ], [ -8.332837, 40.654266 ], [ -8.331845, 40.654266 ], [ -8.331845, 40.653274 ], [ -8.330853, 40.653274 ], [ -8.330853, 40.652282 ], [ -8.328869, 40.652282 ], [ -8.328869, 40.65129 ], [ -8.326885, 40.65129 ], [ -8.326885, 40.652282 ], [ -8.325893, 40.652282 ], [ -8.325893, 40.649306 ], [ -8.326885, 40.649306 ], [ -8.326885, 40.647321 ], [ -8.329861, 40.647321 ], [ -8.329861, 40.648313 ], [ -8.328869, 40.648313 ], [ -8.328869, 40.649306 ], [ -8.330853, 40.649306 ], [ -8.330853, 40.650298 ], [ -8.334821, 40.650298 ], [ -8.334821, 40.652282 ], [ -8.33879, 40.652282 ], [ -8.33879, 40.649306 ], [ -8.339782, 40.649306 ], [ -8.339782, 40.648313 ], [ -8.340774, 40.648313 ], [ -8.340774, 40.647321 ], [ -8.342758, 40.647321 ], [ -8.342758, 40.645337 ], [ -8.339782, 40.645337 ], [ -8.339782, 40.644345 ], [ -8.342758, 40.644345 ], [ -8.342758, 40.643353 ], [ -8.339782, 40.643353 ], [ -8.339782, 40.642361 ], [ -8.340774, 40.642361 ], [ -8.340774, 40.641929 ], [ -8.345794, 40.644155 ], [ -8.354663, 40.648124 ], [ -8.354663, 40.65129 ] ], [ [ -8.346726, 40.650298 ], [ -8.345734, 40.650298 ], [ -8.345734, 40.65129 ], [ -8.346726, 40.65129 ], [ -8.346726, 40.652282 ], [ -8.34871, 40.652282 ], [ -8.34871, 40.65129 ], [ -8.349702, 40.65129 ], [ -8.349702, 40.652282 ], [ -8.351687, 40.652282 ], [ -8.351687, 40.649306 ], [ -8.350694, 40.649306 ], [ -8.350694, 40.648313 ], [ -8.34871, 40.648313 ], [ -8.34871, 40.649306 ], [ -8.346726, 40.649306 ], [ -8.346726, 40.650298 ] ], [ [ -8.34375, 40.649306 ], [ -8.34375, 40.650298 ], [ -8.340774, 40.650298 ], [ -8.340774, 40.65129 ], [ -8.344742, 40.65129 ], [ -8.344742, 40.649306 ], [ -8.34375, 40.649306 ] ], [ [ -8.340774, 40.654266 ], [ -8.340774, 40.655258 ], [ -8.34375, 40.655258 ], [ -8.34375, 40.654266 ], [ -8.342758, 40.654266 ], [ -8.342758, 40.653274 ], [ -8.339782, 40.653274 ], [ -8.339782, 40.654266 ], [ -8.340774, 40.654266 ] ], [ [ -8.333829, 40.653274 ], [ -8.333829, 40.65625 ], [ -8.336806, 40.65625 ], [ -8.336806, 40.653274 ], [ -8.333829, 40.653274 ] ], [ [ -8.356647, 40.657242 ], [ -8.356647, 40.65625 ], [ -8.355655, 40.65625 ], [ -8.355655, 40.657242 ], [ -8.356647, 40.657242 ] ], [ [ -8.349702, 40.65625 ], [ -8.349702, 40.658234 ], [ -8.350694, 40.658234 ], [ -8.350694, 40.65625 ], [ -8.349702, 40.65625 ] ], [ [ -8.345734, 40.657242 ], [ -8.345734, 40.658234 ], [ -8.346726, 40.658234 ], [ -8.346726, 40.657242 ], [ -8.345734, 40.657242 ] ] ], [ [ [ -8.331845, 40.639385 ], [ -8.332837, 40.639385 ], [ -8.332837, 40.640377 ], [ -8.333829, 40.640377 ], [ -8.333829, 40.643353 ], [ -8.332837, 40.643353 ], [ -8.332837, 40.642361 ], [ -8.330853, 40.642361 ], [ -8.330853, 40.644345 ], [ -8.331845, 40.644345 ], [ -8.331845, 40.645337 ], [ -8.329861, 40.645337 ], [ -8.329861, 40.642361 ], [ -8.328698, 40.642361 ], [ -8.328721, 40.642167 ], [ -8.328721, 40.641967 ], [ -8.328652, 40.641559 ], [ -8.328574, 40.641407 ], [ -8.328467, 40.641301 ], [ -8.32822, 40.641122 ], [ -8.326888, 40.640603 ], [ -8.326202, 40.640254 ], [ -8.326034, 40.64009 ], [ -8.32587, 40.639826 ], [ -8.325847, 40.639535 ], [ -8.32607, 40.638934 ], [ -8.326161, 40.638792 ], [ -8.326501, 40.638376 ], [ -8.326989, 40.638005 ], [ -8.327571, 40.637533 ], [ -8.32817, 40.63699 ], [ -8.328483, 40.636796 ], [ -8.328664, 40.636762 ], [ -8.328779, 40.636763 ], [ -8.328987, 40.636801 ], [ -8.329346, 40.636923 ], [ -8.329457, 40.637014 ], [ -8.329681, 40.63745 ], [ -8.329753, 40.637496 ], [ -8.329918, 40.637645 ], [ -8.330225, 40.637824 ], [ -8.330626, 40.637963 ], [ -8.330968, 40.638009 ], [ -8.331767, 40.637934 ], [ -8.331845, 40.637969 ], [ -8.331845, 40.639385 ] ], [ [ -8.330853, 40.639385 ], [ -8.330853, 40.638393 ], [ -8.329861, 40.638393 ], [ -8.329861, 40.639385 ], [ -8.330853, 40.639385 ] ], [ [ -8.330853, 40.641369 ], [ -8.330853, 40.640377 ], [ -8.329861, 40.640377 ], [ -8.329861, 40.641369 ], [ -8.330853, 40.641369 ] ] ], [ [ [ -8.327877, 40.643353 ], [ -8.323909, 40.643353 ], [ -8.323909, 40.645337 ], [ -8.321925, 40.645337 ], [ -8.321925, 40.644345 ], [ -8.321474, 40.644345 ], [ -8.321446, 40.64418 ], [ -8.321475, 40.644012 ], [ -8.321611, 40.643616 ], [ -8.321797, 40.643227 ], [ -8.321996, 40.642908 ], [ -8.32206, 40.642819 ], [ -8.322269, 40.642642 ], [ -8.322562, 40.642561 ], [ -8.322793, 40.642534 ], [ -8.322997, 40.642557 ], [ -8.323652, 40.642711 ], [ -8.324677, 40.642908 ], [ -8.325198, 40.643055 ], [ -8.325743, 40.643168 ], [ -8.326383, 40.643246 ], [ -8.327417, 40.643291 ], [ -8.327618, 40.643272 ], [ -8.327877, 40.643204 ], [ -8.327877, 40.643353 ] ] ], [ [ [ -8.31994, 40.646329 ], [ -8.318948, 40.646329 ], [ -8.318948, 40.647321 ], [ -8.31498, 40.647321 ], [ -8.31498, 40.648313 ], [ -8.312996, 40.648313 ], [ -8.312996, 40.647321 ], [ -8.312004, 40.647321 ], [ -8.312004, 40.648313 ], [ -8.309028, 40.648313 ], [ -8.309028, 40.644644 ], [ -8.309151, 40.644568 ], [ -8.309327, 40.644507 ], [ -8.309725, 40.644493 ], [ -8.309819, 40.644468 ], [ -8.310463, 40.644025 ], [ -8.310771, 40.643766 ], [ -8.31092, 40.643606 ], [ -8.311141, 40.643469 ], [ -8.311375, 40.643403 ], [ -8.311591, 40.643369 ], [ -8.311764, 40.643392 ], [ -8.311961, 40.643529 ], [ -8.311958, 40.643702 ], [ -8.311894, 40.64393 ], [ -8.311893, 40.643971 ], [ -8.311937, 40.644092 ], [ -8.312472, 40.644544 ], [ -8.312622, 40.64489 ], [ -8.312771, 40.645122 ], [ -8.31285, 40.645189 ], [ -8.312996, 40.645265 ], [ -8.312996, 40.645337 ], [ -8.313135, 40.645337 ], [ -8.313175, 40.645358 ], [ -8.313383, 40.645386 ], [ -8.313626, 40.64539 ], [ -8.313785, 40.645379 ], [ -8.313946, 40.645337 ], [ -8.315155, 40.645337 ], [ -8.315174, 40.645382 ], [ -8.315169, 40.645548 ], [ -8.315274, 40.645797 ], [ -8.315367, 40.645909 ], [ -8.315706, 40.646224 ], [ -8.31581, 40.646294 ], [ -8.31609, 40.646587 ], [ -8.316394, 40.646807 ], [ -8.3167, 40.646936 ], [ -8.317013, 40.646979 ], [ -8.317164, 40.646982 ], [ -8.317258, 40.64698 ], [ -8.317423, 40.646935 ], [ -8.318038, 40.64663 ], [ -8.318432, 40.646415 ], [ -8.318842, 40.646248 ], [ -8.319186, 40.646003 ], [ -8.31994, 40.645653 ], [ -8.31994, 40.646329 ] ] ], [ [ [ -8.303075, 40.648313 ], [ -8.302836, 40.648313 ], [ -8.30287, 40.648176 ], [ -8.302978, 40.647918 ], [ -8.303075, 40.647765 ], [ -8.303075, 40.648313 ] ] ], [ [ [ -8.301091, 40.650298 ], [ -8.300302, 40.650298 ], [ -8.300292, 40.650224 ], [ -8.300324, 40.650118 ], [ -8.300417, 40.649966 ], [ -8.300518, 40.649919 ], [ -8.300668, 40.649906 ], [ -8.300846, 40.649938 ], [ -8.301091, 40.650093 ], [ -8.301091, 40.650298 ] ] ], [ [ [ -8.298115, 40.653274 ], [ -8.297631, 40.653274 ], [ -8.298115, 40.652942 ], [ -8.298115, 40.653274 ] ] ], [ [ [ -8.295139, 40.637401 ], [ -8.295139, 40.6365 ], [ -8.295372, 40.637089 ], [ -8.295442, 40.637401 ], [ -8.295139, 40.637401 ] ] ], [ [ [ -8.294147, 40.635417 ], [ -8.294147, 40.634972 ], [ -8.294331, 40.635004 ], [ -8.29441, 40.635045 ], [ -8.2945, 40.635143 ], [ -8.294517, 40.635309 ], [ -8.294579, 40.635417 ], [ -8.294147, 40.635417 ] ] ], [ [ [ -8.293155, 40.634425 ], [ -8.293155, 40.633692 ], [ -8.293248, 40.633782 ], [ -8.29334, 40.634028 ], [ -8.293353, 40.634314 ], [ -8.293398, 40.634425 ], [ -8.293155, 40.634425 ] ] ], [ [ [ -8.270337, 40.628915 ], [ -8.271378, 40.629464 ], [ -8.270337, 40.629464 ], [ -8.270337, 40.628915 ] ] ], [ [ [ -8.269345, 40.628472 ], [ -8.269345, 40.628311 ], [ -8.26944, 40.628343 ], [ -8.269625, 40.628472 ], [ -8.269345, 40.628472 ] ] ], [ [ [ -8.267361, 40.628472 ], [ -8.265377, 40.628472 ], [ -8.265377, 40.626879 ], [ -8.265653, 40.626965 ], [ -8.266251, 40.627284 ], [ -8.266791, 40.627475 ], [ -8.267361, 40.627644 ], [ -8.267361, 40.628472 ] ] ], [ [ [ -8.283234, 40.605655 ], [ -8.284023, 40.605655 ], [ -8.283965, 40.60578 ], [ -8.283712, 40.605993 ], [ -8.283301, 40.606213 ], [ -8.283234, 40.606235 ], [ -8.283234, 40.605655 ] ] ], [ [ [ -8.288194, 40.604663 ], [ -8.288194, 40.605092 ], [ -8.287961, 40.604869 ], [ -8.287757, 40.604726 ], [ -8.287626, 40.604663 ], [ -8.288194, 40.604663 ] ] ], [ [ [ -8.278274, 40.606361 ], [ -8.278203, 40.606288 ], [ -8.278118, 40.606138 ], [ -8.278023, 40.605683 ], [ -8.277875, 40.605445 ], [ -8.277727, 40.605353 ], [ -8.277375, 40.605395 ], [ -8.277286, 40.605357 ], [ -8.277329, 40.605144 ], [ -8.277565, 40.604908 ], [ -8.277647, 40.604724 ], [ -8.277646, 40.604663 ], [ -8.278274, 40.604663 ], [ -8.278274, 40.606361 ] ] ] ] } },
{ "type": "Feature", "properties": { "value_per_ha": 3350, "exposure_id": 67, "area_ha": 1.8503, "ael_bau": 202.11, "ael_primary_full": 187.34, "ael_primary_partial": 202.11, "ael_secondary_full": 179.13, "ael_secondary_partial": 185.86, "ael_combined_full": 180.36, "ael_combined_partial": 195.18 }, "geometry": { "type": "Polygon", "coordinates": [ [ [ -8.266369, 40.590774 ], [ -8.266369, 40.592758 ], [ -8.265377, 40.592758 ], [ -8.265377, 40.590774 ], [ -8.266369, 40.590774 ] ] ] } },
{ "type": "Feature", "properties": { "value_per_ha": 3350, "exposure_id": 68, "area_ha": 7.4013, "ael_bau": 660.99, "ael_primary_full": 638.0, "ael_primary_partial": 649.92, "ael_secondary_full": 506.15, "ael_secondary_partial": 564.41, "ael_combined_full": 475.79, "ael_combined_partial": 549.82 }, "geometry": { "type": "Polygon", "coordinates": [ [ [ -8.231647, 40.591766 ], [ -8.232639, 40.591766 ], [ -8.232639, 40.592758 ], [ -8.234623, 40.592758 ], [ -8.234623, 40.59375 ], [ -8.230655, 40.59375 ], [ -8.230655, 40.592758 ], [ -8.229663, 40.592758 ], [ -8.229663, 40.591766 ], [ -8.230655, 40.591766 ], [ -8.230655, 40.590774 ], [ -8.231647, 40.590774 ], [ -8.231647, 40.591766 ] ] ] } },
{ "type": "Feature", "properties": { "value_per_ha": 3350, "exposure_id": 69, "area_ha": 11.0997, "ael_bau": 1931.81, "ael_primary_full": 1379.24, "ael_primary_partial": 1769.7, "ael_secondary_full": 1667.3, "ael_secondary_partial": 1759.21, "ael_combined_full": 1156.2, "ael_combined_partial": 1522.65 }, "geometry": { "type": "Polygon", "coordinates": [ [ [ -8.233631, 40.603671 ], [ -8.236607, 40.603671 ], [ -8.236607, 40.607639 ], [ -8.233631, 40.607639 ], [ -8.233631, 40.603671 ] ] ] } },
{ "type": "Feature", "properties": { "value_per_ha": 3350, "exposure_id": 70, "area_ha": 0.0507, "ael_bau": 0.0, "ael_primary_full": 0.0, "ael_primary_partial": 0.0, "ael_secondary_full": 0.0, "ael_secondary_partial": 0.0, "ael_combined_full": 0.0, "ael_combined_partial": 0.0 }, "geometry": { "type": "Polygon", "coordinates": [ [ [ -8.279266, 40.606647 ], [ -8.279696, 40.606647 ], [ -8.279594, 40.606751 ], [ -8.279404, 40.606827 ], [ -8.279371, 40.606827 ], [ -8.279297, 40.606782 ], [ -8.279266, 40.606742 ], [ -8.279266, 40.606647 ] ] ] } },
{ "type": "Feature", "properties": { "value_per_ha": 3350, "exposure_id": 71, "area_ha": 13.8742, "ael_bau": 1991.55, "ael_primary_full": 346.84, "ael_primary_partial": 1759.02, "ael_secondary_full": 1584.18, "ael_secondary_partial": 1780.98, "ael_combined_full": 157.35, "ael_combined_partial": 1413.15 }, "geometry": { "type": "Polygon", "coordinates": [ [ [ -8.22371, 40.609623 ], [ -8.22371, 40.608631 ], [ -8.219742, 40.608631 ], [ -8.219742, 40.606647 ], [ -8.220734, 40.606647 ], [ -8.220734, 40.607639 ], [ -8.221726, 40.607639 ], [ -8.221726, 40.606647 ], [ -8.22371, 40.606647 ], [ -8.22371, 40.607639 ], [ -8.227679, 40.607639 ], [ -8.227679, 40.609623 ], [ -8.22371, 40.609623 ] ] ] } },
{ "type": "Feature", "properties": { "value_per_ha": 3350, "exposure_id": 72, "area_ha": 1.8499, "ael_bau": 259.31, "ael_primary_full": 87.58, "ael_primary_partial": 227.93, "ael_secondary_full": 223.92, "ael_secondary_partial": 236.88, "ael_combined_full": 70.28, "ael_combined_partial": 197.1 }, "geometry": { "type": "Polygon", "coordinates": [ [ [ -8.230655, 40.608312 ], [ -8.230655, 40.609623 ], [ -8.229663, 40.609623 ], [ -8.229663, 40.607639 ], [ -8.230655, 40.607639 ], [ -8.230655, 40.608312 ] ] ] } },
{ "type": "Feature", "properties": { "value_per_ha": 3350, "exposure_id": 73, "area_ha": 5.5493, "ael_bau": 767.45, "ael_primary_full": 509.82, "ael_primary_partial": 739.4, "ael_secondary_full": 640.82, "ael_secondary_partial": 684.32, "ael_combined_full": 211.46, "ael_combined_partial": 593.62 }, "geometry": { "type": "Polygon", "coordinates": [ [ [ -8.225694, 40.613591 ], [ -8.225694, 40.611607 ], [ -8.227679, 40.611607 ], [ -8.227679, 40.612599 ], [ -8.229663, 40.612599 ], [ -8.229663, 40.613591 ], [ -8.225694, 40.613591 ] ] ] } },
{ "type": "Feature", "properties": { "value_per_ha": 3350, "exposure_id": 74, "area_ha": 1.8497, "ael_bau": 282.19, "ael_primary_full": 150.8, "ael_primary_partial": 259.97, "ael_secondary_full": 239.7, "ael_secondary_partial": 255.08, "ael_combined_full": 83.96, "ael_combined_partial": 222.08 }, "geometry": { "type": "Polygon", "coordinates": [ [ [ -8.236607, 40.612599 ], [ -8.237599, 40.612599 ], [ -8.237599, 40.614583 ], [ -8.236607, 40.614583 ], [ -8.236607, 40.612599 ] ] ] } },
{ "type": "Feature", "properties": { "value_per_ha": 3350, "exposure_id": 75, "area_ha": 1.8491, "ael_bau": 0.0, "ael_primary_full": 0.0, "ael_primary_partial": 0.0, "ael_secondary_full": 0.0, "ael_secondary_partial": 0.0, "ael_combined_full": 0.0, "ael_combined_partial": 0.0 }, "geometry": { "type": "Polygon", "coordinates": [ [ [ -8.231647, 40.636409 ], [ -8.230655, 40.636409 ], [ -8.230655, 40.634425 ], [ -8.231647, 40.634425 ], [ -8.231647, 40.636409 ] ] ] } },
{ "type": "Feature", "properties": { "value_per_ha": 3350, "exposure_id": 76, "area_ha": 0.9245, "ael_bau": 129.97, "ael_primary_full": 67.86, "ael_primary_partial": 122.99, "ael_secondary_full": 117.92, "ael_secondary_partial": 122.83, "ael_combined_full": 46.65, "ael_combined_partial": 112.58 }, "geometry": { "type": "Polygon", "coordinates": [ [ [ -8.260417, 40.641369 ], [ -8.259425, 40.641369 ], [ -8.259425, 40.640377 ], [ -8.260417, 40.640377 ], [ -8.260417, 40.641369 ] ] ] } },
{ "type": "Feature", "properties": { "value_per_ha": 3350, "exposure_id": 77, "area_ha": 0.9245, "ael_bau": 124.57, "ael_primary_full": 51.62, "ael_primary_partial": 114.15, "ael_secondary_full": 105.35, "ael_secondary_partial": 113.4, "ael_combined_full": 30.48, "ael_combined_partial": 94.52 }, "geometry": { "type": "Polygon", "coordinates": [ [ [ -8.271329, 40.642361 ], [ -8.271329, 40.643353 ], [ -8.270337, 40.643353 ], [ -8.270337, 40.642361 ], [ -8.271329, 40.642361 ] ] ] } },
{ "type": "Feature", "properties": { "value_per_ha": 3350, "exposure_id": 78, "area_ha": 0.9245, "ael_bau": 124.89, "ael_primary_full": 51.62, "ael_primary_partial": 109.73, "ael_secondary_full": 116.95, "ael_secondary_partial": 119.9, "ael_combined_full": 36.69, "ael_combined_partial": 98.74 }, "geometry": { "type": "Polygon", "coordinates": [ [ [ -8.269345, 40.644345 ], [ -8.269345, 40.643353 ], [ -8.270337, 40.643353 ], [ -8.270337, 40.644345 ], [ -8.269345, 40.644345 ] ] ] } },
{ "type": "Feature", "properties": { "value_per_ha": 3350, "exposure_id": 79, "area_ha": 0.9244, "ael_bau": 233.57, "ael_primary_full": 100.92, "ael_primary_partial": 209.52, "ael_secondary_full": 212.32, "ael_secondary_partial": 222.26, "ael_combined_full": 66.55, "ael_combined_partial": 192.49 }, "geometry": { "type": "Polygon", "coordinates": [ [ [ -8.265377, 40.646329 ], [ -8.264385, 40.646329 ], [ -8.264385, 40.645337 ], [ -8.265377, 40.645337 ], [ -8.265377, 40.646329 ] ] ] } },
{ "type": "Feature", "properties": { "value_per_ha": 3350, "exposure_id": 80, "area_ha": 2.7733, "ael_bau": 718.51, "ael_primary_full": 488.36, "ael_primary_partial": 716.57, "ael_secondary_full": 472.32, "ael_secondary_partial": 650.85, "ael_combined_full": 210.22, "ael_combined_partial": 628.96 }, "geometry": { "type": "Polygon", "coordinates": [ [ [ -8.232639, 40.647321 ], [ -8.232639, 40.646329 ], [ -8.231647, 40.646329 ], [ -8.231647, 40.645337 ], [ -8.233631, 40.645337 ], [ -8.233631, 40.647321 ], [ -8.232639, 40.647321 ] ] ] } },
{ "type": "Feature", "properties": { "value_per_ha": 3350, "exposure_id": 81, "area_ha": 3.6977, "ael_bau": 837.36, "ael_primary_full": 606.1, "ael_primary_partial": 837.28, "ael_secondary_full": 689.8, "ael_secondary_partial": 739.88, "ael_combined_full": 357.0, "ael_combined_partial": 718.87 }, "geometry": { "type": "Polygon", "coordinates": [ [ [ -8.228671, 40.647321 ], [ -8.226687, 40.647321 ], [ -8.226687, 40.645337 ], [ -8.228671, 40.645337 ], [ -8.228671, 40.647321 ] ] ] } },
{ "type": "Feature", "properties": { "value_per_ha": 3350, "exposure_id": 82, "area_ha": 0.9244, "ael_bau": 145.86, "ael_primary_full": 109.62, "ael_primary_partial": 145.86, "ael_secondary_full": 122.43, "ael_secondary_partial": 132.57, "ael_combined_full": 65.93, "ael_combined_partial": 130.25 }, "geometry": { "type": "Polygon", "coordinates": [ [ [ -8.22371, 40.650298 ], [ -8.222718, 40.650298 ], [ -8.222718, 40.649306 ], [ -8.22371, 40.649306 ], [ -8.22371, 40.650298 ] ] ] } },
{ "type": "Feature", "properties": { "value_per_ha": 3350, "exposure_id": 83, "area_ha": 0.9244, "ael_bau": 146.5, "ael_primary_full": 105.56, "ael_primary_partial": 146.5, "ael_secondary_full": 121.79, "ael_secondary_partial": 132.25, "ael_combined_full": 59.71, "ael_combined_partial": 128.71 }, "geometry": { "type": "Polygon", "coordinates": [ [ [ -8.228671, 40.650298 ], [ -8.227679, 40.650298 ], [ -8.227679, 40.649306 ], [ -8.228671, 40.649306 ], [ -8.228671, 40.650298 ] ] ] } },
{ "type": "Feature", "properties": { "value_per_ha": 3350, "exposure_id": 84, "area_ha": 0.9243, "ael_bau": 102.96, "ael_primary_full": 56.84, "ael_primary_partial": 80.64, "ael_secondary_full": 94.4, "ael_secondary_partial": 96.51, "ael_combined_full": 14.93, "ael_combined_partial": 70.31 }, "geometry": { "type": "Polygon", "coordinates": [ [ [ -8.27629, 40.653274 ], [ -8.275298, 40.653274 ], [ -8.275298, 40.652282 ], [ -8.27629, 40.652282 ], [ -8.27629, 40.653274 ] ] ] } },
{ "type": "Feature", "properties": { "value_per_ha": 3350, "exposure_id": 85, "area_ha": 0.4115, "ael_bau": 0.0, "ael_primary_full": 0.0, "ael_primary_partial": 0.0, "ael_secondary_full": 0.0, "ael_secondary_partial": 0.0, "ael_combined_full": 0.0, "ael_combined_partial": 0.0 }, "geometry": { "type": "Polygon", "coordinates": [ [ [ -8.297123, 40.654266 ], [ -8.296131, 40.654266 ], [ -8.296131, 40.654104 ], [ -8.296268, 40.654015 ], [ -8.297123, 40.65355 ], [ -8.297123, 40.654266 ] ] ] } },
{ "type": "Feature", "properties": { "value_per_ha": 3350, "exposure_id": 86, "area_ha": 20.4743, "ael_bau": 1453.54, "ael_primary_full": 1453.54, "ael_primary_partial": 1453.54, "ael_secondary_full": 1453.54, "ael_secondary_partial": 1453.54, "ael_combined_full": 1453.54, "ael_combined_partial": 1453.54 }, "geometry": { "type": "Polygon", "coordinates": [ [ [ -8.36756, 40.663194 ], [ -8.36756, 40.662202 ], [ -8.363591, 40.662202 ], [ -8.363591, 40.660218 ], [ -8.362599, 40.660218 ], [ -8.362599, 40.659226 ], [ -8.361607, 40.659226 ], [ -8.361607, 40.658234 ], [ -8.359623, 40.658234 ], [ -8.359623, 40.65625 ], [ -8.363591, 40.65625 ], [ -8.363591, 40.658234 ], [ -8.363983, 40.658234 ], [ -8.363996, 40.659388 ], [ -8.363982, 40.659511 ], [ -8.364397, 40.659552 ], [ -8.364423, 40.659567 ], [ -8.364804, 40.659944 ], [ -8.365108, 40.660415 ], [ -8.365231, 40.660544 ], [ -8.365354, 40.660607 ], [ -8.365809, 40.660761 ], [ -8.366343, 40.661013 ], [ -8.366741, 40.661223 ], [ -8.367012, 40.661412 ], [ -8.36806, 40.661929 ], [ -8.368263, 40.6621 ], [ -8.36844, 40.662322 ], [ -8.368564, 40.662637 ], [ -8.368687, 40.662865 ], [ -8.368979, 40.663286 ], [ -8.369063, 40.663355 ], [ -8.369498, 40.663813 ], [ -8.36952, 40.663884 ], [ -8.369488, 40.663963 ], [ -8.369896, 40.664166 ], [ -8.370015, 40.664245 ], [ -8.370023, 40.664323 ], [ -8.370646, 40.665076 ], [ -8.370752, 40.665179 ], [ -8.368552, 40.665179 ], [ -8.368552, 40.663194 ], [ -8.36756, 40.663194 ] ] ] } },
{ "type": "Feature", "properties": { "value_per_ha": 3350, "exposure_id": 87, "area_ha": 4.6211, "ael_bau": 229.12, "ael_primary_full": 229.12, "ael_primary_partial": 229.12, "ael_secondary_full": 229.12, "ael_secondary_partial": 229.12, "ael_combined_full": 229.12, "ael_combined_partial": 229.12 }, "geometry": { "type": "Polygon", "coordinates": [ [ [ -8.361607, 40.66121 ], [ -8.361607, 40.662202 ], [ -8.362599, 40.662202 ], [ -8.362599, 40.663194 ], [ -8.359623, 40.663194 ], [ -8.359623, 40.66121 ], [ -8.361607, 40.66121 ] ] ] } },
{ "type": "Feature", "properties": { "value_per_ha": 3350, "exposure_id": 88, "area_ha": 0.9244, "ael_bau": 73.41, "ael_primary_full": 73.41, "ael_primary_partial": 73.41, "ael_secondary_full": 73.41, "ael_secondary_partial": 73.41, "ael_combined_full": 73.41, "ael_combined_partial": 73.41 }, "geometry": { "type": "Polygon", "coordinates": [ [ [ -8.357639, 40.652282 ], [ -8.356647, 40.652282 ], [ -8.356647, 40.65129 ], [ -8.357639, 40.65129 ], [ -8.357639, 40.652282 ] ] ] } },
{ "type": "Feature", "properties": { "value_per_ha": 3350, "exposure_id": 89, "area_ha": 0.9243, "ael_bau": 148.41, "ael_primary_full": 148.41, "ael_primary_partial": 148.41, "ael_secondary_full": 148.41, "ael_secondary_partial": 148.41, "ael_combined_full": 148.41, "ael_combined_partial": 148.41 }, "geometry": { "type": "Polygon", "coordinates": [ [ [ -8.356647, 40.654266 ], [ -8.355655, 40.654266 ], [ -8.355655, 40.653274 ], [ -8.356647, 40.653274 ], [ -8.356647, 40.654266 ] ] ] } },
{ "type": "Feature", "properties": { "value_per_ha": 3350, "exposure_id": 90, "area_ha": 0.9106, "ael_bau": 79.45, "ael_primary_full": 79.45, "ael_primary_partial": 79.45, "ael_secondary_full": 79.45, "ael_secondary_partial": 79.45, "ael_combined_full": 79.45, "ael_combined_partial": 79.45 }, "geometry": { "type": "Polygon", "coordinates": [ [ [ -8.362599, 40.655258 ], [ -8.362599, 40.654266 ], [ -8.363474, 40.654266 ], [ -8.363591, 40.654515 ], [ -8.363591, 40.655258 ], [ -8.362599, 40.655258 ] ] ] } },
{ "type": "Feature", "properties": { "value_per_ha": 3350, "exposure_id": 91, "area_ha": 4.085, "ael_bau": 251.37, "ael_primary_full": 183.86, "ael_primary_partial": 243.77, "ael_secondary_full": 251.37, "ael_secondary_partial": 251.37, "ael_combined_full": 181.61, "ael_combined_partial": 248.97 }, "geometry": { "type": "Polygon", "coordinates": [ [ [ -8.336806, 40.641369 ], [ -8.335813, 40.641369 ], [ -8.335813, 40.639729 ], [ -8.337798, 40.640609 ], [ -8.337798, 40.643353 ], [ -8.336806, 40.643353 ], [ -8.336806, 40.641369 ] ] ] } },
{ "type": "Feature", "properties": { "value_per_ha": 3350, "exposure_id": 92, "area_ha": 0.9245, "ael_bau": 85.48, "ael_primary_full": 65.54, "ael_primary_partial": 83.96, "ael_secondary_full": 84.41, "ael_secondary_partial": 85.48, "ael_combined_full": 64.06, "ael_combined_partial": 85.3 }, "geometry": { "type": "Polygon", "coordinates": [ [ [ -8.33879, 40.644345 ], [ -8.337798, 40.644345 ], [ -8.337798, 40.643353 ], [ -8.33879, 40.643353 ], [ -8.33879, 40.644345 ] ] ] } },
{ "type": "Feature", "properties": { "value_per_ha": 3350, "exposure_id": 93, "area_ha": 1.8488, "ael_bau": 81.35, "ael_primary_full": 80.62, "ael_primary_partial": 81.35, "ael_secondary_full": 80.22, "ael_secondary_partial": 81.35, "ael_combined_full": 80.85, "ael_combined_partial": 81.35 }, "geometry": { "type": "Polygon", "coordinates": [ [ [ -8.323909, 40.650298 ], [ -8.321925, 40.650298 ], [ -8.321925, 40.649306 ], [ -8.323909, 40.649306 ], [ -8.323909, 40.650298 ] ] ] } },
{ "type": "Feature", "properties": { "value_per_ha": 3350, "exposure_id": 94, "area_ha": 0.9244, "ael_bau": 68.64, "ael_primary_full": 68.64, "ael_primary_partial": 68.64, "ael_secondary_full": 68.64, "ael_secondary_partial": 68.64, "ael_combined_full": 68.64, "ael_combined_partial": 68.64 }, "geometry": { "type": "Polygon", "coordinates": [ [ [ -8.349702, 40.650298 ], [ -8.34871, 40.650298 ], [ -8.34871, 40.649306 ], [ -8.349702, 40.649306 ], [ -8.349702, 40.650298 ] ] ] } },
{ "type": "Feature", "properties": { "value_per_ha": 3350, "exposure_id": 95, "area_ha": 0.9244, "ael_bau": 89.62, "ael_primary_full": 85.26, "ael_primary_partial": 88.37, "ael_secondary_full": 88.28, "ael_secondary_partial": 89.03, "ael_combined_full": 84.58, "ael_combined_partial": 89.62 }, "geometry": { "type": "Polygon", "coordinates": [ [ [ -8.313988, 40.650298 ], [ -8.312996, 40.650298 ], [ -8.312996, 40.649306 ], [ -8.313988, 40.649306 ], [ -8.313988, 40.650298 ] ] ] } },
{ "type": "Feature", "properties": { "value_per_ha": 3350, "exposure_id": 96, "area_ha": 3.6975, "ael_bau": 252.96, "ael_primary_full": 241.28, "ael_primary_partial": 252.96, "ael_secondary_full": 248.73, "ael_secondary_partial": 252.57, "ael_combined_full": 238.21, "ael_combined_partial": 252.96 }, "geometry": { "type": "Polygon", "coordinates": [ [ [ -8.315972, 40.650298 ], [ -8.315972, 40.649306 ], [ -8.318948, 40.649306 ], [ -8.318948, 40.65129 ], [ -8.317956, 40.65129 ], [ -8.317956, 40.650298 ], [ -8.315972, 40.650298 ] ] ] } },
{ "type": "Feature", "properties": { "value_per_ha": 3350, "exposure_id": 97, "area_ha": 32.2655, "ael_bau": 3188.64, "ael_primary_full": 3023.84, "ael_primary_partial": 3078.38, "ael_secondary_full": 3110.65, "ael_secondary_partial": 3170.67, "ael_combined_full": 2948.65, "ael_combined_partial": 3118.77 }, "geometry": { "type": "Polygon", "coordinates": [ [ [ -8.307044, 40.65625 ], [ -8.307044, 40.655258 ], [ -8.304067, 40.655258 ], [ -8.304067, 40.653274 ], [ -8.303075, 40.653274 ], [ -8.303075, 40.65129 ], [ -8.302083, 40.65129 ], [ -8.302083, 40.650014 ], [ -8.302175, 40.64971 ], [ -8.302219, 40.649663 ], [ -8.302301, 40.649495 ], [ -8.302308, 40.649306 ], [ -8.303075, 40.649306 ], [ -8.303075, 40.650298 ], [ -8.304067, 40.650298 ], [ -8.304067, 40.65129 ], [ -8.306052, 40.65129 ], [ -8.306052, 40.650298 ], [ -8.309028, 40.650298 ], [ -8.309028, 40.65625 ], [ -8.31002, 40.65625 ], [ -8.31002, 40.658234 ], [ -8.307044, 40.658234 ], [ -8.307044, 40.657242 ], [ -8.308036, 40.657242 ], [ -8.308036, 40.65625 ], [ -8.307044, 40.65625 ] ] ] } },
{ "type": "Feature", "properties": { "value_per_ha": 3350, "exposure_id": 98, "area_ha": 0.9244, "ael_bau": 61.01, "ael_primary_full": 61.01, "ael_primary_partial": 61.01, "ael_secondary_full": 61.01, "ael_secondary_partial": 61.01, "ael_combined_full": 61.01, "ael_combined_partial": 61.01 }, "geometry": { "type": "Polygon", "coordinates": [ [ [ -8.350694, 40.65129 ], [ -8.349702, 40.65129 ], [ -8.349702, 40.650298 ], [ -8.350694, 40.650298 ], [ -8.350694, 40.65129 ] ] ] } },
{ "type": "Feature", "properties": { "value_per_ha": 3350, "exposure_id": 99, "area_ha": 3.6974, "ael_bau": 314.92, "ael_primary_full": 314.92, "ael_primary_partial": 314.15, "ael_secondary_full": 312.7, "ael_secondary_partial": 314.92, "ael_combined_full": 314.86, "ael_combined_partial": 314.92 }, "geometry": { "type": "Polygon", "coordinates": [ [ [ -8.321925, 40.654266 ], [ -8.31994, 40.654266 ], [ -8.31994, 40.653274 ], [ -8.320933, 40.653274 ], [ -8.320933, 40.65129 ], [ -8.321925, 40.65129 ], [ -8.321925, 40.654266 ] ] ] } },
{ "type": "Feature", "properties": { "value_per_ha": 3350, "exposure_id": 100, "area_ha": 9.2427, "ael_bau": 744.89, "ael_primary_full": 744.89, "ael_primary_partial": 744.89, "ael_secondary_full": 740.38, "ael_secondary_partial": 744.89, "ael_combined_full": 744.89, "ael_combined_partial": 744.89 }, "geometry": { "type": "Polygon", "coordinates": [ [ [ -8.326885, 40.65625 ], [ -8.330853, 40.65625 ], [ -8.330853, 40.658234 ], [ -8.328869, 40.658234 ], [ -8.328869, 40.659226 ], [ -8.326885, 40.659226 ], [ -8.326885, 40.65625 ] ] ] } },
{ "type": "Feature", "properties": { "value_per_ha": 3350, "exposure_id": 101, "area_ha": 1.8485, "ael_bau": 87.71, "ael_primary_full": 87.71, "ael_primary_partial": 87.71, "ael_secondary_full": 87.63, "ael_secondary_partial": 87.71, "ael_combined_full": 87.71, "ael_combined_partial": 87.71 }, "geometry": { "type": "Polygon", "coordinates": [ [ [ -8.330853, 40.660218 ], [ -8.328869, 40.660218 ], [ -8.328869, 40.659226 ], [ -8.330853, 40.659226 ], [ -8.330853, 40.660218 ] ] ] } },
{ "type": "Feature", "properties": { "value_per_ha": 3350, "exposure_id": 102, "area_ha": 6.4693, "ael_bau": 663.21, "ael_primary_full": 663.21, "ael_primary_partial": 663.21, "ael_secondary_full": 663.21, "ael_secondary_partial": 663.21, "ael_combined_full": 663.21, "ael_combined_partial": 663.21 }, "geometry": { "type": "Polygon", "coordinates": [ [ [ -8.355655, 40.664187 ], [ -8.353671, 40.664187 ], [ -8.353671, 40.666171 ], [ -8.352679, 40.666171 ], [ -8.352679, 40.663194 ], [ -8.353671, 40.663194 ], [ -8.353671, 40.662202 ], [ -8.355655, 40.662202 ], [ -8.355655, 40.664187 ] ] ] } },
{ "type": "Feature", "properties": { "value_per_ha": 3350, "exposure_id": 103, "area_ha": 0.9242, "ael_bau": 77.54, "ael_primary_full": 77.54, "ael_primary_partial": 77.54, "ael_secondary_full": 77.54, "ael_secondary_partial": 77.54, "ael_combined_full": 77.54, "ael_combined_partial": 77.54 }, "geometry": { "type": "Polygon", "coordinates": [ [ [ -8.339782, 40.665179 ], [ -8.33879, 40.665179 ], [ -8.33879, 40.664187 ], [ -8.339782, 40.664187 ], [ -8.339782, 40.665179 ] ] ] } },
{ "type": "Feature", "properties": { "value_per_ha": 3350, "exposure_id": 104, "area_ha": 0.9267, "ael_bau": 169.38, "ael_primary_full": 169.38, "ael_primary_partial": 169.38, "ael_secondary_full": 153.04, "ael_secondary_partial": 159.54, "ael_combined_full": 158.6, "ael_combined_partial": 167.9 }, "geometry": { "type": "Polygon", "coordinates": [ [ [ -8.143353, 40.480655 ], [ -8.142361, 40.480655 ], [ -8.142361, 40.479663 ], [ -8.143353, 40.479663 ], [ -8.143353, 40.480655 ] ] ] } },
{ "type": "Feature", "properties": { "value_per_ha": 3350, "exposure_id": 105, "area_ha": 0.9267, "ael_bau": 165.88, "ael_primary_full": 165.88, "ael_primary_partial": 165.88, "ael_secondary_full": 149.49, "ael_secondary_partial": 157.27, "ael_combined_full": 158.6, "ael_combined_partial": 163.68 }, "geometry": { "type": "Polygon", "coordinates": [ [ [ -8.143353, 40.477679 ], [ -8.143353, 40.478671 ], [ -8.142361, 40.478671 ], [ -8.142361, 40.477679 ], [ -8.143353, 40.477679 ] ] ] } },
{ "type": "Feature", "properties": { "value_per_ha": 3350, "exposure_id": 106, "area_ha": 0.9267, "ael_bau": 168.11, "ael_primary_full": 168.11, "ael_primary_partial": 168.11, "ael_secondary_full": 150.14, "ael_secondary_partial": 157.27, "ael_combined_full": 159.84, "ael_combined_partial": 166.75 }, "geometry": { "type": "Polygon", "coordinates": [ [ [ -8.141369, 40.479663 ], [ -8.141369, 40.478671 ], [ -8.142361, 40.478671 ], [ -8.142361, 40.479663 ], [ -8.141369, 40.479663 ] ] ] } },
{ "type": "Feature", "properties": { "value_per_ha": 3350, "exposure_id": 107, "area_ha": 0.369, "ael_bau": 0.0, "ael_primary_full": 0.0, "ael_primary_partial": 0.0, "ael_secondary_full": 0.0, "ael_secondary_partial": 0.0, "ael_combined_full": 0.0, "ael_combined_partial": 0.0 }, "geometry": { "type": "Polygon", "coordinates": [ [ [ -8.142361, 40.465774 ], [ -8.141853, 40.465774 ], [ -8.141975, 40.465292 ], [ -8.142043, 40.464882 ], [ -8.14204, 40.464782 ], [ -8.142361, 40.464782 ], [ -8.142361, 40.465774 ] ] ] } },
{ "type": "Feature", "properties": { "value_per_ha": 3350, "exposure_id": 108, "area_ha": 2.78, "ael_bau": 708.98, "ael_primary_full": 708.59, "ael_primary_partial": 708.98, "ael_secondary_full": 634.38, "ael_secondary_partial": 668.07, "ael_combined_full": 664.86, "ael_combined_partial": 703.12 }, "geometry": { "type": "Polygon", "coordinates": [ [ [ -8.140377, 40.482639 ], [ -8.140377, 40.481647 ], [ -8.141369, 40.481647 ], [ -8.141369, 40.480655 ], [ -8.142361, 40.480655 ], [ -8.142361, 40.482639 ], [ -8.140377, 40.482639 ] ] ] } },
{ "type": "Feature", "properties": { "value_per_ha": 3350, "exposure_id": 109, "area_ha": 45.0555, "ael_bau": 6743.69, "ael_primary_full": 6743.69, "ael_primary_partial": 6743.69, "ael_secondary_full": 6158.87, "ael_secondary_partial": 6470.79, "ael_combined_full": 6655.58, "ael_combined_partial": 6730.11 }, "geometry": { "type": "Polygon", "coordinates": [ [ [ -8.135417, 40.478671 ], [ -8.135417, 40.477679 ], [ -8.134425, 40.477679 ], [ -8.134425, 40.476687 ], [ -8.132177, 40.476687 ], [ -8.13166, 40.476216 ], [ -8.131448, 40.475981 ], [ -8.131448, 40.475028 ], [ -8.131697, 40.474913 ], [ -8.132314, 40.474702 ], [ -8.135417, 40.474702 ], [ -8.135417, 40.475694 ], [ -8.137401, 40.475694 ], [ -8.137401, 40.472718 ], [ -8.138393, 40.472718 ], [ -8.138393, 40.47371 ], [ -8.142361, 40.47371 ], [ -8.142361, 40.474702 ], [ -8.141369, 40.474702 ], [ -8.141369, 40.475694 ], [ -8.142361, 40.475694 ], [ -8.142361, 40.476687 ], [ -8.141369, 40.476687 ], [ -8.141369, 40.477679 ], [ -8.140377, 40.477679 ], [ -8.140377, 40.478671 ], [ -8.138393, 40.478671 ], [ -8.138393, 40.479663 ], [ -8.140377, 40.479663 ], [ -8.140377, 40.480655 ], [ -8.13244, 40.480655 ], [ -8.13244, 40.479663 ], [ -8.134425, 40.479663 ], [ -8.134425, 40.478671 ], [ -8.135417, 40.478671 ] ] ] } },
{ "type": "Feature", "properties": { "value_per_ha": 3350, "exposure_id": 110, "area_ha": 0.1906, "ael_bau": 160.48, "ael_primary_full": 160.48, "ael_primary_partial": 160.48, "ael_secondary_full": 148.53, "ael_secondary_partial": 153.69, "ael_combined_full": 160.48, "ael_combined_partial": 160.48 }, "geometry": { "type": "Polygon", "coordinates": [ [ [ -8.138393, 40.471726 ], [ -8.137682, 40.471726 ], [ -8.138393, 40.471153 ], [ -8.138393, 40.471726 ] ] ] } },
{ "type": "Feature", "properties": { "value_per_ha": 3350, "exposure_id": 111, "area_ha": 0.9267, "ael_bau": 178.28, "ael_primary_full": 178.28, "ael_primary_partial": 178.28, "ael_secondary_full": 165.28, "ael_secondary_partial": 172.54, "ael_combined_full": 174.77, "ael_combined_partial": 177.12 }, "geometry": { "type": "Polygon", "coordinates": [ [ [ -8.131448, 40.479663 ], [ -8.130456, 40.479663 ], [ -8.130456, 40.478671 ], [ -8.131448, 40.478671 ], [ -8.131448, 40.479663 ] ] ] } },
{ "type": "Feature", "properties": { "value_per_ha": 3350, "exposure_id": 112, "area_ha": 4.8054, "ael_bau": 536.42, "ael_primary_full": 536.42, "ael_primary_partial": 536.42, "ael_secondary_full": 498.1, "ael_secondary_partial": 522.82, "ael_combined_full": 517.46, "ael_combined_partial": 514.85 }, "geometry": { "type": "Polygon", "coordinates": [ [ [ -8.126488, 40.480655 ], [ -8.126488, 40.479663 ], [ -8.124504, 40.479663 ], [ -8.124504, 40.479186 ], [ -8.124638, 40.479088 ], [ -8.124923, 40.478971 ], [ -8.125168, 40.478987 ], [ -8.125575, 40.479134 ], [ -8.125891, 40.479158 ], [ -8.126146, 40.479072 ], [ -8.126835, 40.478671 ], [ -8.128472, 40.478671 ], [ -8.128472, 40.480655 ], [ -8.126488, 40.480655 ] ] ] } },
{ "type": "Feature", "properties": { "value_per_ha": 3350, "exposure_id": 113, "area_ha": 548.2327, "ael_bau": 86006.61, "ael_primary_full": 81804.26, "ael_primary_partial": 85815.02, "ael_secondary_full": 74128.44, "ael_secondary_partial": 79131.14, "ael_combined_full": 69400.75, "ael_combined_partial": 83712.37 }, "geometry": { "type": "Polygon", "coordinates": [ [ [ -8.148313, 40.489583 ], [ -8.150298, 40.489583 ], [ -8.150298, 40.490575 ], [ -8.15129, 40.490575 ], [ -8.15129, 40.488591 ], [ -8.153274, 40.488591 ], [ -8.153274, 40.489583 ], [ -8.154266, 40.489583 ], [ -8.154266, 40.490575 ], [ -8.15625, 40.490575 ], [ -8.15625, 40.488591 ], [ -8.158234, 40.488591 ], [ -8.158234, 40.487599 ], [ -8.160218, 40.487599 ], [ -8.160218, 40.486607 ], [ -8.16121, 40.486607 ], [ -8.16121, 40.484623 ], [ -8.159226, 40.484623 ], [ -8.159226, 40.483631 ], [ -8.157242, 40.483631 ], [ -8.157242, 40.481647 ], [ -8.153274, 40.481647 ], [ -8.153274, 40.482639 ], [ -8.15129, 40.482639 ], [ -8.15129, 40.481647 ], [ -8.148313, 40.481647 ], [ -8.148313, 40.480655 ], [ -8.154266, 40.480655 ], [ -8.154266, 40.479663 ], [ -8.153274, 40.479663 ], [ -8.153274, 40.478671 ], [ -8.150298, 40.478671 ], [ -8.150298, 40.479663 ], [ -8.148313, 40.479663 ], [ -8.148313, 40.478671 ], [ -8.147321, 40.478671 ], [ -8.147321, 40.477679 ], [ -8.148313, 40.477679 ], [ -8.148313, 40.476687 ], [ -8.15129, 40.476687 ], [ -8.15129, 40.475694 ], [ -8.154266, 40.475694 ], [ -8.154266, 40.474702 ], [ -8.150298, 40.474702 ], [ -8.150298, 40.475694 ], [ -8.149306, 40.475694 ], [ -8.149306, 40.474702 ], [ -8.148313, 40.474702 ], [ -8.148313, 40.472718 ], [ -8.149306, 40.472718 ], [ -8.149306, 40.471726 ], [ -8.148313, 40.471726 ], [ -8.148313, 40.470734 ], [ -8.146329, 40.470734 ], [ -8.146329, 40.471726 ], [ -8.143353, 40.471726 ], [ -8.143353, 40.472718 ], [ -8.142361, 40.472718 ], [ -8.142361, 40.471726 ], [ -8.141369, 40.471726 ], [ -8.141369, 40.470734 ], [ -8.142361, 40.470734 ], [ -8.142361, 40.469742 ], [ -8.148313, 40.469742 ], [ -8.148313, 40.46875 ], [ -8.147321, 40.46875 ], [ -8.147321, 40.467758 ], [ -8.146329, 40.467758 ], [ -8.146329, 40.465774 ], [ -8.144345, 40.465774 ], [ -8.144345, 40.46379 ], [ -8.145337, 40.46379 ], [ -8.145337, 40.462798 ], [ -8.143353, 40.462798 ], [ -8.143353, 40.46379 ], [ -8.142361, 40.46379 ], [ -8.142361, 40.46299 ], [ -8.142554, 40.462766 ], [ -8.143011, 40.462398 ], [ -8.143617, 40.461986 ], [ -8.144016, 40.461808 ], [ -8.144771, 40.461573 ], [ -8.145211, 40.461401 ], [ -8.145527, 40.461192 ], [ -8.145942, 40.460722 ], [ -8.146448, 40.460329 ], [ -8.146797, 40.460119 ], [ -8.147162, 40.459967 ], [ -8.147889, 40.459821 ], [ -8.148313, 40.459821 ], [ -8.148313, 40.460813 ], [ -8.149306, 40.460813 ], [ -8.149306, 40.462798 ], [ -8.150298, 40.462798 ], [ -8.150298, 40.46379 ], [ -8.152282, 40.46379 ], [ -8.152282, 40.465774 ], [ -8.153274, 40.465774 ], [ -8.153274, 40.464782 ], [ -8.154266, 40.464782 ], [ -8.154266, 40.461806 ], [ -8.155258, 40.461806 ], [ -8.155258, 40.459821 ], [ -8.154266, 40.459821 ], [ -8.154266, 40.458829 ], [ -8.158234, 40.458829 ], [ -8.158234, 40.456845 ], [ -8.155258, 40.456845 ], [ -8.155258, 40.455853 ], [ -8.154266, 40.455853 ], [ -8.154266, 40.454861 ], [ -8.153274, 40.454861 ], [ -8.153274, 40.455853 ], [ -8.153144, 40.455853 ], [ -8.153024, 40.455294 ], [ -8.152874, 40.454862 ], [ -8.15264, 40.454342 ], [ -8.152619, 40.454145 ], [ -8.152664, 40.453967 ], [ -8.152732, 40.453869 ], [ -8.153274, 40.453869 ], [ -8.153274, 40.453341 ], [ -8.153542, 40.453063 ], [ -8.15458, 40.453033 ], [ -8.154534, 40.452877 ], [ -8.155258, 40.452877 ], [ -8.155258, 40.453869 ], [ -8.157242, 40.453869 ], [ -8.157242, 40.451885 ], [ -8.154266, 40.451885 ], [ -8.154266, 40.451318 ], [ -8.15434, 40.450972 ], [ -8.154385, 40.450893 ], [ -8.155258, 40.450893 ], [ -8.155258, 40.450182 ], [ -8.155401, 40.450137 ], [ -8.156584, 40.449901 ], [ -8.157242, 40.449901 ], [ -8.157242, 40.44963 ], [ -8.157576, 40.449447 ], [ -8.157856, 40.449264 ], [ -8.157866, 40.44924 ], [ -8.158093, 40.449316 ], [ -8.158234, 40.449341 ], [ -8.158234, 40.449901 ], [ -8.163194, 40.449901 ], [ -8.163194, 40.450893 ], [ -8.164187, 40.450893 ], [ -8.164187, 40.452877 ], [ -8.162202, 40.452877 ], [ -8.162202, 40.453869 ], [ -8.16121, 40.453869 ], [ -8.16121, 40.455853 ], [ -8.162202, 40.455853 ], [ -8.162202, 40.456845 ], [ -8.164187, 40.456845 ], [ -8.164187, 40.458829 ], [ -8.16121, 40.458829 ], [ -8.16121, 40.459821 ], [ -8.159226, 40.459821 ], [ -8.159226, 40.460813 ], [ -8.158234, 40.460813 ], [ -8.158234, 40.46379 ], [ -8.159226, 40.46379 ], [ -8.159226, 40.465774 ], [ -8.158234, 40.465774 ], [ -8.158234, 40.466766 ], [ -8.15625, 40.466766 ], [ -8.15625, 40.467758 ], [ -8.153274, 40.467758 ], [ -8.153274, 40.46875 ], [ -8.154266, 40.46875 ], [ -8.154266, 40.470734 ], [ -8.155258, 40.470734 ], [ -8.155258, 40.471726 ], [ -8.15625, 40.471726 ], [ -8.15625, 40.472718 ], [ -8.157242, 40.472718 ], [ -8.157242, 40.470734 ], [ -8.160218, 40.470734 ], [ -8.160218, 40.471726 ], [ -8.159226, 40.471726 ], [ -8.159226, 40.47371 ], [ -8.16121, 40.47371 ], [ -8.16121, 40.472718 ], [ -8.162202, 40.472718 ], [ -8.162202, 40.47371 ], [ -8.163194, 40.47371 ], [ -8.163194, 40.472718 ], [ -8.165179, 40.472718 ], [ -8.165179, 40.474702 ], [ -8.166171, 40.474702 ], [ -8.166171, 40.478671 ], [ -8.167163, 40.478671 ], [ -8.167163, 40.479663 ], [ -8.170139, 40.479663 ], [ -8.170139, 40.480655 ], [ -8.169147, 40.480655 ], [ -8.169147, 40.481647 ], [ -8.168155, 40.481647 ], [ -8.168155, 40.484623 ], [ -8.167163, 40.484623 ], [ -8.167163, 40.485615 ], [ -8.166171, 40.485615 ], [ -8.166171, 40.486607 ], [ -8.164187, 40.486607 ], [ -8.164187, 40.488591 ], [ -8.166171, 40.488591 ], [ -8.166171, 40.489583 ], [ -8.167163, 40.489583 ], [ -8.167163, 40.491567 ], [ -8.173115, 40.491567 ], [ -8.173115, 40.490575 ], [ -8.174107, 40.490575 ], [ -8.174107, 40.491567 ], [ -8.175099, 40.491567 ], [ -8.175099, 40.49256 ], [ -8.176091, 40.49256 ], [ -8.176091, 40.493552 ], [ -8.175099, 40.493552 ], [ -8.175099, 40.494544 ], [ -8.174107, 40.494544 ], [ -8.174107, 40.495536 ], [ -8.170139, 40.495536 ], [ -8.170139, 40.493552 ], [ -8.171131, 40.493552 ], [ -8.171131, 40.49256 ], [ -8.169147, 40.49256 ], [ -8.169147, 40.493552 ], [ -8.168155, 40.493552 ], [ -8.168155, 40.494544 ], [ -8.167163, 40.494544 ], [ -8.167163, 40.496528 ], [ -8.162202, 40.496528 ], [ -8.162202, 40.494544 ], [ -8.163194, 40.494544 ], [ -8.163194, 40.493552 ], [ -8.164187, 40.493552 ], [ -8.164187, 40.49256 ], [ -8.166171, 40.49256 ], [ -8.166171, 40.491567 ], [ -8.164187, 40.491567 ], [ -8.164187, 40.489583 ], [ -8.162202, 40.489583 ], [ -8.162202, 40.490575 ], [ -8.16121, 40.490575 ], [ -8.16121, 40.491567 ], [ -8.163194, 40.491567 ], [ -8.163194, 40.49256 ], [ -8.162202, 40.49256 ], [ -8.162202, 40.493552 ], [ -8.16121, 40.493552 ], [ -8.16121, 40.494544 ], [ -8.160218, 40.494544 ], [ -8.160218, 40.493552 ], [ -8.158234, 40.493552 ], [ -8.158234, 40.494544 ], [ -8.155258, 40.494544 ], [ -8.155258, 40.495536 ], [ -8.157242, 40.495536 ], [ -8.157242, 40.49752 ], [ -8.155258, 40.49752 ], [ -8.155258, 40.496528 ], [ -8.15129, 40.496528 ], [ -8.15129, 40.494544 ], [ -8.148313, 40.494544 ], [ -8.148313, 40.495536 ], [ -8.146329, 40.495536 ], [ -8.146329, 40.493552 ], [ -8.148313, 40.493552 ], [ -8.148313, 40.49256 ], [ -8.143353, 40.49256 ], [ -8.143353, 40.491567 ], [ -8.139385, 40.491567 ], [ -8.139385, 40.489583 ], [ -8.141369, 40.489583 ], [ -8.141369, 40.488591 ], [ -8.138393, 40.488591 ], [ -8.138393, 40.490575 ], [ -8.133555, 40.490575 ], [ -8.133616, 40.490276 ], [ -8.13382, 40.489895 ], [ -8.134098, 40.489583 ], [ -8.135417, 40.489583 ], [ -8.135417, 40.488591 ], [ -8.137401, 40.488591 ], [ -8.137401, 40.487599 ], [ -8.136409, 40.487599 ], [ -8.136409, 40.485615 ], [ -8.137401, 40.485615 ], [ -8.137401, 40.486607 ], [ -8.138393, 40.486607 ], [ -8.138393, 40.487599 ], [ -8.139385, 40.487599 ], [ -8.139385, 40.486607 ], [ -8.142361, 40.486607 ], [ -8.142361, 40.485615 ], [ -8.143353, 40.485615 ], [ -8.143353, 40.484623 ], [ -8.141369, 40.484623 ], [ -8.141369, 40.483631 ], [ -8.143353, 40.483631 ], [ -8.143353, 40.482639 ], [ -8.144345, 40.482639 ], [ -8.144345, 40.484623 ], [ -8.145337, 40.484623 ], [ -8.145337, 40.485615 ], [ -8.147321, 40.485615 ], [ -8.147321, 40.487599 ], [ -8.148313, 40.487599 ], [ -8.148313, 40.489583 ] ], [ [ -8.16121, 40.487599 ], [ -8.162202, 40.487599 ], [ -8.162202, 40.488591 ], [ -8.163194, 40.488591 ], [ -8.163194, 40.486607 ], [ -8.16121, 40.486607 ], [ -8.16121, 40.487599 ] ], [ [ -8.150298, 40.471726 ], [ -8.150298, 40.470734 ], [ -8.149306, 40.470734 ], [ -8.149306, 40.471726 ], [ -8.150298, 40.471726 ] ], [ [ -8.148313, 40.462798 ], [ -8.148313, 40.461806 ], [ -8.147321, 40.461806 ], [ -8.147321, 40.462798 ], [ -8.146329, 40.462798 ], [ -8.146329, 40.464782 ], [ -8.148313, 40.464782 ], [ -8.148313, 40.465774 ], [ -8.149306, 40.465774 ], [ -8.149306, 40.462798 ], [ -8.148313, 40.462798 ] ], [ [ -8.157242, 40.454861 ], [ -8.15625, 40.454861 ], [ -8.15625, 40.455853 ], [ -8.158234, 40.455853 ], [ -8.158234, 40.453869 ], [ -8.157242, 40.453869 ], [ -8.157242, 40.454861 ] ], [ [ -8.153274, 40.466766 ], [ -8.152282, 40.466766 ], [ -8.152282, 40.467758 ], [ -8.153274, 40.467758 ], [ -8.153274, 40.466766 ] ], [ [ -8.154266, 40.471726 ], [ -8.154266, 40.472718 ], [ -8.155258, 40.472718 ], [ -8.155258, 40.471726 ], [ -8.154266, 40.471726 ] ], [ [ -8.166171, 40.493552 ], [ -8.167163, 40.493552 ], [ -8.167163, 40.49256 ], [ -8.166171, 40.49256 ], [ -8.166171, 40.493552 ] ], [ [ -8.145337, 40.487599 ], [ -8.145337, 40.488591 ], [ -8.147321, 40.488591 ], [ -8.147321, 40.487599 ], [ -8.145337, 40.487599 ] ], [ [ -8.160218, 40.491567 ], [ -8.160218, 40.490575 ], [ -8.158234, 40.490575 ], [ -8.158234, 40.491567 ], [ -8.160218, 40.491567 ] ], [ [ -8.162202, 40.481647 ], [ -8.162202, 40.483631 ], [ -8.163194, 40.483631 ], [ -8.163194, 40.481647 ], [ -8.162202, 40.481647 ] ], [ [ -8.159226, 40.481647 ], [ -8.159226, 40.482639 ], [ -8.160218, 40.482639 ], [ -8.160218, 40.481647 ], [ -8.159226, 40.481647 ] ], [ [ -8.160218, 40.474702 ], [ -8.160218, 40.475694 ], [ -8.16121, 40.475694 ], [ -8.16121, 40.474702 ], [ -8.160218, 40.474702 ] ], [ [ -8.16121, 40.477679 ], [ -8.162202, 40.477679 ], [ -8.162202, 40.475694 ], [ -8.16121, 40.475694 ], [ -8.16121, 40.477679 ] ], [ [ -8.159226, 40.450893 ], [ -8.159226, 40.451885 ], [ -8.160218, 40.451885 ], [ -8.160218, 40.450893 ], [ -8.159226, 40.450893 ] ] ] } },
{ "type": "Feature", "properties": { "value_per_ha": 3350, "exposure_id": 114, "area_ha": 21.2774, "ael_bau": 2944.9, "ael_primary_full": 1978.96, "ael_primary_partial": 2943.92, "ael_secondary_full": 2714.4, "ael_secondary_partial": 2806.48, "ael_combined_full": 1780.63, "ael_combined_partial": 2917.34 }, "geometry": { "type": "Polygon", "coordinates": [ [ [ -8.165179, 40.466766 ], [ -8.165179, 40.465774 ], [ -8.162202, 40.465774 ], [ -8.162202, 40.46379 ], [ -8.164187, 40.46379 ], [ -8.164187, 40.461806 ], [ -8.166171, 40.461806 ], [ -8.166171, 40.460813 ], [ -8.167163, 40.460813 ], [ -8.167163, 40.460862 ], [ -8.166992, 40.461007 ], [ -8.166661, 40.461217 ], [ -8.166592, 40.46129 ], [ -8.166552, 40.461361 ], [ -8.166547, 40.461639 ], [ -8.166641, 40.461883 ], [ -8.1667, 40.462138 ], [ -8.166767, 40.462239 ], [ -8.167163, 40.462548 ], [ -8.167163, 40.462798 ], [ -8.16745, 40.462798 ], [ -8.1677, 40.463061 ], [ -8.167797, 40.46326 ], [ -8.167925, 40.463418 ], [ -8.168011, 40.463593 ], [ -8.168155, 40.463703 ], [ -8.168155, 40.465774 ], [ -8.169147, 40.465774 ], [ -8.169147, 40.466766 ], [ -8.165179, 40.466766 ] ] ] } },
{ "type": "Feature", "properties": { "value_per_ha": 3350, "exposure_id": 115, "area_ha": 0.9268, "ael_bau": 129.34, "ael_primary_full": 102.08, "ael_primary_partial": 129.34, "ael_secondary_full": 120.5, "ael_secondary_partial": 124.78, "ael_combined_full": 91.43, "ael_combined_partial": 129.34 }, "geometry": { "type": "Polygon", "coordinates": [ [ [ -8.167163, 40.467758 ], [ -8.168155, 40.467758 ], [ -8.168155, 40.46875 ], [ -8.167163, 40.46875 ], [ -8.167163, 40.467758 ] ] ] } },
{ "type": "Feature", "properties": { "value_per_ha": 3350, "exposure_id": 116, "area_ha": 0.3109, "ael_bau": 0.0, "ael_primary_full": 0.0, "ael_primary_partial": 0.0, "ael_secondary_full": 0.0, "ael_secondary_partial": 0.0, "ael_combined_full": 0.0, "ael_combined_partial": 0.0 }, "geometry": { "type": "Polygon", "coordinates": [ [ [ -8.164187, 40.449901 ], [ -8.163194, 40.449901 ], [ -8.163194, 40.449186 ], [ -8.163288, 40.449254 ], [ -8.163374, 40.449363 ], [ -8.163594, 40.449565 ], [ -8.163993, 40.449743 ], [ -8.164187, 40.449848 ], [ -8.164187, 40.449901 ] ] ] } },
{ "type": "Feature", "properties": { "value_per_ha": 3350, "exposure_id": 117, "area_ha": 0.7326, "ael_bau": 124.25, "ael_primary_full": 0.0, "ael_primary_partial": 114.15, "ael_secondary_full": 122.11, "ael_secondary_partial": 122.18, "ael_combined_full": 0.0, "ael_combined_partial": 117.57 }, "geometry": { "type": "Polygon", "coordinates": [ [ [ -8.161336, 40.448909 ], [ -8.161411, 40.448745 ], [ -8.16144, 40.448547 ], [ -8.161505, 40.448311 ], [ -8.161586, 40.448118 ], [ -8.16173, 40.448008 ], [ -8.161834, 40.447965 ], [ -8.161939, 40.447968 ], [ -8.162063, 40.44807 ], [ -8.162197, 40.448344 ], [ -8.162309, 40.448486 ], [ -8.162786, 40.448909 ], [ -8.161336, 40.448909 ] ] ] } },
{ "type": "Feature", "properties": { "value_per_ha": 3350, "exposure_id": 118, "area_ha": 0.9268, "ael_bau": 143.96, "ael_primary_full": 134.56, "ael_primary_partial": 143.96, "ael_secondary_full": 127.26, "ael_secondary_partial": 133.22, "ael_combined_full": 108.22, "ael_combined_partial": 142.16 }, "geometry": { "type": "Polygon", "coordinates": [ [ [ -8.16121, 40.472718 ], [ -8.160218, 40.472718 ], [ -8.160218, 40.471726 ], [ -8.16121, 40.471726 ], [ -8.16121, 40.472718 ] ] ] } },
{ "type": "Feature", "properties": { "value_per_ha": 3350, "exposure_id": 119, "area_ha": 1.8538, "ael_bau": 267.89, "ael_primary_full": 229.1, "ael_primary_partial": 267.89, "ael_secondary_full": 204.26, "ael_secondary_partial": 240.13, "ael_combined_full": 165.44, "ael_combined_partial": 255.5 }, "geometry": { "type": "Polygon", "coordinates": [ [ [ -8.16121, 40.466766 ], [ -8.160218, 40.466766 ], [ -8.160218, 40.464782 ], [ -8.16121, 40.464782 ], [ -8.16121, 40.466766 ] ] ] } },
{ "type": "Feature", "properties": { "value_per_ha": 3350, "exposure_id": 120, "area_ha": 0.9269, "ael_bau": 292.04, "ael_primary_full": 290.97, "ael_primary_partial": 292.04, "ael_secondary_full": 264.51, "ael_secondary_partial": 272.95, "ael_combined_full": 257.49, "ael_combined_partial": 290.83 }, "geometry": { "type": "Polygon", "coordinates": [ [ [ -8.153274, 40.461806 ], [ -8.152282, 40.461806 ], [ -8.152282, 40.460813 ], [ -8.153274, 40.460813 ], [ -8.153274, 40.461806 ] ] ] } },
{ "type": "Feature", "properties": { "value_per_ha": 3350, "exposure_id": 121, "area_ha": 5.2841, "ael_bau": 1087.14, "ael_primary_full": 1087.14, "ael_primary_partial": 1087.14, "ael_secondary_full": 999.42, "ael_secondary_partial": 1031.67, "ael_combined_full": 1051.71, "ael_combined_partial": 1087.09 }, "geometry": { "type": "MultiPolygon", "coordinates": [ [ [ [ -8.130456, 40.513393 ], [ -8.130416, 40.513393 ], [ -8.1304, 40.513187 ], [ -8.13044, 40.512945 ], [ -8.130456, 40.512922 ], [ -8.130456, 40.513393 ] ] ], [ [ [ -8.130456, 40.518353 ], [ -8.131448, 40.518353 ], [ -8.131448, 40.519345 ], [ -8.130456, 40.519345 ], [ -8.130456, 40.520337 ], [ -8.129339, 40.520337 ], [ -8.129225, 40.520124 ], [ -8.128823, 40.519621 ], [ -8.128672, 40.51937 ], [ -8.128553, 40.518982 ], [ -8.128487, 40.518676 ], [ -8.128494, 40.518444 ], [ -8.128573, 40.518213 ], [ -8.128665, 40.518027 ], [ -8.128797, 40.517826 ], [ -8.128995, 40.51766 ], [ -8.129172, 40.5176 ], [ -8.129831, 40.51764 ], [ -8.130288, 40.51763 ], [ -8.130456, 40.51759 ], [ -8.130456, 40.518353 ] ] ] ] } },
{ "type": "Feature", "properties": { "value_per_ha": 3350, "exposure_id": 122, "area_ha": 0.0856, "ael_bau": 0.0, "ael_primary_full": 0.0, "ael_primary_partial": 0.0, "ael_secondary_full": 0.0, "ael_secondary_partial": 0.0, "ael_combined_full": 0.0, "ael_combined_partial": 0.0 }, "geometry": { "type": "Polygon", "coordinates": [ [ [ -8.128024, 40.522321 ], [ -8.128171, 40.522172 ], [ -8.128472, 40.521935 ], [ -8.128472, 40.522321 ], [ -8.128024, 40.522321 ] ] ] } },
{ "type": "Feature", "properties": { "value_per_ha": 3350, "exposure_id": 123, "area_ha": 0.1038, "ael_bau": 177.32, "ael_primary_full": 177.32, "ael_primary_partial": 177.32, "ael_secondary_full": 159.8, "ael_secondary_partial": 166.37, "ael_combined_full": 177.32, "ael_combined_partial": 175.97 }, "geometry": { "type": "Polygon", "coordinates": [ [ [ -8.126488, 40.52629 ], [ -8.126488, 40.526901 ], [ -8.126295, 40.52663 ], [ -8.126235, 40.526464 ], [ -8.126222, 40.526343 ], [ -8.126226, 40.52629 ], [ -8.126488, 40.52629 ] ] ] } },
{ "type": "Feature", "properties": { "value_per_ha": 3350, "exposure_id": 124, "area_ha": 1.8524, "ael_bau": 358.46, "ael_primary_full": 358.46, "ael_primary_partial": 358.46, "ael_secondary_full": 331.21, "ael_secondary_partial": 347.68, "ael_combined_full": 357.4, "ael_combined_partial": 350.02 }, "geometry": { "type": "Polygon", "coordinates": [ [ [ -8.128472, 40.477714 ], [ -8.128541, 40.477679 ], [ -8.130456, 40.477679 ], [ -8.130456, 40.478671 ], [ -8.128472, 40.478671 ], [ -8.128472, 40.477714 ] ] ] } },
{ "type": "Feature", "properties": { "value_per_ha": 3350, "exposure_id": 125, "area_ha": 3.7048, "ael_bau": 427.42, "ael_primary_full": 204.74, "ael_primary_partial": 394.74, "ael_secondary_full": 397.25, "ael_secondary_partial": 409.42, "ael_combined_full": 200.27, "ael_combined_partial": 383.83 }, "geometry": { "type": "Polygon", "coordinates": [ [ [ -8.24256, 40.515377 ], [ -8.24256, 40.514385 ], [ -8.244544, 40.514385 ], [ -8.244544, 40.517361 ], [ -8.243552, 40.517361 ], [ -8.243552, 40.515377 ], [ -8.24256, 40.515377 ] ] ] } },
{ "type": "Feature", "properties": { "value_per_ha": 3350, "exposure_id": 126, "area_ha": 1.8523, "ael_bau": 453.16, "ael_primary_full": 67.86, "ael_primary_partial": 415.73, "ael_secondary_full": 379.86, "ael_secondary_partial": 399.67, "ael_combined_full": 52.24, "ael_combined_partial": 378.84 }, "geometry": { "type": "Polygon", "coordinates": [ [ [ -8.228671, 40.521329 ], [ -8.227679, 40.521329 ], [ -8.227679, 40.519345 ], [ -8.228671, 40.519345 ], [ -8.228671, 40.521329 ] ] ] } },
{ "type": "Feature", "properties": { "value_per_ha": 3350, "exposure_id": 127, "area_ha": 0.9261, "ael_bau": 97.56, "ael_primary_full": 61.48, "ael_primary_partial": 93.9, "ael_secondary_full": 85.7, "ael_secondary_partial": 88.71, "ael_combined_full": 59.08, "ael_combined_partial": 84.53 }, "geometry": { "type": "Polygon", "coordinates": [ [ [ -8.246528, 40.522321 ], [ -8.245536, 40.522321 ], [ -8.245536, 40.521329 ], [ -8.246528, 40.521329 ], [ -8.246528, 40.522321 ] ] ] } },
{ "type": "Feature", "properties": { "value_per_ha": 3350, "exposure_id": 128, "area_ha": 0.9261, "ael_bau": 0.0, "ael_primary_full": 0.0, "ael_primary_partial": 0.0, "ael_secondary_full": 0.0, "ael_secondary_partial": 0.0, "ael_combined_full": 0.0, "ael_combined_partial": 0.0 }, "geometry": { "type": "Polygon", "coordinates": [ [ [ -8.226687, 40.523313 ], [ -8.225694, 40.523313 ], [ -8.225694, 40.522321 ], [ -8.226687, 40.522321 ], [ -8.226687, 40.523313 ] ] ] } },
{ "type": "Feature", "properties": { "value_per_ha": 3350, "exposure_id": 129, "area_ha": 0.9261, "ael_bau": 161.12, "ael_primary_full": 109.04, "ael_primary_partial": 161.12, "ael_secondary_full": 141.12, "ael_secondary_partial": 149.15, "ael_combined_full": 93.91, "ael_combined_partial": 154.46 }, "geometry": { "type": "Polygon", "coordinates": [ [ [ -8.206845, 40.524306 ], [ -8.205853, 40.524306 ], [ -8.205853, 40.523313 ], [ -8.206845, 40.523313 ], [ -8.206845, 40.524306 ] ] ] } },
{ "type": "Feature", "properties": { "value_per_ha": 3350, "exposure_id": 130, "area_ha": 10.1869, "ael_bau": 1388.08, "ael_primary_full": 691.94, "ael_primary_partial": 1294.32, "ael_secondary_full": 1161.8, "ael_secondary_partial": 1225.66, "ael_combined_full": 534.87, "ael_combined_partial": 1167.25 }, "geometry": { "type": "Polygon", "coordinates": [ [ [ -8.220734, 40.524306 ], [ -8.221726, 40.524306 ], [ -8.221726, 40.523313 ], [ -8.224702, 40.523313 ], [ -8.224702, 40.525298 ], [ -8.222718, 40.525298 ], [ -8.222718, 40.52629 ], [ -8.220734, 40.52629 ], [ -8.220734, 40.525298 ], [ -8.219742, 40.525298 ], [ -8.219742, 40.523313 ], [ -8.220734, 40.523313 ], [ -8.220734, 40.524306 ] ] ] } },
{ "type": "Feature", "properties": { "value_per_ha": 3350, "exposure_id": 131, "area_ha": 1.8521, "ael_bau": 315.24, "ael_primary_full": 149.64, "ael_primary_partial": 288.32, "ael_secondary_full": 256.46, "ael_secondary_partial": 270.35, "ael_combined_full": 108.84, "ael_combined_partial": 252.05 }, "geometry": { "type": "Polygon", "coordinates": [ [ [ -8.224702, 40.527282 ], [ -8.222718, 40.527282 ], [ -8.222718, 40.52629 ], [ -8.224702, 40.52629 ], [ -8.224702, 40.527282 ] ] ] } },
{ "type": "Feature", "properties": { "value_per_ha": 3350, "exposure_id": 132, "area_ha": 5.5561, "ael_bau": 601.56, "ael_primary_full": 433.26, "ael_primary_partial": 554.55, "ael_secondary_full": 517.11, "ael_secondary_partial": 541.67, "ael_combined_full": 388.09, "ael_combined_partial": 515.62 }, "geometry": { "type": "Polygon", "coordinates": [ [ [ -8.233631, 40.529266 ], [ -8.233631, 40.530258 ], [ -8.227679, 40.530258 ], [ -8.227679, 40.529266 ], [ -8.233631, 40.529266 ] ] ] } },
{ "type": "Feature", "properties": { "value_per_ha": 3350, "exposure_id": 133, "area_ha": 0.926, "ael_bau": 148.41, "ael_primary_full": 95.12, "ael_primary_partial": 120.78, "ael_secondary_full": 123.72, "ael_secondary_partial": 127.05, "ael_combined_full": 82.1, "ael_combined_partial": 107.58 }, "geometry": { "type": "Polygon", "coordinates": [ [ [ -8.226687, 40.53125 ], [ -8.226687, 40.530258 ], [ -8.227679, 40.530258 ], [ -8.227679, 40.53125 ], [ -8.226687, 40.53125 ] ] ] } },
{ "type": "Feature", "properties": { "value_per_ha": 3350, "exposure_id": 134, "area_ha": 0.926, "ael_bau": 155.08, "ael_primary_full": 110.2, "ael_primary_partial": 135.14, "ael_secondary_full": 126.62, "ael_secondary_partial": 134.85, "ael_combined_full": 78.99, "ael_combined_partial": 116.8 }, "geometry": { "type": "Polygon", "coordinates": [ [ [ -8.225694, 40.53125 ], [ -8.225694, 40.532242 ], [ -8.224702, 40.532242 ], [ -8.224702, 40.53125 ], [ -8.225694, 40.53125 ] ] ] } },
{ "type": "Feature", "properties": { "value_per_ha": 3350, "exposure_id": 135, "area_ha": 1.8519, "ael_bau": 320.96, "ael_primary_full": 235.48, "ael_primary_partial": 289.06, "ael_secondary_full": 210.71, "ael_secondary_partial": 265.47, "ael_combined_full": 74.63, "ael_combined_partial": 247.44 }, "geometry": { "type": "Polygon", "coordinates": [ [ [ -8.222718, 40.533234 ], [ -8.222718, 40.532242 ], [ -8.224702, 40.532242 ], [ -8.224702, 40.533234 ], [ -8.222718, 40.533234 ] ] ] } },
{ "type": "Feature", "properties": { "value_per_ha": 3350, "exposure_id": 136, "area_ha": 3.7039, "ael_bau": 490.98, "ael_primary_full": 399.62, "ael_primary_partial": 472.04, "ael_secondary_full": 416.58, "ael_secondary_partial": 446.14, "ael_combined_full": 281.74, "ael_combined_partial": 440.7 }, "geometry": { "type": "Polygon", "coordinates": [ [ [ -8.230655, 40.533234 ], [ -8.226687, 40.533234 ], [ -8.226687, 40.532242 ], [ -8.230655, 40.532242 ], [ -8.230655, 40.533234 ] ] ] } },
{ "type": "Feature", "properties": { "value_per_ha": 3350, "exposure_id": 137, "area_ha": 1.8517, "ael_bau": 207.2, "ael_primary_full": 201.26, "ael_primary_partial": 207.2, "ael_secondary_full": 195.89, "ael_secondary_partial": 202.76, "ael_combined_full": 185.96, "ael_combined_partial": 206.12 }, "geometry": { "type": "Polygon", "coordinates": [ [ [ -8.254464, 40.543155 ], [ -8.25248, 40.543155 ], [ -8.25248, 40.542163 ], [ -8.254464, 40.542163 ], [ -8.254464, 40.543155 ] ] ] } },
{ "type": "Feature", "properties": { "value_per_ha": 3350, "exposure_id": 138, "area_ha": 0.9258, "ael_bau": 203.38, "ael_primary_full": 196.04, "ael_primary_partial": 203.38, "ael_secondary_full": 192.99, "ael_secondary_partial": 201.14, "ael_combined_full": 185.96, "ael_combined_partial": 203.38 }, "geometry": { "type": "Polygon", "coordinates": [ [ [ -8.254464, 40.549107 ], [ -8.253472, 40.549107 ], [ -8.253472, 40.548115 ], [ -8.254464, 40.548115 ], [ -8.254464, 40.549107 ] ] ] } },
{ "type": "Feature", "properties": { "value_per_ha": 3350, "exposure_id": 139, "area_ha": 1.8508, "ael_bau": 102.01, "ael_primary_full": 102.01, "ael_primary_partial": 102.01, "ael_secondary_full": 88.92, "ael_secondary_partial": 94.88, "ael_combined_full": 89.56, "ael_combined_partial": 98.74 }, "geometry": { "type": "Polygon", "coordinates": [ [ [ -8.245536, 40.574901 ], [ -8.243552, 40.574901 ], [ -8.243552, 40.573909 ], [ -8.245536, 40.573909 ], [ -8.245536, 40.574901 ] ] ] } },
{ "type": "Feature", "properties": { "value_per_ha": 3350, "exposure_id": 140, "area_ha": 0.9253, "ael_bau": 0.0, "ael_primary_full": 0.0, "ael_primary_partial": 0.0, "ael_secondary_full": 0.0, "ael_secondary_partial": 0.0, "ael_combined_full": 0.0, "ael_combined_partial": 0.0 }, "geometry": { "type": "Polygon", "coordinates": [ [ [ -8.250496, 40.580853 ], [ -8.249504, 40.580853 ], [ -8.249504, 40.579861 ], [ -8.250496, 40.579861 ], [ -8.250496, 40.580853 ] ] ] } },
{ "type": "Feature", "properties": { "value_per_ha": 3350, "exposure_id": 141, "area_ha": 0.9252, "ael_bau": 125.21, "ael_primary_full": 125.21, "ael_primary_partial": 125.21, "ael_secondary_full": 108.9, "ael_secondary_partial": 115.03, "ael_combined_full": 110.08, "ael_combined_partial": 116.8 }, "geometry": { "type": "Polygon", "coordinates": [ [ [ -8.230655, 40.586806 ], [ -8.230655, 40.585813 ], [ -8.231647, 40.585813 ], [ -8.231647, 40.586806 ], [ -8.230655, 40.586806 ] ] ] } },
{ "type": "Feature", "properties": { "value_per_ha": 3350, "exposure_id": 142, "area_ha": 0.9252, "ael_bau": 120.12, "ael_primary_full": 119.48, "ael_primary_partial": 119.67, "ael_secondary_full": 102.13, "ael_secondary_partial": 105.93, "ael_combined_full": 100.76, "ael_combined_partial": 106.04 }, "geometry": { "type": "Polygon", "coordinates": [ [ [ -8.231647, 40.58879 ], [ -8.231647, 40.589782 ], [ -8.230655, 40.589782 ], [ -8.230655, 40.58879 ], [ -8.231647, 40.58879 ] ] ] } },
{ "type": "Feature", "properties": { "value_per_ha": 3350, "exposure_id": 143, "area_ha": 1.8504, "ael_bau": 244.06, "ael_primary_full": 241.86, "ael_primary_partial": 240.82, "ael_secondary_full": 207.49, "ael_secondary_partial": 218.68, "ael_combined_full": 205.24, "ael_combined_partial": 214.78 }, "geometry": { "type": "Polygon", "coordinates": [ [ [ -8.228671, 40.590774 ], [ -8.228671, 40.589782 ], [ -8.230655, 40.589782 ], [ -8.230655, 40.590774 ], [ -8.228671, 40.590774 ] ] ] } },
{ "type": "Feature", "properties": { "value_per_ha": 3350, "exposure_id": 144, "area_ha": 0.9252, "ael_bau": 0.0, "ael_primary_full": 0.0, "ael_primary_partial": 0.0, "ael_secondary_full": 0.0, "ael_secondary_partial": 0.0, "ael_combined_full": 0.0, "ael_combined_partial": 0.0 }, "geometry": { "type": "Polygon", "coordinates": [ [ [ -8.225694, 40.591766 ], [ -8.224702, 40.591766 ], [ -8.224702, 40.590774 ], [ -8.225694, 40.590774 ], [ -8.225694, 40.591766 ] ] ] } },
{ "type": "Feature", "properties": { "value_per_ha": 3350, "exposure_id": 145, "area_ha": 0.9266, "ael_bau": 129.02, "ael_primary_full": 120.64, "ael_primary_partial": 129.02, "ael_secondary_full": 96.98, "ael_secondary_partial": 101.71, "ael_combined_full": 85.21, "ael_combined_partial": 107.97 }, "geometry": { "type": "Polygon", "coordinates": [ [ [ -8.148313, 40.486607 ], [ -8.149306, 40.486607 ], [ -8.149306, 40.487599 ], [ -8.148313, 40.487599 ], [ -8.148313, 40.486607 ] ] ] } },
{ "type": "Feature", "properties": { "value_per_ha": 3350, "exposure_id": 146, "area_ha": 0.9266, "ael_bau": 129.02, "ael_primary_full": 120.64, "ael_primary_partial": 129.02, "ael_secondary_full": 96.98, "ael_secondary_partial": 101.71, "ael_combined_full": 85.21, "ael_combined_partial": 107.97 }, "geometry": { "type": "Polygon", "coordinates": [ [ [ -8.150298, 40.488591 ], [ -8.149306, 40.488591 ], [ -8.149306, 40.487599 ], [ -8.150298, 40.487599 ], [ -8.150298, 40.488591 ] ] ] } },
{ "type": "Feature", "properties": { "value_per_ha": 3350, "exposure_id": 147, "area_ha": 0.1536, "ael_bau": 0.0, "ael_primary_full": 0.0, "ael_primary_partial": 0.0, "ael_secondary_full": 0.0, "ael_secondary_partial": 0.0, "ael_combined_full": 0.0, "ael_combined_partial": 0.0 }, "geometry": { "type": "Polygon", "coordinates": [ [ [ -8.137348, 40.49256 ], [ -8.137119, 40.492716 ], [ -8.136905, 40.492739 ], [ -8.136599, 40.492739 ], [ -8.136344, 40.492677 ], [ -8.136065, 40.49256 ], [ -8.137348, 40.49256 ] ] ] } },
{ "type": "Feature", "properties": { "value_per_ha": 3350, "exposure_id": 148, "area_ha": 0.9265, "ael_bau": 180.82, "ael_primary_full": 180.82, "ael_primary_partial": 180.82, "ael_secondary_full": 157.23, "ael_secondary_partial": 164.42, "ael_combined_full": 157.97, "ael_combined_partial": 174.43 }, "geometry": { "type": "Polygon", "coordinates": [ [ [ -8.143353, 40.494544 ], [ -8.142361, 40.494544 ], [ -8.142361, 40.493552 ], [ -8.143353, 40.493552 ], [ -8.143353, 40.494544 ] ] ] } },
{ "type": "Feature", "properties": { "value_per_ha": 3350, "exposure_id": 149, "area_ha": 0.8709, "ael_bau": 0.0, "ael_primary_full": 0.0, "ael_primary_partial": 0.0, "ael_secondary_full": 0.0, "ael_secondary_partial": 0.0, "ael_combined_full": 0.0, "ael_combined_partial": 0.0 }, "geometry": { "type": "Polygon", "coordinates": [ [ [ -8.133433, 40.495536 ], [ -8.132533, 40.495536 ], [ -8.132503, 40.495354 ], [ -8.132487, 40.494734 ], [ -8.132511, 40.494544 ], [ -8.133433, 40.494544 ], [ -8.133433, 40.495536 ] ] ] } },
{ "type": "Feature", "properties": { "value_per_ha": 3350, "exposure_id": 150, "area_ha": 1.8529, "ael_bau": 327.95, "ael_primary_full": 311.46, "ael_primary_partial": 327.95, "ael_secondary_full": 277.08, "ael_secondary_partial": 297.97, "ael_combined_full": 271.17, "ael_combined_partial": 326.5 }, "geometry": { "type": "Polygon", "coordinates": [ [ [ -8.160218, 40.496528 ], [ -8.158234, 40.496528 ], [ -8.158234, 40.495536 ], [ -8.160218, 40.495536 ], [ -8.160218, 40.496528 ] ] ] } },
{ "type": "Feature", "properties": { "value_per_ha": 3350, "exposure_id": 151, "area_ha": 1.8529, "ael_bau": 289.18, "ael_primary_full": 264.48, "ael_primary_partial": 289.18, "ael_secondary_full": 204.26, "ael_secondary_partial": 248.25, "ael_combined_full": 174.14, "ael_combined_partial": 265.49 }, "geometry": { "type": "Polygon", "coordinates": [ [ [ -8.169147, 40.49752 ], [ -8.169147, 40.495536 ], [ -8.170139, 40.495536 ], [ -8.170139, 40.49752 ], [ -8.169147, 40.49752 ] ] ] } },
{ "type": "Feature", "properties": { "value_per_ha": 3350, "exposure_id": 152, "area_ha": 1.8529, "ael_bau": 287.28, "ael_primary_full": 259.84, "ael_primary_partial": 287.28, "ael_secondary_full": 227.78, "ael_secondary_partial": 261.9, "ael_combined_full": 197.78, "ael_combined_partial": 277.79 }, "geometry": { "type": "Polygon", "coordinates": [ [ [ -8.171131, 40.496528 ], [ -8.173115, 40.496528 ], [ -8.173115, 40.49752 ], [ -8.171131, 40.49752 ], [ -8.171131, 40.496528 ] ] ] } },
{ "type": "Feature", "properties": { "value_per_ha": 3350, "exposure_id": 153, "area_ha": 0.9264, "ael_bau": 141.73, "ael_primary_full": 125.86, "ael_primary_partial": 141.73, "ael_secondary_full": 123.07, "ael_secondary_partial": 129.65, "ael_combined_full": 110.08, "ael_combined_partial": 138.32 }, "geometry": { "type": "Polygon", "coordinates": [ [ [ -8.174107, 40.498512 ], [ -8.173115, 40.498512 ], [ -8.173115, 40.49752 ], [ -8.174107, 40.49752 ], [ -8.174107, 40.498512 ] ] ] } },
{ "type": "Feature", "properties": { "value_per_ha": 3350, "exposure_id": 154, "area_ha": 0.9264, "ael_bau": 175.73, "ael_primary_full": 175.73, "ael_primary_partial": 175.73, "ael_secondary_full": 154.65, "ael_secondary_partial": 165.72, "ael_combined_full": 155.49, "ael_combined_partial": 175.73 }, "geometry": { "type": "Polygon", "coordinates": [ [ [ -8.143353, 40.49752 ], [ -8.144345, 40.49752 ], [ -8.144345, 40.498512 ], [ -8.143353, 40.498512 ], [ -8.143353, 40.49752 ] ] ] } },
{ "type": "Feature", "properties": { "value_per_ha": 3350, "exposure_id": 155, "area_ha": 6.485, "ael_bau": 1046.78, "ael_primary_full": 1046.11, "ael_primary_partial": 1046.78, "ael_secondary_full": 927.89, "ael_secondary_partial": 990.73, "ael_combined_full": 915.5, "ael_combined_partial": 1046.78 }, "geometry": { "type": "Polygon", "coordinates": [ [ [ -8.145337, 40.49752 ], [ -8.146329, 40.49752 ], [ -8.146329, 40.498512 ], [ -8.148313, 40.498512 ], [ -8.148313, 40.499504 ], [ -8.146329, 40.499504 ], [ -8.146329, 40.500496 ], [ -8.144345, 40.500496 ], [ -8.144345, 40.498512 ], [ -8.145337, 40.498512 ], [ -8.145337, 40.49752 ] ] ] } },
{ "type": "Feature", "properties": { "value_per_ha": 3350, "exposure_id": 156, "area_ha": 0.9264, "ael_bau": 139.82, "ael_primary_full": 124.7, "ael_primary_partial": 139.82, "ael_secondary_full": 121.14, "ael_secondary_partial": 128.67, "ael_combined_full": 108.22, "ael_combined_partial": 137.55 }, "geometry": { "type": "Polygon", "coordinates": [ [ [ -8.175099, 40.499504 ], [ -8.174107, 40.499504 ], [ -8.174107, 40.498512 ], [ -8.175099, 40.498512 ], [ -8.175099, 40.499504 ] ] ] } },
{ "type": "Feature", "properties": { "value_per_ha": 3350, "exposure_id": 157, "area_ha": 0.9264, "ael_bau": 0.0, "ael_primary_full": 0.0, "ael_primary_partial": 0.0, "ael_secondary_full": 0.0, "ael_secondary_partial": 0.0, "ael_combined_full": 0.0, "ael_combined_partial": 0.0 }, "geometry": { "type": "Polygon", "coordinates": [ [ [ -8.15129, 40.498512 ], [ -8.152282, 40.498512 ], [ -8.152282, 40.499504 ], [ -8.15129, 40.499504 ], [ -8.15129, 40.498512 ] ] ] } },
{ "type": "Feature", "properties": { "value_per_ha": 3350, "exposure_id": 158, "area_ha": 0.9264, "ael_bau": 189.08, "ael_primary_full": 189.08, "ael_primary_partial": 189.08, "ael_secondary_full": 169.47, "ael_secondary_partial": 179.69, "ael_combined_full": 174.77, "ael_combined_partial": 189.08 }, "geometry": { "type": "Polygon", "coordinates": [ [ [ -8.136409, 40.499504 ], [ -8.135417, 40.499504 ], [ -8.135417, 40.498512 ], [ -8.136409, 40.498512 ], [ -8.136409, 40.499504 ] ] ] } },
{ "type": "Feature", "properties": { "value_per_ha": 3350, "exposure_id": 159, "area_ha": 1.8528, "ael_bau": 677.2, "ael_primary_full": 664.68, "ael_primary_partial": 677.2, "ael_secondary_full": 572.84, "ael_secondary_partial": 627.45, "ael_combined_full": 567.21, "ael_combined_partial": 676.3 }, "geometry": { "type": "Polygon", "coordinates": [ [ [ -8.154266, 40.500496 ], [ -8.152282, 40.500496 ], [ -8.152282, 40.499504 ], [ -8.154266, 40.499504 ], [ -8.154266, 40.500496 ] ] ] } },
{ "type": "Feature", "properties": { "value_per_ha": 3350, "exposure_id": 160, "area_ha": 1.8528, "ael_bau": 692.77, "ael_primary_full": 687.3, "ael_primary_partial": 692.77, "ael_secondary_full": 602.48, "ael_secondary_partial": 642.4, "ael_combined_full": 593.34, "ael_combined_partial": 692.02 }, "geometry": { "type": "Polygon", "coordinates": [ [ [ -8.149306, 40.500496 ], [ -8.149306, 40.499504 ], [ -8.15129, 40.499504 ], [ -8.15129, 40.500496 ], [ -8.149306, 40.500496 ] ] ] } },
{ "type": "Feature", "properties": { "value_per_ha": 3350, "exposure_id": 161, "area_ha": 2.0774, "ael_bau": 557.08, "ael_primary_full": 557.08, "ael_primary_partial": 557.08, "ael_secondary_full": 502.93, "ael_secondary_partial": 532.25, "ael_combined_full": 505.02, "ael_combined_partial": 557.08 }, "geometry": { "type": "Polygon", "coordinates": [ [ [ -8.138393, 40.501488 ], [ -8.138047, 40.501488 ], [ -8.136409, 40.500578 ], [ -8.136409, 40.500496 ], [ -8.137401, 40.500496 ], [ -8.137401, 40.499504 ], [ -8.138393, 40.499504 ], [ -8.138393, 40.501488 ] ] ] } },
{ "type": "Feature", "properties": { "value_per_ha": 3350, "exposure_id": 162, "area_ha": 0.9264, "ael_bau": 172.56, "ael_primary_full": 172.56, "ael_primary_partial": 172.56, "ael_secondary_full": 154.65, "ael_secondary_partial": 163.12, "ael_combined_full": 153.0, "ael_combined_partial": 172.56 }, "geometry": { "type": "Polygon", "coordinates": [ [ [ -8.148313, 40.501488 ], [ -8.148313, 40.500496 ], [ -8.149306, 40.500496 ], [ -8.149306, 40.501488 ], [ -8.148313, 40.501488 ] ] ] } },
{ "type": "Feature", "properties": { "value_per_ha": 3350, "exposure_id": 163, "area_ha": 7.4109, "ael_bau": 1155.46, "ael_primary_full": 1099.68, "ael_primary_partial": 1155.46, "ael_secondary_full": 998.45, "ael_secondary_partial": 1052.47, "ael_combined_full": 975.21, "ael_combined_partial": 1116.92 }, "geometry": { "type": "Polygon", "coordinates": [ [ [ -8.162202, 40.505456 ], [ -8.16121, 40.505456 ], [ -8.16121, 40.504464 ], [ -8.157242, 40.504464 ], [ -8.157242, 40.503472 ], [ -8.158234, 40.503472 ], [ -8.158234, 40.50248 ], [ -8.159226, 40.50248 ], [ -8.159226, 40.503472 ], [ -8.163194, 40.503472 ], [ -8.163194, 40.504464 ], [ -8.162202, 40.504464 ], [ -8.162202, 40.505456 ] ] ] } },
{ "type": "Feature", "properties": { "value_per_ha": 3350, "exposure_id": 164, "area_ha": 21.306, "ael_bau": 3440.65, "ael_primary_full": 3384.13, "ael_primary_partial": 3440.65, "ael_secondary_full": 3036.26, "ael_secondary_partial": 3233.77, "ael_combined_full": 3053.13, "ael_combined_partial": 3430.92 }, "geometry": { "type": "Polygon", "coordinates": [ [ [ -8.145337, 40.503472 ], [ -8.145337, 40.50248 ], [ -8.152282, 40.50248 ], [ -8.152282, 40.503472 ], [ -8.154266, 40.503472 ], [ -8.154266, 40.504464 ], [ -8.155258, 40.504464 ], [ -8.155258, 40.503472 ], [ -8.15625, 40.503472 ], [ -8.15625, 40.505456 ], [ -8.155258, 40.505456 ], [ -8.155258, 40.506448 ], [ -8.153274, 40.506448 ], [ -8.153274, 40.505456 ], [ -8.152282, 40.505456 ], [ -8.152282, 40.506448 ], [ -8.150298, 40.506448 ], [ -8.150298, 40.504464 ], [ -8.148313, 40.504464 ], [ -8.148313, 40.503472 ], [ -8.145337, 40.503472 ] ], [ [ -8.152282, 40.504464 ], [ -8.15129, 40.504464 ], [ -8.15129, 40.505456 ], [ -8.152282, 40.505456 ], [ -8.152282, 40.504464 ] ] ] } },
{ "type": "Feature", "properties": { "value_per_ha": 3350, "exposure_id": 165, "area_ha": 24.213, "ael_bau": 3834.06, "ael_primary_full": 3833.42, "ael_primary_partial": 3834.06, "ael_secondary_full": 3471.86, "ael_secondary_partial": 3662.68, "ael_combined_full": 3453.67, "ael_combined_partial": 3830.06 }, "geometry": { "type": "Polygon", "coordinates": [ [ [ -8.140377, 40.506448 ], [ -8.142361, 40.506448 ], [ -8.142361, 40.50744 ], [ -8.144345, 40.50744 ], [ -8.144345, 40.508433 ], [ -8.143353, 40.508433 ], [ -8.143353, 40.509425 ], [ -8.142361, 40.509425 ], [ -8.142361, 40.508433 ], [ -8.140377, 40.508433 ], [ -8.140377, 40.509425 ], [ -8.138393, 40.509425 ], [ -8.138393, 40.505798 ], [ -8.13928, 40.504711 ], [ -8.139246, 40.504532 ], [ -8.139189, 40.504419 ], [ -8.13919, 40.504393 ], [ -8.139284, 40.50428 ], [ -8.139293, 40.50425 ], [ -8.139308, 40.503923 ], [ -8.139363, 40.503835 ], [ -8.139392, 40.503617 ], [ -8.139517, 40.503475 ], [ -8.139607, 40.503352 ], [ -8.139616, 40.503314 ], [ -8.139618, 40.503073 ], [ -8.139585, 40.502887 ], [ -8.139605, 40.50248 ], [ -8.142361, 40.50248 ], [ -8.142361, 40.503472 ], [ -8.143353, 40.503472 ], [ -8.143353, 40.505456 ], [ -8.140377, 40.505456 ], [ -8.140377, 40.506448 ] ] ] } },
{ "type": "Feature", "properties": { "value_per_ha": 3350, "exposure_id": 166, "area_ha": 1.8527, "ael_bau": 350.2, "ael_primary_full": 350.2, "ael_primary_partial": 350.2, "ael_secondary_full": 313.49, "ael_secondary_partial": 332.41, "ael_combined_full": 318.44, "ael_combined_partial": 350.2 }, "geometry": { "type": "Polygon", "coordinates": [ [ [ -8.146329, 40.505456 ], [ -8.146329, 40.504464 ], [ -8.148313, 40.504464 ], [ -8.148313, 40.505456 ], [ -8.146329, 40.505456 ] ] ] } },
{ "type": "Feature", "properties": { "value_per_ha": 3350, "exposure_id": 167, "area_ha": 6.4844, "ael_bau": 784.61, "ael_primary_full": 736.02, "ael_primary_partial": 784.61, "ael_secondary_full": 666.28, "ael_secondary_partial": 700.89, "ael_combined_full": 644.34, "ael_combined_partial": 741.92 }, "geometry": { "type": "Polygon", "coordinates": [ [ [ -8.164187, 40.505456 ], [ -8.165179, 40.505456 ], [ -8.165179, 40.504464 ], [ -8.167163, 40.504464 ], [ -8.167163, 40.506448 ], [ -8.163194, 40.506448 ], [ -8.163194, 40.504464 ], [ -8.164187, 40.504464 ], [ -8.164187, 40.505456 ] ] ] } },
{ "type": "Feature", "properties": { "value_per_ha": 3350, "exposure_id": 168, "area_ha": 0.9263, "ael_bau": 177.96, "ael_primary_full": 177.96, "ael_primary_partial": 177.96, "ael_secondary_full": 159.16, "ael_secondary_partial": 168.97, "ael_combined_full": 157.35, "ael_combined_partial": 177.96 }, "geometry": { "type": "Polygon", "coordinates": [ [ [ -8.144345, 40.506448 ], [ -8.143353, 40.506448 ], [ -8.143353, 40.505456 ], [ -8.144345, 40.505456 ], [ -8.144345, 40.506448 ] ] ] } },
{ "type": "Feature", "properties": { "value_per_ha": 3350, "exposure_id": 169, "area_ha": 16.6732, "ael_bau": 3640.21, "ael_primary_full": 3596.55, "ael_primary_partial": 3640.21, "ael_secondary_full": 3227.0, "ael_secondary_partial": 3455.7, "ael_combined_full": 3235.99, "ael_combined_partial": 3628.4 }, "geometry": { "type": "Polygon", "coordinates": [ [ [ -8.146329, 40.509425 ], [ -8.146329, 40.510417 ], [ -8.145337, 40.510417 ], [ -8.145337, 40.50744 ], [ -8.146329, 40.50744 ], [ -8.146329, 40.506448 ], [ -8.148313, 40.506448 ], [ -8.148313, 40.50744 ], [ -8.149306, 40.50744 ], [ -8.149306, 40.508433 ], [ -8.150298, 40.508433 ], [ -8.150298, 40.509425 ], [ -8.149306, 40.509425 ], [ -8.149306, 40.512401 ], [ -8.147321, 40.512401 ], [ -8.147321, 40.509425 ], [ -8.146329, 40.509425 ] ] ] } },
{ "type": "Feature", "properties": { "value_per_ha": 3350, "exposure_id": 170, "area_ha": 0.9263, "ael_bau": 149.99, "ael_primary_full": 143.84, "ael_primary_partial": 149.99, "ael_secondary_full": 126.62, "ael_secondary_partial": 132.9, "ael_combined_full": 118.79, "ael_combined_partial": 141.78 }, "geometry": { "type": "Polygon", "coordinates": [ [ [ -8.168155, 40.509425 ], [ -8.167163, 40.509425 ], [ -8.167163, 40.508433 ], [ -8.168155, 40.508433 ], [ -8.168155, 40.509425 ] ] ] } },
{ "type": "Feature", "properties": { "value_per_ha": 3350, "exposure_id": 171, "area_ha": 8.0643, "ael_bau": 2185.08, "ael_primary_full": 2185.08, "ael_primary_partial": 2185.08, "ael_secondary_full": 2020.74, "ael_secondary_partial": 2110.46, "ael_combined_full": 2069.21, "ael_combined_partial": 2183.52 }, "geometry": { "type": "Polygon", "coordinates": [ [ [ -8.137401, 40.511409 ], [ -8.137401, 40.512401 ], [ -8.136409, 40.512401 ], [ -8.136409, 40.511409 ], [ -8.133077, 40.511409 ], [ -8.133095, 40.511344 ], [ -8.134991, 40.51031 ], [ -8.135599, 40.509425 ], [ -8.138393, 40.509425 ], [ -8.138393, 40.511409 ], [ -8.137401, 40.511409 ] ] ] } },
{ "type": "Feature", "properties": { "value_per_ha": 3350, "exposure_id": 172, "area_ha": 9.2624, "ael_bau": 1300.37, "ael_primary_full": 1267.88, "ael_primary_partial": 1300.37, "ael_secondary_full": 1073.84, "ael_secondary_partial": 1208.44, "ael_combined_full": 1049.85, "ael_combined_partial": 1290.1 }, "geometry": { "type": "Polygon", "coordinates": [ [ [ -8.15625, 40.513393 ], [ -8.152282, 40.513393 ], [ -8.152282, 40.514385 ], [ -8.15129, 40.514385 ], [ -8.15129, 40.512401 ], [ -8.152282, 40.512401 ], [ -8.152282, 40.511409 ], [ -8.15625, 40.511409 ], [ -8.15625, 40.513393 ] ] ] } },
{ "type": "Feature", "properties": { "value_per_ha": 3350, "exposure_id": 173, "area_ha": 7.4098, "ael_bau": 1075.38, "ael_primary_full": 1075.38, "ael_primary_partial": 1075.38, "ael_secondary_full": 949.15, "ael_secondary_partial": 1011.85, "ael_combined_full": 960.91, "ael_combined_partial": 1065.24 }, "geometry": { "type": "Polygon", "coordinates": [ [ [ -8.141369, 40.512401 ], [ -8.141369, 40.513393 ], [ -8.140377, 40.513393 ], [ -8.140377, 40.515377 ], [ -8.139385, 40.515377 ], [ -8.139385, 40.514385 ], [ -8.137401, 40.514385 ], [ -8.137401, 40.512401 ], [ -8.141369, 40.512401 ] ] ] } },
{ "type": "Feature", "properties": { "value_per_ha": 3350, "exposure_id": 174, "area_ha": 4.6311, "ael_bau": 857.06, "ael_primary_full": 854.93, "ael_primary_partial": 857.06, "ael_secondary_full": 765.51, "ael_secondary_partial": 790.57, "ael_combined_full": 788.01, "ael_combined_partial": 850.84 }, "geometry": { "type": "Polygon", "coordinates": [ [ [ -8.147321, 40.513393 ], [ -8.147321, 40.514385 ], [ -8.149306, 40.514385 ], [ -8.149306, 40.515377 ], [ -8.146329, 40.515377 ], [ -8.146329, 40.514385 ], [ -8.145337, 40.514385 ], [ -8.145337, 40.513393 ], [ -8.147321, 40.513393 ] ] ] } },
{ "type": "Feature", "properties": { "value_per_ha": 3350, "exposure_id": 175, "area_ha": 1.8524, "ael_bau": 310.79, "ael_primary_full": 281.3, "ael_primary_partial": 310.79, "ael_secondary_full": 234.87, "ael_secondary_partial": 259.95, "ael_combined_full": 218.93, "ael_combined_partial": 279.33 }, "geometry": { "type": "Polygon", "coordinates": [ [ [ -8.171131, 40.515377 ], [ -8.170139, 40.515377 ], [ -8.170139, 40.513393 ], [ -8.171131, 40.513393 ], [ -8.171131, 40.515377 ] ] ] } },
{ "type": "Feature", "properties": { "value_per_ha": 3350, "exposure_id": 176, "area_ha": 36.8332, "ael_bau": 4907.22, "ael_primary_full": 4525.73, "ael_primary_partial": 4907.22, "ael_secondary_full": 3911.64, "ael_secondary_partial": 4409.39, "ael_combined_full": 3661.4, "ael_combined_partial": 4622.9 }, "geometry": { "type": "MultiPolygon", "coordinates": [ [ [ [ -8.170139, 40.520337 ], [ -8.172123, 40.520337 ], [ -8.172123, 40.521329 ], [ -8.169147, 40.521329 ], [ -8.169147, 40.522321 ], [ -8.166365, 40.522321 ], [ -8.166351, 40.522254 ], [ -8.166272, 40.522175 ], [ -8.16598, 40.522019 ], [ -8.165079, 40.521614 ], [ -8.164203, 40.521317 ], [ -8.163893, 40.521267 ], [ -8.163278, 40.52113 ], [ -8.162864, 40.520987 ], [ -8.16263, 40.520848 ], [ -8.16242, 40.520687 ], [ -8.162208, 40.520496 ], [ -8.162109, 40.520337 ], [ -8.164187, 40.520337 ], [ -8.164187, 40.519345 ], [ -8.165179, 40.519345 ], [ -8.165179, 40.520337 ], [ -8.168155, 40.520337 ], [ -8.168155, 40.518353 ], [ -8.170139, 40.518353 ], [ -8.170139, 40.520337 ] ] ], [ [ [ -8.171131, 40.522321 ], [ -8.171131, 40.523313 ], [ -8.172123, 40.523313 ], [ -8.172123, 40.52629 ], [ -8.171741, 40.52629 ], [ -8.17059, 40.525391 ], [ -8.167751, 40.523854 ], [ -8.167301, 40.523649 ], [ -8.1669, 40.523348 ], [ -8.166874, 40.523313 ], [ -8.169147, 40.523313 ], [ -8.169147, 40.522321 ], [ -8.171131, 40.522321 ] ] ], [ [ [ -8.158234, 40.517361 ], [ -8.157242, 40.517361 ], [ -8.157242, 40.515377 ], [ -8.158234, 40.515377 ], [ -8.158234, 40.513393 ], [ -8.159226, 40.513393 ], [ -8.159226, 40.514385 ], [ -8.16121, 40.514385 ], [ -8.16121, 40.515377 ], [ -8.160218, 40.515377 ], [ -8.160218, 40.517361 ], [ -8.159226, 40.517361 ], [ -8.159226, 40.518739 ], [ -8.158234, 40.518973 ], [ -8.158234, 40.517361 ] ] ] ] } },
{ "type": "Feature", "properties": { "value_per_ha": 3350, "exposure_id": 177, "area_ha": 9.2619, "ael_bau": 1197.73, "ael_primary_full": 1197.08, "ael_primary_partial": 1197.73, "ael_secondary_full": 1074.16, "ael_secondary_partial": 1106.08, "ael_combined_full": 1098.36, "ael_combined_partial": 1181.47 }, "geometry": { "type": "Polygon", "coordinates": [ [ [ -8.144345, 40.517361 ], [ -8.144345, 40.519345 ], [ -8.143353, 40.519345 ], [ -8.143353, 40.515377 ], [ -8.141369, 40.515377 ], [ -8.141369, 40.514385 ], [ -8.145337, 40.514385 ], [ -8.145337, 40.517361 ], [ -8.144345, 40.517361 ] ] ] } },
{ "type": "Feature", "properties": { "value_per_ha": 3350, "exposure_id": 178, "area_ha": 58.331, "ael_bau": 10387.08, "ael_primary_full": 10387.08, "ael_primary_partial": 10387.08, "ael_secondary_full": 9504.75, "ael_secondary_partial": 9786.11, "ael_combined_full": 9972.28, "ael_combined_partial": 10328.43 }, "geometry": { "type": "Polygon", "coordinates": [ [ [ -8.138393, 40.515377 ], [ -8.138393, 40.516369 ], [ -8.139385, 40.516369 ], [ -8.139385, 40.517361 ], [ -8.140377, 40.517361 ], [ -8.140377, 40.523313 ], [ -8.141352, 40.523314 ], [ -8.137611, 40.524157 ], [ -8.135417, 40.524604 ], [ -8.135417, 40.523313 ], [ -8.133433, 40.523313 ], [ -8.133433, 40.522321 ], [ -8.131448, 40.522321 ], [ -8.131448, 40.520337 ], [ -8.133433, 40.520337 ], [ -8.133433, 40.518353 ], [ -8.13244, 40.518353 ], [ -8.13244, 40.517361 ], [ -8.133433, 40.517361 ], [ -8.133433, 40.514385 ], [ -8.137401, 40.514385 ], [ -8.137401, 40.515377 ], [ -8.138393, 40.515377 ] ], [ [ -8.138393, 40.522321 ], [ -8.138393, 40.521329 ], [ -8.139385, 40.521329 ], [ -8.139385, 40.520337 ], [ -8.137401, 40.520337 ], [ -8.137401, 40.522321 ], [ -8.138393, 40.522321 ] ] ] } },
{ "type": "Feature", "properties": { "value_per_ha": 3350, "exposure_id": 179, "area_ha": 0.9262, "ael_bau": 154.76, "ael_primary_full": 136.3, "ael_primary_partial": 154.76, "ael_secondary_full": 96.66, "ael_secondary_partial": 129.65, "ael_combined_full": 89.56, "ael_combined_partial": 136.78 }, "geometry": { "type": "Polygon", "coordinates": [ [ [ -8.172123, 40.516369 ], [ -8.171131, 40.516369 ], [ -8.171131, 40.515377 ], [ -8.172123, 40.515377 ], [ -8.172123, 40.516369 ] ] ] } },
{ "type": "Feature", "properties": { "value_per_ha": 3350, "exposure_id": 180, "area_ha": 1.8522, "ael_bau": 334.31, "ael_primary_full": 228.52, "ael_primary_partial": 334.11, "ael_secondary_full": 289.64, "ael_secondary_partial": 308.04, "ael_combined_full": 189.69, "ael_combined_partial": 312.37 }, "geometry": { "type": "Polygon", "coordinates": [ [ [ -8.199901, 40.525298 ], [ -8.197917, 40.525298 ], [ -8.197917, 40.524306 ], [ -8.199901, 40.524306 ], [ -8.199901, 40.525298 ] ] ] } },
{ "type": "Feature", "properties": { "value_per_ha": 3350, "exposure_id": 181, "area_ha": 16.6706, "ael_bau": 3249.34, "ael_primary_full": 2465.57, "ael_primary_partial": 3249.34, "ael_secondary_full": 2763.7, "ael_secondary_partial": 2991.04, "ael_combined_full": 1942.96, "ael_combined_partial": 3078.35 }, "geometry": { "type": "Polygon", "coordinates": [ [ [ -8.18998, 40.518353 ], [ -8.18998, 40.517361 ], [ -8.190972, 40.517361 ], [ -8.190972, 40.518353 ], [ -8.192956, 40.518353 ], [ -8.192956, 40.519345 ], [ -8.195933, 40.519345 ], [ -8.195933, 40.520337 ], [ -8.198909, 40.520337 ], [ -8.198909, 40.521329 ], [ -8.19494, 40.521329 ], [ -8.19494, 40.520337 ], [ -8.192956, 40.520337 ], [ -8.192956, 40.521329 ], [ -8.18998, 40.521329 ], [ -8.18998, 40.519345 ], [ -8.188988, 40.519345 ], [ -8.188988, 40.518353 ], [ -8.18998, 40.518353 ] ] ] } },
{ "type": "Feature", "properties": { "value_per_ha": 3350, "exposure_id": 182, "area_ha": 0.926, "ael_bau": 158.57, "ael_primary_full": 94.54, "ael_primary_partial": 156.13, "ael_secondary_full": 142.08, "ael_secondary_partial": 149.8, "ael_combined_full": 83.34, "ael_combined_partial": 145.62 }, "geometry": { "type": "Polygon", "coordinates": [ [ [ -8.197917, 40.533832 ], [ -8.197917, 40.534226 ], [ -8.196925, 40.534226 ], [ -8.196925, 40.533234 ], [ -8.197917, 40.533234 ], [ -8.197917, 40.533832 ] ] ] } },
{ "type": "Feature", "properties": { "value_per_ha": 3350, "exposure_id": 183, "area_ha": 0.926, "ael_bau": 170.01, "ael_primary_full": 106.14, "ael_primary_partial": 166.44, "ael_secondary_full": 148.2, "ael_secondary_partial": 157.59, "ael_combined_full": 93.91, "ael_combined_partial": 157.53 }, "geometry": { "type": "Polygon", "coordinates": [ [ [ -8.196925, 40.53125 ], [ -8.195933, 40.53125 ], [ -8.195933, 40.530258 ], [ -8.196925, 40.530258 ], [ -8.196925, 40.53125 ] ] ] } },
{ "type": "Feature", "properties": { "value_per_ha": 3350, "exposure_id": 184, "area_ha": 0.926, "ael_bau": 169.7, "ael_primary_full": 121.22, "ael_primary_partial": 169.7, "ael_secondary_full": 147.88, "ael_secondary_partial": 157.59, "ael_combined_full": 100.13, "ael_combined_partial": 159.83 }, "geometry": { "type": "Polygon", "coordinates": [ [ [ -8.196925, 40.528274 ], [ -8.195933, 40.528274 ], [ -8.195933, 40.527282 ], [ -8.196925, 40.527282 ], [ -8.196925, 40.528274 ] ] ] } },
{ "type": "Feature", "properties": { "value_per_ha": 3350, "exposure_id": 185, "area_ha": 0.926, "ael_bau": 166.84, "ael_primary_full": 118.32, "ael_primary_partial": 166.84, "ael_secondary_full": 146.27, "ael_secondary_partial": 154.34, "ael_combined_full": 98.27, "ael_combined_partial": 157.14 }, "geometry": { "type": "Polygon", "coordinates": [ [ [ -8.19494, 40.528274 ], [ -8.193948, 40.528274 ], [ -8.193948, 40.527282 ], [ -8.19494, 40.527282 ], [ -8.19494, 40.528274 ] ] ] } },
{ "type": "Feature", "properties": { "value_per_ha": 3350, "exposure_id": 186, "area_ha": 1.8524, "ael_bau": 300.31, "ael_primary_full": 225.04, "ael_primary_partial": 300.31, "ael_secondary_full": 254.53, "ael_secondary_partial": 272.95, "ael_combined_full": 177.25, "ael_combined_partial": 279.33 }, "geometry": { "type": "Polygon", "coordinates": [ [ [ -8.19494, 40.515377 ], [ -8.192956, 40.515377 ], [ -8.192956, 40.514385 ], [ -8.19494, 40.514385 ], [ -8.19494, 40.515377 ] ] ] } },
{ "type": "Feature", "properties": { "value_per_ha": 3350, "exposure_id": 187, "area_ha": 1.8522, "ael_bau": 313.97, "ael_primary_full": 236.06, "ael_primary_partial": 313.97, "ael_secondary_full": 254.2, "ael_secondary_partial": 292.77, "ael_combined_full": 177.25, "ael_combined_partial": 301.23 }, "geometry": { "type": "Polygon", "coordinates": [ [ [ -8.19494, 40.522321 ], [ -8.192956, 40.522321 ], [ -8.192956, 40.521329 ], [ -8.19494, 40.521329 ], [ -8.19494, 40.522321 ] ] ] } },
{ "type": "Feature", "properties": { "value_per_ha": 3350, "exposure_id": 188, "area_ha": 0.9262, "ael_bau": 157.3, "ael_primary_full": 117.74, "ael_primary_partial": 157.3, "ael_secondary_full": 135.0, "ael_secondary_partial": 144.27, "ael_combined_full": 93.91, "ael_combined_partial": 147.54 }, "geometry": { "type": "Polygon", "coordinates": [ [ [ -8.193948, 40.517361 ], [ -8.193948, 40.518353 ], [ -8.192956, 40.518353 ], [ -8.192956, 40.517361 ], [ -8.193948, 40.517361 ] ] ] } },
{ "type": "Feature", "properties": { "value_per_ha": 3350, "exposure_id": 189, "area_ha": 0.9262, "ael_bau": 147.45, "ael_primary_full": 109.62, "ael_primary_partial": 147.45, "ael_secondary_full": 125.97, "ael_secondary_partial": 134.52, "ael_combined_full": 87.07, "ael_combined_partial": 137.55 }, "geometry": { "type": "Polygon", "coordinates": [ [ [ -8.192956, 40.513393 ], [ -8.191964, 40.513393 ], [ -8.191964, 40.512401 ], [ -8.192956, 40.512401 ], [ -8.192956, 40.513393 ] ] ] } },
{ "type": "Feature", "properties": { "value_per_ha": 3350, "exposure_id": 190, "area_ha": 0.9259, "ael_bau": 168.43, "ael_primary_full": 103.82, "ael_primary_partial": 164.23, "ael_secondary_full": 149.82, "ael_secondary_partial": 160.84, "ael_combined_full": 93.29, "ael_combined_partial": 159.45 }, "geometry": { "type": "Polygon", "coordinates": [ [ [ -8.190972, 40.534753 ], [ -8.190972, 40.535218 ], [ -8.18998, 40.535218 ], [ -8.18998, 40.534226 ], [ -8.190972, 40.534226 ], [ -8.190972, 40.534753 ] ] ] } },
{ "type": "Feature", "properties": { "value_per_ha": 3350, "exposure_id": 191, "area_ha": 1.8524, "ael_bau": 142.05, "ael_primary_full": 111.36, "ael_primary_partial": 142.05, "ael_secondary_full": 116.95, "ael_secondary_partial": 127.38, "ael_combined_full": 82.1, "ael_combined_partial": 130.63 }, "geometry": { "type": "Polygon", "coordinates": [ [ [ -8.18998, 40.516369 ], [ -8.187996, 40.516369 ], [ -8.187996, 40.515377 ], [ -8.18998, 40.515377 ], [ -8.18998, 40.516369 ] ] ] } },
{ "type": "Feature", "properties": { "value_per_ha": 3350, "exposure_id": 192, "area_ha": 2.7779, "ael_bau": 434.41, "ael_primary_full": 303.92, "ael_primary_partial": 434.41, "ael_secondary_full": 392.42, "ael_secondary_partial": 417.22, "ael_combined_full": 269.3, "ael_combined_partial": 428.02 }, "geometry": { "type": "Polygon", "coordinates": [ [ [ -8.187996, 40.534226 ], [ -8.18502, 40.534226 ], [ -8.18502, 40.533234 ], [ -8.187996, 40.533234 ], [ -8.187996, 40.534226 ] ] ] } },
{ "type": "Feature", "properties": { "value_per_ha": 3350, "exposure_id": 193, "area_ha": 0.9259, "ael_bau": 150.63, "ael_primary_full": 92.8, "ael_primary_partial": 145.82, "ael_secondary_full": 131.77, "ael_secondary_partial": 139.72, "ael_combined_full": 82.72, "ael_combined_partial": 138.32 }, "geometry": { "type": "Polygon", "coordinates": [ [ [ -8.18502, 40.541171 ], [ -8.184028, 40.541171 ], [ -8.184028, 40.540179 ], [ -8.18502, 40.540179 ], [ -8.18502, 40.541171 ] ] ] } },
{ "type": "Feature", "properties": { "value_per_ha": 3350, "exposure_id": 194, "area_ha": 0.9261, "ael_bau": 140.78, "ael_primary_full": 112.52, "ael_primary_partial": 140.78, "ael_secondary_full": 122.11, "ael_secondary_partial": 130.62, "ael_combined_full": 99.51, "ael_combined_partial": 136.01 }, "geometry": { "type": "Polygon", "coordinates": [ [ [ -8.184028, 40.525298 ], [ -8.184028, 40.52629 ], [ -8.183036, 40.52629 ], [ -8.183036, 40.525298 ], [ -8.184028, 40.525298 ] ] ] } },
{ "type": "Feature", "properties": { "value_per_ha": 3350, "exposure_id": 195, "area_ha": 0.9259, "ael_bau": 152.54, "ael_primary_full": 98.02, "ael_primary_partial": 148.03, "ael_secondary_full": 133.38, "ael_secondary_partial": 141.67, "ael_combined_full": 86.45, "ael_combined_partial": 140.24 }, "geometry": { "type": "Polygon", "coordinates": [ [ [ -8.18006, 40.541171 ], [ -8.179067, 40.541171 ], [ -8.179067, 40.540179 ], [ -8.18006, 40.540179 ], [ -8.18006, 40.541171 ] ] ] } },
{ "type": "Feature", "properties": { "value_per_ha": 3350, "exposure_id": 196, "area_ha": 2.3762, "ael_bau": 142.37, "ael_primary_full": 104.98, "ael_primary_partial": 142.37, "ael_secondary_full": 125.97, "ael_secondary_partial": 134.85, "ael_combined_full": 92.67, "ael_combined_partial": 141.39 }, "geometry": { "type": "Polygon", "coordinates": [ [ [ -8.179067, 40.534226 ], [ -8.179067, 40.535218 ], [ -8.18006, 40.535218 ], [ -8.18006, 40.53621 ], [ -8.179067, 40.53621 ], [ -8.179067, 40.537202 ], [ -8.178295, 40.537202 ], [ -8.178766, 40.536742 ], [ -8.178474, 40.535034 ], [ -8.178352, 40.534226 ], [ -8.179067, 40.534226 ] ] ] } },
{ "type": "Feature", "properties": { "value_per_ha": 3350, "exposure_id": 197, "area_ha": 13.1329, "ael_bau": 1987.42, "ael_primary_full": 1735.94, "ael_primary_partial": 1987.42, "ael_secondary_full": 1743.98, "ael_secondary_partial": 1880.08, "ael_combined_full": 1514.44, "ael_combined_partial": 1958.01 }, "geometry": { "type": "Polygon", "coordinates": [ [ [ -8.174514, 40.528274 ], [ -8.174348, 40.528141 ], [ -8.17332, 40.527523 ], [ -8.173115, 40.527362 ], [ -8.173115, 40.524306 ], [ -8.175099, 40.524306 ], [ -8.175099, 40.527282 ], [ -8.177083, 40.527282 ], [ -8.177083, 40.52629 ], [ -8.178075, 40.52629 ], [ -8.178075, 40.525298 ], [ -8.179067, 40.525298 ], [ -8.179067, 40.527282 ], [ -8.178075, 40.527282 ], [ -8.178075, 40.528274 ], [ -8.176091, 40.528274 ], [ -8.176091, 40.529266 ], [ -8.175749, 40.529266 ], [ -8.175099, 40.528744 ], [ -8.175099, 40.528274 ], [ -8.174514, 40.528274 ] ] ] } },
{ "type": "Feature", "properties": { "value_per_ha": 3350, "exposure_id": 198, "area_ha": 0.9262, "ael_bau": 147.45, "ael_primary_full": 127.6, "ael_primary_partial": 147.45, "ael_secondary_full": 110.51, "ael_secondary_partial": 124.45, "ael_combined_full": 98.89, "ael_combined_partial": 131.02 }, "geometry": { "type": "Polygon", "coordinates": [ [ [ -8.178075, 40.518353 ], [ -8.177083, 40.518353 ], [ -8.177083, 40.517361 ], [ -8.178075, 40.517361 ], [ -8.178075, 40.518353 ] ] ] } },
{ "type": "Feature", "properties": { "value_per_ha": 3350, "exposure_id": 199, "area_ha": 0.9261, "ael_bau": 144.59, "ael_primary_full": 127.02, "ael_primary_partial": 144.59, "ael_secondary_full": 125.97, "ael_secondary_partial": 136.47, "ael_combined_full": 106.97, "ael_combined_partial": 139.86 }, "geometry": { "type": "Polygon", "coordinates": [ [ [ -8.176091, 40.521329 ], [ -8.175099, 40.521329 ], [ -8.175099, 40.520337 ], [ -8.176091, 40.520337 ], [ -8.176091, 40.521329 ] ] ] } },
{ "type": "Feature", "properties": { "value_per_ha": 3350, "exposure_id": 200, "area_ha": 2.7786, "ael_bau": 449.98, "ael_primary_full": 397.88, "ael_primary_partial": 449.98, "ael_secondary_full": 341.19, "ael_secondary_partial": 380.5, "ael_combined_full": 307.86, "ael_combined_partial": 401.89 }, "geometry": { "type": "Polygon", "coordinates": [ [ [ -8.176091, 40.516369 ], [ -8.175099, 40.516369 ], [ -8.175099, 40.517361 ], [ -8.174107, 40.517361 ], [ -8.174107, 40.515377 ], [ -8.176091, 40.515377 ], [ -8.176091, 40.516369 ] ] ] } },
{ "type": "Feature", "properties": { "value_per_ha": 3350, "exposure_id": 201, "area_ha": 1.8522, "ael_bau": 294.59, "ael_primary_full": 259.84, "ael_primary_partial": 294.59, "ael_secondary_full": 253.88, "ael_secondary_partial": 275.55, "ael_combined_full": 222.03, "ael_combined_partial": 283.17 }, "geometry": { "type": "Polygon", "coordinates": [ [ [ -8.175099, 40.523313 ], [ -8.173115, 40.523313 ], [ -8.173115, 40.522321 ], [ -8.175099, 40.522321 ], [ -8.175099, 40.523313 ] ] ] } },
{ "type": "Feature", "properties": { "value_per_ha": 3350, "exposure_id": 202, "area_ha": 0.9262, "ael_bau": 0.0, "ael_primary_full": 0.0, "ael_primary_partial": 0.0, "ael_secondary_full": 0.0, "ael_secondary_partial": 0.0, "ael_combined_full": 0.0, "ael_combined_partial": 0.0 }, "geometry": { "type": "Polygon", "coordinates": [ [ [ -8.169147, 40.512401 ], [ -8.170139, 40.512401 ], [ -8.170139, 40.513393 ], [ -8.169147, 40.513393 ], [ -8.169147, 40.512401 ] ] ] } },
{ "type": "Feature", "properties": { "value_per_ha": 3350, "exposure_id": 203, "area_ha": 2.7785, "ael_bau": 473.5, "ael_primary_full": 435.0, "ael_primary_partial": 473.5, "ael_secondary_full": 289.97, "ael_secondary_partial": 336.96, "ael_combined_full": 268.68, "ael_combined_partial": 351.17 }, "geometry": { "type": "Polygon", "coordinates": [ [ [ -8.165179, 40.517361 ], [ -8.168155, 40.517361 ], [ -8.168155, 40.518353 ], [ -8.165179, 40.518353 ], [ -8.165179, 40.517361 ] ] ] } },
{ "type": "Feature", "properties": { "value_per_ha": 3350, "exposure_id": 204, "area_ha": 2.7787, "ael_bau": 457.93, "ael_primary_full": 416.44, "ael_primary_partial": 457.93, "ael_secondary_full": 289.97, "ael_secondary_partial": 336.31, "ael_combined_full": 268.68, "ael_combined_partial": 356.94 }, "geometry": { "type": "Polygon", "coordinates": [ [ [ -8.168155, 40.514385 ], [ -8.165179, 40.514385 ], [ -8.165179, 40.513393 ], [ -8.168155, 40.513393 ], [ -8.168155, 40.514385 ] ] ] } },
{ "type": "Feature", "properties": { "value_per_ha": 3350, "exposure_id": 205, "area_ha": 0.913, "ael_bau": 163.02, "ael_primary_full": 100.92, "ael_primary_partial": 161.28, "ael_secondary_full": 116.95, "ael_secondary_partial": 130.62, "ael_combined_full": 71.52, "ael_combined_partial": 129.87 }, "geometry": { "type": "Polygon", "coordinates": [ [ [ -8.167163, 40.557044 ], [ -8.166171, 40.557044 ], [ -8.166171, 40.556254 ], [ -8.166303, 40.556052 ], [ -8.167163, 40.556052 ], [ -8.167163, 40.557044 ] ] ] } },
{ "type": "Feature", "properties": { "value_per_ha": 3350, "exposure_id": 206, "area_ha": 1.3926, "ael_bau": 361.96, "ael_primary_full": 233.74, "ael_primary_partial": 361.96, "ael_secondary_full": 265.48, "ael_secondary_partial": 291.79, "ael_combined_full": 182.23, "ael_combined_partial": 296.23 }, "geometry": { "type": "Polygon", "coordinates": [ [ [ -8.166171, 40.559028 ], [ -8.164353, 40.559028 ], [ -8.165003, 40.558036 ], [ -8.166171, 40.558036 ], [ -8.166171, 40.559028 ] ] ] } },
{ "type": "Feature", "properties": { "value_per_ha": 3350, "exposure_id": 207, "area_ha": 2.7768, "ael_bau": 393.42, "ael_primary_full": 238.38, "ael_primary_partial": 390.68, "ael_secondary_full": 347.96, "ael_secondary_partial": 369.78, "ael_combined_full": 197.78, "ael_combined_partial": 364.62 }, "geometry": { "type": "Polygon", "coordinates": [ [ [ -8.178075, 40.561012 ], [ -8.175099, 40.561012 ], [ -8.175099, 40.56002 ], [ -8.178075, 40.56002 ], [ -8.178075, 40.561012 ] ] ] } },
{ "type": "Feature", "properties": { "value_per_ha": 3350, "exposure_id": 208, "area_ha": 0.9256, "ael_bau": 193.85, "ael_primary_full": 113.68, "ael_primary_partial": 191.11, "ael_secondary_full": 168.82, "ael_secondary_partial": 178.72, "ael_combined_full": 92.67, "ael_combined_partial": 177.89 }, "geometry": { "type": "Polygon", "coordinates": [ [ [ -8.178075, 40.563988 ], [ -8.177083, 40.563988 ], [ -8.177083, 40.562996 ], [ -8.178075, 40.562996 ], [ -8.178075, 40.563988 ] ] ] } },
{ "type": "Feature", "properties": { "value_per_ha": 3350, "exposure_id": 209, "area_ha": 1.1458, "ael_bau": 159.21, "ael_primary_full": 114.84, "ael_primary_partial": 159.21, "ael_secondary_full": 118.24, "ael_secondary_partial": 125.43, "ael_combined_full": 90.18, "ael_combined_partial": 122.95 }, "geometry": { "type": "Polygon", "coordinates": [ [ [ -8.152282, 40.565972 ], [ -8.152282, 40.566964 ], [ -8.150885, 40.566964 ], [ -8.151007, 40.566699 ], [ -8.15108, 40.566393 ], [ -8.151091, 40.566284 ], [ -8.151134, 40.56614 ], [ -8.151209, 40.565972 ], [ -8.152282, 40.565972 ] ] ] } },
{ "type": "Feature", "properties": { "value_per_ha": 3350, "exposure_id": 210, "area_ha": 0.9255, "ael_bau": 163.66, "ael_primary_full": 108.46, "ael_primary_partial": 161.65, "ael_secondary_full": 98.27, "ael_secondary_partial": 102.03, "ael_combined_full": 72.77, "ael_combined_partial": 99.9 }, "geometry": { "type": "Polygon", "coordinates": [ [ [ -8.15625, 40.570933 ], [ -8.155258, 40.570933 ], [ -8.155258, 40.56994 ], [ -8.15625, 40.56994 ], [ -8.15625, 40.570933 ] ] ] } },
{ "type": "Feature", "properties": { "value_per_ha": 3350, "exposure_id": 211, "area_ha": 3.7011, "ael_bau": 417.89, "ael_primary_full": 211.12, "ael_primary_partial": 381.11, "ael_secondary_full": 342.8, "ael_secondary_partial": 373.03, "ael_combined_full": 82.1, "ael_combined_partial": 330.81 }, "geometry": { "type": "Polygon", "coordinates": [ [ [ -8.169147, 40.583829 ], [ -8.168155, 40.583829 ], [ -8.168155, 40.581845 ], [ -8.169147, 40.581845 ], [ -8.169147, 40.582837 ], [ -8.170139, 40.582837 ], [ -8.170139, 40.584821 ], [ -8.169147, 40.584821 ], [ -8.169147, 40.583829 ] ] ] } },
{ "type": "Feature", "properties": { "value_per_ha": 3350, "exposure_id": 212, "area_ha": 16.6541, "ael_bau": 4146.13, "ael_primary_full": 1128.68, "ael_primary_partial": 3462.81, "ael_secondary_full": 3629.08, "ael_secondary_partial": 3849.52, "ael_combined_full": 966.5, "ael_combined_partial": 3066.82 }, "geometry": { "type": "Polygon", "coordinates": [ [ [ -8.172123, 40.585813 ], [ -8.173115, 40.585813 ], [ -8.173115, 40.586806 ], [ -8.174107, 40.586806 ], [ -8.174107, 40.587798 ], [ -8.175099, 40.587798 ], [ -8.175099, 40.58879 ], [ -8.176091, 40.58879 ], [ -8.176091, 40.589782 ], [ -8.173115, 40.589782 ], [ -8.173115, 40.58879 ], [ -8.169147, 40.58879 ], [ -8.169147, 40.587798 ], [ -8.170139, 40.587798 ], [ -8.170139, 40.584821 ], [ -8.172123, 40.584821 ], [ -8.172123, 40.585813 ] ] ] } },
{ "type": "Feature", "properties": { "value_per_ha": 3350, "exposure_id": 213, "area_ha": 0.9252, "ael_bau": 0.0, "ael_primary_full": 0.0, "ael_primary_partial": 0.0, "ael_secondary_full": 0.0, "ael_secondary_partial": 0.0, "ael_combined_full": 0.0, "ael_combined_partial": 0.0 }, "geometry": { "type": "Polygon", "coordinates": [ [ [ -8.19494, 40.58879 ], [ -8.193948, 40.58879 ], [ -8.193948, 40.587798 ], [ -8.19494, 40.587798 ], [ -8.19494, 40.58879 ] ] ] } },
{ "type": "Feature", "properties": { "value_per_ha": 3350, "exposure_id": 214, "area_ha": 212.3089, "ael_bau": 44750.96, "ael_primary_full": 32561.7, "ael_primary_partial": 42254.42, "ael_secondary_full": 38101.81, "ael_secondary_partial": 40132.91, "ael_combined_full": 20427.82, "ael_combined_partial": 34804.72 }, "geometry": { "type": "MultiPolygon", "coordinates": [ [ [ [ -8.073909, 40.596726 ], [ -8.073539, 40.596726 ], [ -8.073693, 40.596583 ], [ -8.073909, 40.596461 ], [ -8.073909, 40.596726 ] ] ], [ [ [ -8.074901, 40.59871 ], [ -8.074901, 40.597718 ], [ -8.075893, 40.597718 ], [ -8.075893, 40.596726 ], [ -8.076885, 40.596726 ], [ -8.076885, 40.594742 ], [ -8.075126, 40.594742 ], [ -8.075004, 40.594615 ], [ -8.074901, 40.594451 ], [ -8.074901, 40.59375 ], [ -8.075893, 40.59375 ], [ -8.075893, 40.592758 ], [ -8.076885, 40.592758 ], [ -8.076885, 40.59375 ], [ -8.077877, 40.59375 ], [ -8.077877, 40.595734 ], [ -8.078869, 40.595734 ], [ -8.078869, 40.596726 ], [ -8.080184, 40.596726 ], [ -8.080191, 40.596811 ], [ -8.080336, 40.597251 ], [ -8.080377, 40.597436 ], [ -8.080375, 40.597766 ], [ -8.080347, 40.597972 ], [ -8.080308, 40.598117 ], [ -8.080294, 40.598485 ], [ -8.080319, 40.59856 ], [ -8.080374, 40.598632 ], [ -8.080482, 40.59871 ], [ -8.077877, 40.59871 ], [ -8.077877, 40.600694 ], [ -8.078869, 40.600694 ], [ -8.078869, 40.601687 ], [ -8.083829, 40.601687 ], [ -8.083829, 40.602679 ], [ -8.084821, 40.602679 ], [ -8.084821, 40.603671 ], [ -8.081845, 40.603671 ], [ -8.081845, 40.604663 ], [ -8.080853, 40.604663 ], [ -8.080853, 40.605655 ], [ -8.077877, 40.605655 ], [ -8.077877, 40.606647 ], [ -8.076885, 40.606647 ], [ -8.076885, 40.605655 ], [ -8.075893, 40.605655 ], [ -8.075893, 40.604663 ], [ -8.074901, 40.604663 ], [ -8.074901, 40.605655 ], [ -8.070933, 40.605655 ], [ -8.070933, 40.604663 ], [ -8.068948, 40.604663 ], [ -8.068948, 40.604682 ], [ -8.068782, 40.604493 ], [ -8.068709, 40.60434 ], [ -8.068655, 40.604002 ], [ -8.068611, 40.603534 ], [ -8.068606, 40.603281 ], [ -8.068634, 40.603071 ], [ -8.068666, 40.602997 ], [ -8.068742, 40.602924 ], [ -8.06908, 40.602679 ], [ -8.06994, 40.602679 ], [ -8.06994, 40.602096 ], [ -8.070087, 40.601996 ], [ -8.070813, 40.60161 ], [ -8.071034, 40.601424 ], [ -8.071268, 40.601077 ], [ -8.071812, 40.600151 ], [ -8.071945, 40.600007 ], [ -8.072277, 40.599702 ], [ -8.072917, 40.599702 ], [ -8.072917, 40.599167 ], [ -8.07307, 40.599045 ], [ -8.073181, 40.598927 ], [ -8.073312, 40.59871 ], [ -8.074901, 40.59871 ] ] ], [ [ [ -8.077877, 40.59315 ], [ -8.077909, 40.593221 ], [ -8.077948, 40.593448 ], [ -8.078073, 40.59375 ], [ -8.077877, 40.59375 ], [ -8.077877, 40.59315 ] ] ], [ [ [ -8.094742, 40.59871 ], [ -8.096726, 40.59871 ], [ -8.096726, 40.599702 ], [ -8.097718, 40.599702 ], [ -8.097718, 40.600694 ], [ -8.099702, 40.600694 ], [ -8.099702, 40.599702 ], [ -8.100694, 40.599702 ], [ -8.100694, 40.598857 ], [ -8.102679, 40.599362 ], [ -8.102679, 40.599702 ], [ -8.104015, 40.599702 ], [ -8.106558, 40.60035 ], [ -8.106647, 40.600397 ], [ -8.106647, 40.601687 ], [ -8.107639, 40.601687 ], [ -8.107639, 40.602679 ], [ -8.106647, 40.602679 ], [ -8.106647, 40.603671 ], [ -8.108631, 40.603671 ], [ -8.108631, 40.602679 ], [ -8.110574, 40.602679 ], [ -8.110834, 40.602888 ], [ -8.111012, 40.60307 ], [ -8.111337, 40.603464 ], [ -8.111575, 40.603671 ], [ -8.109623, 40.603671 ], [ -8.109623, 40.605655 ], [ -8.108631, 40.605655 ], [ -8.108631, 40.606647 ], [ -8.103671, 40.606647 ], [ -8.103671, 40.605655 ], [ -8.102679, 40.605655 ], [ -8.102679, 40.606647 ], [ -8.101687, 40.606647 ], [ -8.101687, 40.604663 ], [ -8.100694, 40.604663 ], [ -8.100694, 40.603671 ], [ -8.097718, 40.603671 ], [ -8.097718, 40.604663 ], [ -8.096726, 40.604663 ], [ -8.096726, 40.605655 ], [ -8.095734, 40.605655 ], [ -8.095734, 40.607639 ], [ -8.094742, 40.607639 ], [ -8.094742, 40.606647 ], [ -8.09375, 40.606647 ], [ -8.09375, 40.607639 ], [ -8.091766, 40.607639 ], [ -8.091766, 40.609623 ], [ -8.089782, 40.609623 ], [ -8.089782, 40.608631 ], [ -8.08879, 40.608631 ], [ -8.08879, 40.607639 ], [ -8.087798, 40.607639 ], [ -8.087798, 40.606647 ], [ -8.084821, 40.606647 ], [ -8.084821, 40.605655 ], [ -8.086806, 40.605655 ], [ -8.086806, 40.604663 ], [ -8.087798, 40.604663 ], [ -8.087798, 40.603671 ], [ -8.09375, 40.603671 ], [ -8.09375, 40.602679 ], [ -8.091766, 40.602679 ], [ -8.091766, 40.601687 ], [ -8.090774, 40.601687 ], [ -8.090774, 40.600694 ], [ -8.089782, 40.600694 ], [ -8.089782, 40.599702 ], [ -8.082837, 40.599702 ], [ -8.082837, 40.599059 ], [ -8.083645, 40.599074 ], [ -8.088885, 40.598958 ], [ -8.090467, 40.598545 ], [ -8.090743, 40.598487 ], [ -8.091143, 40.598157 ], [ -8.091557, 40.597874 ], [ -8.092148, 40.597685 ], [ -8.092475, 40.597615 ], [ -8.092534, 40.597588 ], [ -8.092821, 40.597363 ], [ -8.094277, 40.597223 ], [ -8.094742, 40.597341 ], [ -8.094742, 40.59871 ] ], [ [ -8.101687, 40.599702 ], [ -8.101687, 40.600694 ], [ -8.102679, 40.600694 ], [ -8.102679, 40.599702 ], [ -8.101687, 40.599702 ] ], [ [ -8.105655, 40.603671 ], [ -8.105655, 40.602679 ], [ -8.103671, 40.602679 ], [ -8.103671, 40.603671 ], [ -8.105655, 40.603671 ] ], [ [ -8.091766, 40.606647 ], [ -8.091766, 40.604663 ], [ -8.090774, 40.604663 ], [ -8.090774, 40.606647 ], [ -8.091766, 40.606647 ] ] ] ] } },
{ "type": "Feature", "properties": { "value_per_ha": 3350, "exposure_id": 215, "area_ha": 0.9251, "ael_bau": 410.26, "ael_primary_full": 307.98, "ael_primary_partial": 396.95, "ael_secondary_full": 355.69, "ael_secondary_partial": 373.03, "ael_combined_full": 230.12, "ael_combined_partial": 333.12 }, "geometry": { "type": "Polygon", "coordinates": [ [ [ -8.074901, 40.597718 ], [ -8.073909, 40.597718 ], [ -8.073909, 40.596726 ], [ -8.074901, 40.596726 ], [ -8.074901, 40.597718 ] ] ] } },
{ "type": "Feature", "properties": { "value_per_ha": 3350, "exposure_id": 216, "area_ha": 0.6072, "ael_bau": 0.0, "ael_primary_full": 0.0, "ael_primary_partial": 0.0, "ael_secondary_full": 0.0, "ael_secondary_partial": 0.0, "ael_combined_full": 0.0, "ael_combined_partial": 0.0 }, "geometry": { "type": "Polygon", "coordinates": [ [ [ -8.112599, 40.604663 ], [ -8.111607, 40.604663 ], [ -8.111607, 40.603694 ], [ -8.111988, 40.60395 ], [ -8.112599, 40.604315 ], [ -8.112599, 40.604663 ] ] ] } },
{ "type": "Feature", "properties": { "value_per_ha": 3350, "exposure_id": 217, "area_ha": 0.8665, "ael_bau": 232.94, "ael_primary_full": 161.24, "ael_primary_partial": 221.3, "ael_secondary_full": 207.81, "ael_secondary_partial": 220.96, "ael_combined_full": 146.16, "ael_combined_partial": 203.64 }, "geometry": { "type": "Polygon", "coordinates": [ [ [ -8.113591, 40.605655 ], [ -8.112599, 40.605655 ], [ -8.112599, 40.604663 ], [ -8.113151, 40.604663 ], [ -8.113457, 40.604844 ], [ -8.113591, 40.604985 ], [ -8.113591, 40.605655 ] ] ] } },
{ "type": "Feature", "properties": { "value_per_ha": 3350, "exposure_id": 218, "area_ha": 0.9252, "ael_bau": 199.89, "ael_primary_full": 104.4, "ael_primary_partial": 167.54, "ael_secondary_full": 173.01, "ael_secondary_partial": 184.24, "ael_combined_full": 87.07, "ael_combined_partial": 140.62 }, "geometry": { "type": "Polygon", "coordinates": [ [ [ -8.169147, 40.590774 ], [ -8.168155, 40.590774 ], [ -8.168155, 40.589782 ], [ -8.169147, 40.589782 ], [ -8.169147, 40.590774 ] ] ] } },
{ "type": "Feature", "properties": { "value_per_ha": 3350, "exposure_id": 219, "area_ha": 1.8504, "ael_bau": 297.13, "ael_primary_full": 297.13, "ael_primary_partial": 297.13, "ael_secondary_full": 88.92, "ael_secondary_partial": 239.48, "ael_combined_full": 0.0, "ael_combined_partial": 247.44 }, "geometry": { "type": "Polygon", "coordinates": [ [ [ -8.195933, 40.589782 ], [ -8.195933, 40.591766 ], [ -8.19494, 40.591766 ], [ -8.19494, 40.589782 ], [ -8.195933, 40.589782 ] ] ] } },
{ "type": "Feature", "properties": { "value_per_ha": 3350, "exposure_id": 220, "area_ha": 9.2517, "ael_bau": 1701.41, "ael_primary_full": 1052.7, "ael_primary_partial": 1451.18, "ael_secondary_full": 1322.24, "ael_secondary_partial": 1568.79, "ael_combined_full": 473.92, "ael_combined_partial": 1198.76 }, "geometry": { "type": "Polygon", "coordinates": [ [ [ -8.176091, 40.591766 ], [ -8.176091, 40.590774 ], [ -8.177083, 40.590774 ], [ -8.177083, 40.589782 ], [ -8.178075, 40.589782 ], [ -8.178075, 40.590774 ], [ -8.179067, 40.590774 ], [ -8.179067, 40.589782 ], [ -8.181052, 40.589782 ], [ -8.181052, 40.590774 ], [ -8.18006, 40.590774 ], [ -8.18006, 40.592758 ], [ -8.177083, 40.592758 ], [ -8.177083, 40.591766 ], [ -8.176091, 40.591766 ] ] ] } },
{ "type": "Feature", "properties": { "value_per_ha": 3350, "exposure_id": 221, "area_ha": 6.4762, "ael_bau": 926.66, "ael_primary_full": 906.44, "ael_primary_partial": 926.66, "ael_secondary_full": 266.77, "ael_secondary_partial": 656.37, "ael_combined_full": 0.0, "ael_combined_partial": 663.54 }, "geometry": { "type": "Polygon", "coordinates": [ [ [ -8.192956, 40.592758 ], [ -8.192956, 40.591766 ], [ -8.190972, 40.591766 ], [ -8.190972, 40.590774 ], [ -8.191964, 40.590774 ], [ -8.191964, 40.589782 ], [ -8.193948, 40.589782 ], [ -8.193948, 40.591766 ], [ -8.19494, 40.591766 ], [ -8.19494, 40.592758 ], [ -8.192956, 40.592758 ] ] ] } },
{ "type": "Feature", "properties": { "value_per_ha": 3350, "exposure_id": 222, "area_ha": 0.9252, "ael_bau": 0.0, "ael_primary_full": 0.0, "ael_primary_partial": 0.0, "ael_secondary_full": 0.0, "ael_secondary_partial": 0.0, "ael_combined_full": 0.0, "ael_combined_partial": 0.0 }, "geometry": { "type": "Polygon", "coordinates": [ [ [ -8.188988, 40.592758 ], [ -8.187996, 40.592758 ], [ -8.187996, 40.591766 ], [ -8.188988, 40.591766 ], [ -8.188988, 40.592758 ] ] ] } },
{ "type": "Feature", "properties": { "value_per_ha": 3350, "exposure_id": 223, "area_ha": 11.1015, "ael_bau": 1384.58, "ael_primary_full": 297.54, "ael_primary_partial": 1167.28, "ael_secondary_full": 940.78, "ael_secondary_partial": 1190.89, "ael_combined_full": 0.0, "ael_combined_partial": 841.05 }, "geometry": { "type": "Polygon", "coordinates": [ [ [ -8.168155, 40.594742 ], [ -8.168155, 40.592758 ], [ -8.169147, 40.592758 ], [ -8.169147, 40.591766 ], [ -8.170139, 40.591766 ], [ -8.170139, 40.59375 ], [ -8.171131, 40.59375 ], [ -8.171131, 40.594742 ], [ -8.173115, 40.594742 ], [ -8.173115, 40.595734 ], [ -8.171131, 40.595734 ], [ -8.171131, 40.596726 ], [ -8.169147, 40.596726 ], [ -8.169147, 40.594742 ], [ -8.168155, 40.594742 ] ] ] } },
{ "type": "Feature", "properties": { "value_per_ha": 3350, "exposure_id": 224, "area_ha": 0.9251, "ael_bau": 148.41, "ael_primary_full": 138.04, "ael_primary_partial": 148.41, "ael_secondary_full": 44.46, "ael_secondary_partial": 73.11, "ael_combined_full": 0.0, "ael_combined_partial": 60.32 }, "geometry": { "type": "Polygon", "coordinates": [ [ [ -8.187004, 40.59375 ], [ -8.186012, 40.59375 ], [ -8.186012, 40.592758 ], [ -8.187004, 40.592758 ], [ -8.187004, 40.59375 ] ] ] } },
{ "type": "Feature", "properties": { "value_per_ha": 3350, "exposure_id": 225, "area_ha": 1.8503, "ael_bau": 279.97, "ael_primary_full": 279.97, "ael_primary_partial": 279.97, "ael_secondary_full": 88.92, "ael_secondary_partial": 243.05, "ael_combined_full": 0.0, "ael_combined_partial": 250.51 }, "geometry": { "type": "Polygon", "coordinates": [ [ [ -8.197917, 40.594742 ], [ -8.195933, 40.594742 ], [ -8.195933, 40.59375 ], [ -8.197917, 40.59375 ], [ -8.197917, 40.594742 ] ] ] } },
{ "type": "Feature", "properties": { "value_per_ha": 3350, "exposure_id": 226, "area_ha": 0.9251, "ael_bau": 210.06, "ael_primary_full": 0.0, "ael_primary_partial": 164.23, "ael_secondary_full": 184.61, "ael_secondary_partial": 195.94, "ael_combined_full": 0.0, "ael_combined_partial": 147.16 }, "geometry": { "type": "Polygon", "coordinates": [ [ [ -8.165179, 40.594742 ], [ -8.164187, 40.594742 ], [ -8.164187, 40.59375 ], [ -8.165179, 40.59375 ], [ -8.165179, 40.594742 ] ] ] } },
{ "type": "Feature", "properties": { "value_per_ha": 3350, "exposure_id": 227, "area_ha": 1.8502, "ael_bau": 263.13, "ael_primary_full": 214.02, "ael_primary_partial": 253.7, "ael_secondary_full": 132.1, "ael_secondary_partial": 171.24, "ael_combined_full": 82.72, "ael_combined_partial": 147.54 }, "geometry": { "type": "Polygon", "coordinates": [ [ [ -8.187996, 40.595734 ], [ -8.186012, 40.595734 ], [ -8.186012, 40.594742 ], [ -8.187996, 40.594742 ], [ -8.187996, 40.595734 ] ] ] } },
{ "type": "Feature", "properties": { "value_per_ha": 3350, "exposure_id": 228, "area_ha": 24.0525, "ael_bau": 5066.11, "ael_primary_full": 1130.42, "ael_primary_partial": 4181.95, "ael_secondary_full": 3498.92, "ael_secondary_partial": 4426.61, "ael_combined_full": 113.19, "ael_combined_partial": 2974.61 }, "geometry": { "type": "Polygon", "coordinates": [ [ [ -8.179067, 40.59871 ], [ -8.177083, 40.59871 ], [ -8.177083, 40.597718 ], [ -8.174107, 40.597718 ], [ -8.174107, 40.595734 ], [ -8.175099, 40.595734 ], [ -8.175099, 40.594742 ], [ -8.179067, 40.594742 ], [ -8.179067, 40.595734 ], [ -8.181052, 40.595734 ], [ -8.181052, 40.597718 ], [ -8.182044, 40.597718 ], [ -8.182044, 40.599702 ], [ -8.179067, 40.599702 ], [ -8.179067, 40.59871 ] ] ] } },
{ "type": "Feature", "properties": { "value_per_ha": 3350, "exposure_id": 229, "area_ha": 0.9251, "ael_bau": 167.79, "ael_primary_full": 101.5, "ael_primary_partial": 139.93, "ael_secondary_full": 44.46, "ael_secondary_partial": 142.65, "ael_combined_full": 0.0, "ael_combined_partial": 76.46 }, "geometry": { "type": "Polygon", "coordinates": [ [ [ -8.184028, 40.596726 ], [ -8.183036, 40.596726 ], [ -8.183036, 40.595734 ], [ -8.184028, 40.595734 ], [ -8.184028, 40.596726 ] ] ] } },
{ "type": "Feature", "properties": { "value_per_ha": 3350, "exposure_id": 230, "area_ha": 0.9251, "ael_bau": 255.82, "ael_primary_full": 220.98, "ael_primary_partial": 252.6, "ael_secondary_full": 88.92, "ael_secondary_partial": 164.74, "ael_combined_full": 0.0, "ael_combined_partial": 153.3 }, "geometry": { "type": "Polygon", "coordinates": [ [ [ -8.195933, 40.596726 ], [ -8.195933, 40.597718 ], [ -8.19494, 40.597718 ], [ -8.19494, 40.596726 ], [ -8.195933, 40.596726 ] ] ] } },
{ "type": "Feature", "properties": { "value_per_ha": 3350, "exposure_id": 231, "area_ha": 9.2507, "ael_bau": 1463.71, "ael_primary_full": 1122.3, "ael_primary_partial": 1383.43, "ael_secondary_full": 578.32, "ael_secondary_partial": 1046.3, "ael_combined_full": 1.24, "ael_combined_partial": 866.41 }, "geometry": { "type": "Polygon", "coordinates": [ [ [ -8.193948, 40.59871 ], [ -8.193948, 40.601687 ], [ -8.191964, 40.601687 ], [ -8.191964, 40.600694 ], [ -8.192956, 40.600694 ], [ -8.192956, 40.59871 ], [ -8.18998, 40.59871 ], [ -8.18998, 40.597718 ], [ -8.192956, 40.597718 ], [ -8.192956, 40.596726 ], [ -8.193948, 40.596726 ], [ -8.193948, 40.597718 ], [ -8.19494, 40.597718 ], [ -8.19494, 40.59871 ], [ -8.193948, 40.59871 ] ] ] } },
{ "type": "Feature", "properties": { "value_per_ha": 3350, "exposure_id": 232, "area_ha": 2.7752, "ael_bau": 904.1, "ael_primary_full": 567.82, "ael_primary_partial": 780.27, "ael_secondary_full": 351.83, "ael_secondary_partial": 691.46, "ael_combined_full": 0.0, "ael_combined_partial": 406.89 }, "geometry": { "type": "Polygon", "coordinates": [ [ [ -8.186012, 40.59871 ], [ -8.183036, 40.59871 ], [ -8.183036, 40.597718 ], [ -8.186012, 40.597718 ], [ -8.186012, 40.59871 ] ] ] } },
{ "type": "Feature", "properties": { "value_per_ha": 3350, "exposure_id": 233, "area_ha": 0.9251, "ael_bau": 197.34, "ael_primary_full": 100.92, "ael_primary_partial": 184.11, "ael_secondary_full": 171.4, "ael_secondary_partial": 181.31, "ael_combined_full": 47.89, "ael_combined_partial": 145.62 }, "geometry": { "type": "Polygon", "coordinates": [ [ [ -8.171131, 40.599702 ], [ -8.170139, 40.599702 ], [ -8.170139, 40.59871 ], [ -8.171131, 40.59871 ], [ -8.171131, 40.599702 ] ] ] } },
{ "type": "Feature", "properties": { "value_per_ha": 3350, "exposure_id": 234, "area_ha": 1.8501, "ael_bau": 170.33, "ael_primary_full": 94.54, "ael_primary_partial": 139.19, "ael_secondary_full": 140.47, "ael_secondary_partial": 150.12, "ael_combined_full": 0.62, "ael_combined_partial": 92.21 }, "geometry": { "type": "Polygon", "coordinates": [ [ [ -8.184028, 40.600694 ], [ -8.182044, 40.600694 ], [ -8.182044, 40.599702 ], [ -8.184028, 40.599702 ], [ -8.184028, 40.600694 ] ] ] } },
{ "type": "Feature", "properties": { "value_per_ha": 3350, "exposure_id": 235, "area_ha": 2.7751, "ael_bau": 386.74, "ael_primary_full": 316.68, "ael_primary_partial": 370.44, "ael_secondary_full": 133.38, "ael_secondary_partial": 284.97, "ael_combined_full": 0.0, "ael_combined_partial": 253.58 }, "geometry": { "type": "Polygon", "coordinates": [ [ [ -8.198909, 40.601687 ], [ -8.195933, 40.601687 ], [ -8.195933, 40.600694 ], [ -8.198909, 40.600694 ], [ -8.198909, 40.601687 ] ] ] } },
{ "type": "Feature", "properties": { "value_per_ha": 3350, "exposure_id": 236, "area_ha": 2.7751, "ael_bau": 524.98, "ael_primary_full": 208.22, "ael_primary_partial": 423.83, "ael_secondary_full": 438.81, "ael_secondary_partial": 469.86, "ael_combined_full": 1.24, "ael_combined_partial": 283.55 }, "geometry": { "type": "Polygon", "coordinates": [ [ [ -8.181052, 40.601687 ], [ -8.181052, 40.602679 ], [ -8.18006, 40.602679 ], [ -8.18006, 40.600694 ], [ -8.182044, 40.600694 ], [ -8.182044, 40.601687 ], [ -8.181052, 40.601687 ] ] ] } },
{ "type": "Feature", "properties": { "value_per_ha": 3350, "exposure_id": 237, "area_ha": 0.9248, "ael_bau": 143.64, "ael_primary_full": 107.3, "ael_primary_partial": 139.56, "ael_secondary_full": 105.35, "ael_secondary_partial": 114.7, "ael_combined_full": 39.8, "ael_combined_partial": 99.9 }, "geometry": { "type": "Polygon", "coordinates": [ [ [ -8.187004, 40.616567 ], [ -8.187004, 40.615575 ], [ -8.187996, 40.615575 ], [ -8.187996, 40.616567 ], [ -8.187004, 40.616567 ] ] ] } },
{ "type": "Feature", "properties": { "value_per_ha": 3350, "exposure_id": 238, "area_ha": 1.8496, "ael_bau": 285.69, "ael_primary_full": 216.92, "ael_primary_partial": 276.17, "ael_secondary_full": 194.28, "ael_secondary_partial": 209.26, "ael_combined_full": 81.47, "ael_combined_partial": 198.26 }, "geometry": { "type": "Polygon", "coordinates": [ [ [ -8.18998, 40.61756 ], [ -8.187996, 40.61756 ], [ -8.187996, 40.616567 ], [ -8.18998, 40.616567 ], [ -8.18998, 40.61756 ] ] ] } },
{ "type": "Feature", "properties": { "value_per_ha": 3350, "exposure_id": 239, "area_ha": 2.7744, "ael_bau": 494.79, "ael_primary_full": 340.46, "ael_primary_partial": 479.43, "ael_secondary_full": 342.8, "ael_secondary_partial": 413.64, "ael_combined_full": 125.01, "ael_combined_partial": 362.7 }, "geometry": { "type": "Polygon", "coordinates": [ [ [ -8.169147, 40.618552 ], [ -8.166171, 40.618552 ], [ -8.166171, 40.61756 ], [ -8.169147, 40.61756 ], [ -8.169147, 40.618552 ] ] ] } },
{ "type": "Feature", "properties": { "value_per_ha": 3350, "exposure_id": 240, "area_ha": 0.9248, "ael_bau": 0.0, "ael_primary_full": 0.0, "ael_primary_partial": 0.0, "ael_secondary_full": 0.0, "ael_secondary_partial": 0.0, "ael_combined_full": 0.0, "ael_combined_partial": 0.0 }, "geometry": { "type": "Polygon", "coordinates": [ [ [ -8.183036, 40.619544 ], [ -8.182044, 40.619544 ], [ -8.182044, 40.618552 ], [ -8.183036, 40.618552 ], [ -8.183036, 40.619544 ] ] ] } },
{ "type": "Feature", "properties": { "value_per_ha": 3350, "exposure_id": 241, "area_ha": 7.398, "ael_bau": 1024.22, "ael_primary_full": 704.7, "ael_primary_partial": 985.01, "ael_secondary_full": 850.24, "ael_secondary_partial": 882.85, "ael_combined_full": 325.28, "ael_combined_partial": 768.43 }, "geometry": { "type": "Polygon", "coordinates": [ [ [ -8.170139, 40.62252 ], [ -8.167163, 40.62252 ], [ -8.167163, 40.623512 ], [ -8.165179, 40.623512 ], [ -8.165179, 40.62252 ], [ -8.166171, 40.62252 ], [ -8.166171, 40.621528 ], [ -8.168155, 40.621528 ], [ -8.168155, 40.620536 ], [ -8.170139, 40.620536 ], [ -8.170139, 40.62252 ] ] ] } },
{ "type": "Feature", "properties": { "value_per_ha": 3350, "exposure_id": 242, "area_ha": 1.8495, "ael_bau": 214.82, "ael_primary_full": 148.48, "ael_primary_partial": 206.94, "ael_secondary_full": 85.7, "ael_secondary_partial": 142.97, "ael_combined_full": 22.39, "ael_combined_partial": 133.71 }, "geometry": { "type": "Polygon", "coordinates": [ [ [ -8.175099, 40.623512 ], [ -8.173115, 40.623512 ], [ -8.173115, 40.62252 ], [ -8.175099, 40.62252 ], [ -8.175099, 40.623512 ] ] ] } },
{ "type": "Feature", "properties": { "value_per_ha": 3350, "exposure_id": 243, "area_ha": 1.8495, "ael_bau": 261.85, "ael_primary_full": 203.58, "ael_primary_partial": 257.76, "ael_secondary_full": 85.7, "ael_secondary_partial": 183.91, "ael_combined_full": 22.39, "ael_combined_partial": 179.43 }, "geometry": { "type": "Polygon", "coordinates": [ [ [ -8.192956, 40.624504 ], [ -8.190972, 40.624504 ], [ -8.190972, 40.623512 ], [ -8.192956, 40.623512 ], [ -8.192956, 40.624504 ] ] ] } },
{ "type": "Feature", "properties": { "value_per_ha": 3350, "exposure_id": 244, "area_ha": 0.9247, "ael_bau": 126.16, "ael_primary_full": 100.92, "ael_primary_partial": 126.16, "ael_secondary_full": 83.12, "ael_secondary_partial": 91.63, "ael_combined_full": 39.8, "ael_combined_partial": 91.83 }, "geometry": { "type": "Polygon", "coordinates": [ [ [ -8.197917, 40.625496 ], [ -8.196925, 40.625496 ], [ -8.196925, 40.624504 ], [ -8.197917, 40.624504 ], [ -8.197917, 40.625496 ] ] ] } },
{ "type": "Feature", "properties": { "value_per_ha": 3350, "exposure_id": 245, "area_ha": 5.5482, "ael_bau": 937.46, "ael_primary_full": 735.44, "ael_primary_partial": 896.63, "ael_secondary_full": 635.67, "ael_secondary_partial": 693.41, "ael_combined_full": 266.19, "ael_combined_partial": 648.94 }, "geometry": { "type": "Polygon", "coordinates": [ [ [ -8.175099, 40.626488 ], [ -8.175099, 40.625496 ], [ -8.177083, 40.625496 ], [ -8.177083, 40.624504 ], [ -8.179067, 40.624504 ], [ -8.179067, 40.625496 ], [ -8.178075, 40.625496 ], [ -8.178075, 40.62748 ], [ -8.177083, 40.62748 ], [ -8.177083, 40.626488 ], [ -8.175099, 40.626488 ] ] ] } },
{ "type": "Feature", "properties": { "value_per_ha": 3350, "exposure_id": 246, "area_ha": 1.8493, "ael_bau": 319.69, "ael_primary_full": 248.82, "ael_primary_partial": 307.84, "ael_secondary_full": 216.19, "ael_secondary_partial": 232.98, "ael_combined_full": 92.67, "ael_combined_partial": 221.31 }, "geometry": { "type": "Polygon", "coordinates": [ [ [ -8.176091, 40.629464 ], [ -8.176091, 40.62748 ], [ -8.177083, 40.62748 ], [ -8.177083, 40.629464 ], [ -8.176091, 40.629464 ] ] ] } },
{ "type": "Feature", "properties": { "value_per_ha": 3350, "exposure_id": 247, "area_ha": 25.8894, "ael_bau": 3760.65, "ael_primary_full": 2841.99, "ael_primary_partial": 3666.49, "ael_secondary_full": 2163.47, "ael_secondary_partial": 2554.33, "ael_combined_full": 845.85, "ael_combined_partial": 2407.51 }, "geometry": { "type": "Polygon", "coordinates": [ [ [ -8.179067, 40.63244 ], [ -8.179067, 40.631448 ], [ -8.178075, 40.631448 ], [ -8.178075, 40.629464 ], [ -8.179067, 40.629464 ], [ -8.179067, 40.628472 ], [ -8.181052, 40.628472 ], [ -8.181052, 40.630456 ], [ -8.187996, 40.630456 ], [ -8.187996, 40.63244 ], [ -8.186012, 40.63244 ], [ -8.186012, 40.633433 ], [ -8.182044, 40.633433 ], [ -8.182044, 40.63244 ], [ -8.179067, 40.63244 ] ] ] } },
{ "type": "Feature", "properties": { "value_per_ha": 3350, "exposure_id": 248, "area_ha": 7.3965, "ael_bau": 708.02, "ael_primary_full": 518.52, "ael_primary_partial": 686.01, "ael_secondary_full": 497.45, "ael_secondary_partial": 541.99, "ael_combined_full": 220.79, "ael_combined_partial": 499.1 }, "geometry": { "type": "Polygon", "coordinates": [ [ [ -8.171131, 40.636409 ], [ -8.170139, 40.636409 ], [ -8.170139, 40.638393 ], [ -8.168155, 40.638393 ], [ -8.168155, 40.637401 ], [ -8.169147, 40.637401 ], [ -8.169147, 40.634425 ], [ -8.170139, 40.634425 ], [ -8.170139, 40.633433 ], [ -8.171131, 40.633433 ], [ -8.171131, 40.636409 ] ] ] } },
{ "type": "Feature", "properties": { "value_per_ha": 3350, "exposure_id": 249, "area_ha": 1.8491, "ael_bau": 289.18, "ael_primary_full": 207.64, "ael_primary_partial": 273.59, "ael_secondary_full": 145.31, "ael_secondary_partial": 179.04, "ael_combined_full": 45.4, "ael_combined_partial": 154.84 }, "geometry": { "type": "Polygon", "coordinates": [ [ [ -8.182044, 40.638393 ], [ -8.18006, 40.638393 ], [ -8.18006, 40.637401 ], [ -8.182044, 40.637401 ], [ -8.182044, 40.638393 ] ] ] } },
{ "type": "Feature", "properties": { "value_per_ha": 3350, "exposure_id": 250, "area_ha": 2.7736, "ael_bau": 260.58, "ael_primary_full": 215.18, "ael_primary_partial": 256.29, "ael_secondary_full": 85.7, "ael_secondary_partial": 157.92, "ael_combined_full": 22.39, "ael_combined_partial": 157.91 }, "geometry": { "type": "Polygon", "coordinates": [ [ [ -8.187996, 40.639385 ], [ -8.187996, 40.638393 ], [ -8.18998, 40.638393 ], [ -8.18998, 40.640377 ], [ -8.188988, 40.640377 ], [ -8.188988, 40.639385 ], [ -8.187996, 40.639385 ] ] ] } },
{ "type": "Feature", "properties": { "value_per_ha": 3350, "exposure_id": 251, "area_ha": 2.7735, "ael_bau": 486.21, "ael_primary_full": 360.76, "ael_primary_partial": 465.44, "ael_secondary_full": 335.07, "ael_secondary_partial": 371.73, "ael_combined_full": 120.66, "ael_combined_partial": 328.51 }, "geometry": { "type": "Polygon", "coordinates": [ [ [ -8.179067, 40.639385 ], [ -8.179067, 40.640377 ], [ -8.18006, 40.640377 ], [ -8.18006, 40.641369 ], [ -8.178075, 40.641369 ], [ -8.178075, 40.639385 ], [ -8.179067, 40.639385 ] ] ] } },
{ "type": "Feature", "properties": { "value_per_ha": 3350, "exposure_id": 252, "area_ha": 0.9245, "ael_bau": 111.22, "ael_primary_full": 84.1, "ael_primary_partial": 106.05, "ael_secondary_full": 42.85, "ael_secondary_partial": 56.21, "ael_combined_full": 11.2, "ael_combined_partial": 51.87 }, "geometry": { "type": "Polygon", "coordinates": [ [ [ -8.184028, 40.641369 ], [ -8.183036, 40.641369 ], [ -8.183036, 40.640377 ], [ -8.184028, 40.640377 ], [ -8.184028, 40.641369 ] ] ] } },
{ "type": "Feature", "properties": { "value_per_ha": 3350, "exposure_id": 253, "area_ha": 0.9252, "ael_bau": 134.42, "ael_primary_full": 134.42, "ael_primary_partial": 134.42, "ael_secondary_full": 119.53, "ael_secondary_partial": 124.78, "ael_combined_full": 117.55, "ael_combined_partial": 128.71 }, "geometry": { "type": "Polygon", "coordinates": [ [ [ -8.206845, 40.591766 ], [ -8.206845, 40.592758 ], [ -8.205853, 40.592758 ], [ -8.205853, 40.591766 ], [ -8.206845, 40.591766 ] ] ] } },
{ "type": "Feature", "properties": { "value_per_ha": 3350, "exposure_id": 254, "area_ha": 16.6525, "ael_bau": 2334.12, "ael_primary_full": 2334.12, "ael_primary_partial": 2334.12, "ael_secondary_full": 1985.94, "ael_secondary_partial": 2093.57, "ael_combined_full": 1922.44, "ael_combined_partial": 2143.16 }, "geometry": { "type": "Polygon", "coordinates": [ [ [ -8.207837, 40.59375 ], [ -8.207837, 40.594742 ], [ -8.205853, 40.594742 ], [ -8.205853, 40.595734 ], [ -8.201885, 40.595734 ], [ -8.201885, 40.594742 ], [ -8.200893, 40.594742 ], [ -8.200893, 40.591766 ], [ -8.201885, 40.591766 ], [ -8.201885, 40.592758 ], [ -8.203746, 40.592758 ], [ -8.203869, 40.592758 ], [ -8.203869, 40.591766 ], [ -8.204861, 40.591766 ], [ -8.204861, 40.592758 ], [ -8.205853, 40.592758 ], [ -8.205853, 40.59375 ], [ -8.207837, 40.59375 ] ] ] } },
{ "type": "Feature", "properties": { "value_per_ha": 3350, "exposure_id": 255, "area_ha": 4.6256, "ael_bau": 596.8, "ael_primary_full": 538.82, "ael_primary_partial": 594.21, "ael_secondary_full": 488.43, "ael_secondary_partial": 517.62, "ael_combined_full": 455.26, "ael_combined_partial": 518.69 }, "geometry": { "type": "Polygon", "coordinates": [ [ [ -8.249504, 40.594742 ], [ -8.249504, 40.595734 ], [ -8.244544, 40.595734 ], [ -8.244544, 40.594742 ], [ -8.249504, 40.594742 ] ] ] } },
{ "type": "Feature", "properties": { "value_per_ha": 3350, "exposure_id": 256, "area_ha": 0.9251, "ael_bau": 129.34, "ael_primary_full": 129.34, "ael_primary_partial": 129.34, "ael_secondary_full": 109.86, "ael_secondary_partial": 114.7, "ael_combined_full": 100.76, "ael_combined_partial": 114.11 }, "geometry": { "type": "Polygon", "coordinates": [ [ [ -8.211806, 40.595734 ], [ -8.210813, 40.595734 ], [ -8.210813, 40.594742 ], [ -8.211806, 40.594742 ], [ -8.211806, 40.595734 ] ] ] } },
{ "type": "Feature", "properties": { "value_per_ha": 3350, "exposure_id": 257, "area_ha": 14.8016, "ael_bau": 2062.1, "ael_primary_full": 2010.42, "ael_primary_partial": 1991.81, "ael_secondary_full": 1707.9, "ael_secondary_partial": 1841.42, "ael_combined_full": 1363.93, "ael_combined_partial": 1712.84 }, "geometry": { "type": "Polygon", "coordinates": [ [ [ -8.21875, 40.594742 ], [ -8.21875, 40.595734 ], [ -8.219742, 40.595734 ], [ -8.219742, 40.59871 ], [ -8.21379, 40.59871 ], [ -8.21379, 40.597718 ], [ -8.214782, 40.597718 ], [ -8.214782, 40.596726 ], [ -8.216766, 40.596726 ], [ -8.216766, 40.594742 ], [ -8.21875, 40.594742 ] ] ] } },
{ "type": "Feature", "properties": { "value_per_ha": 3350, "exposure_id": 258, "area_ha": 12.0263, "ael_bau": 1619.74, "ael_primary_full": 1467.4, "ael_primary_partial": 1553.55, "ael_secondary_full": 1185.64, "ael_secondary_partial": 1330.61, "ael_combined_full": 966.5, "ael_combined_partial": 1290.59 }, "geometry": { "type": "Polygon", "coordinates": [ [ [ -8.226687, 40.594742 ], [ -8.228671, 40.594742 ], [ -8.228671, 40.59871 ], [ -8.225694, 40.59871 ], [ -8.225694, 40.597718 ], [ -8.224702, 40.597718 ], [ -8.224702, 40.595734 ], [ -8.226687, 40.595734 ], [ -8.226687, 40.594742 ] ] ] } },
{ "type": "Feature", "properties": { "value_per_ha": 3350, "exposure_id": 259, "area_ha": 13.8763, "ael_bau": 1819.95, "ael_primary_full": 1668.08, "ael_primary_partial": 1722.57, "ael_secondary_full": 1302.59, "ael_secondary_partial": 1462.21, "ael_combined_full": 1047.98, "ael_combined_partial": 1403.93 }, "geometry": { "type": "Polygon", "coordinates": [ [ [ -8.22371, 40.59871 ], [ -8.225694, 40.59871 ], [ -8.225694, 40.599702 ], [ -8.224702, 40.599702 ], [ -8.224702, 40.600694 ], [ -8.22371, 40.600694 ], [ -8.22371, 40.599702 ], [ -8.220734, 40.599702 ], [ -8.220734, 40.597718 ], [ -8.222718, 40.597718 ], [ -8.222718, 40.595734 ], [ -8.220734, 40.595734 ], [ -8.220734, 40.594742 ], [ -8.224702, 40.594742 ], [ -8.224702, 40.595734 ], [ -8.22371, 40.595734 ], [ -8.22371, 40.59871 ] ] ] } },
{ "type": "Feature", "properties": { "value_per_ha": 3350, "exposure_id": 260, "area_ha": 1.8502, "ael_bau": 121.71, "ael_primary_full": 109.04, "ael_primary_partial": 118.94, "ael_secondary_full": 54.45, "ael_secondary_partial": 98.46, "ael_combined_full": 41.67, "ael_combined_partial": 96.44 }, "geometry": { "type": "Polygon", "coordinates": [ [ [ -8.24256, 40.596726 ], [ -8.24256, 40.595734 ], [ -8.244544, 40.595734 ], [ -8.244544, 40.596726 ], [ -8.24256, 40.596726 ] ] ] } },
{ "type": "Feature", "properties": { "value_per_ha": 3350, "exposure_id": 261, "area_ha": 2.7752, "ael_bau": 364.18, "ael_primary_full": 316.1, "ael_primary_partial": 363.93, "ael_secondary_full": 297.7, "ael_secondary_partial": 312.91, "ael_combined_full": 277.39, "ael_combined_partial": 321.97 }, "geometry": { "type": "Polygon", "coordinates": [ [ [ -8.245536, 40.597718 ], [ -8.248512, 40.597718 ], [ -8.248512, 40.59871 ], [ -8.245536, 40.59871 ], [ -8.245536, 40.597718 ] ] ] } },
{ "type": "Feature", "properties": { "value_per_ha": 3350, "exposure_id": 262, "area_ha": 0.9251, "ael_bau": 0.0, "ael_primary_full": 0.0, "ael_primary_partial": 0.0, "ael_secondary_full": 0.0, "ael_secondary_partial": 0.0, "ael_combined_full": 0.0, "ael_combined_partial": 0.0 }, "geometry": { "type": "Polygon", "coordinates": [ [ [ -8.200893, 40.59871 ], [ -8.199901, 40.59871 ], [ -8.199901, 40.597718 ], [ -8.200893, 40.597718 ], [ -8.200893, 40.59871 ] ] ] } },
{ "type": "Feature", "properties": { "value_per_ha": 3350, "exposure_id": 263, "area_ha": 0.9251, "ael_bau": 121.39, "ael_primary_full": 105.56, "ael_primary_partial": 121.39, "ael_secondary_full": 99.88, "ael_secondary_partial": 104.63, "ael_combined_full": 90.8, "ael_combined_partial": 107.58 }, "geometry": { "type": "Polygon", "coordinates": [ [ [ -8.249504, 40.599702 ], [ -8.248512, 40.599702 ], [ -8.248512, 40.59871 ], [ -8.249504, 40.59871 ], [ -8.249504, 40.599702 ] ] ] } },
{ "type": "Feature", "properties": { "value_per_ha": 3350, "exposure_id": 264, "area_ha": 0.9251, "ael_bau": 120.12, "ael_primary_full": 120.12, "ael_primary_partial": 120.12, "ael_secondary_full": 44.46, "ael_secondary_partial": 94.23, "ael_combined_full": 0.0, "ael_combined_partial": 92.21 }, "geometry": { "type": "Polygon", "coordinates": [ [ [ -8.205853, 40.59871 ], [ -8.205853, 40.599702 ], [ -8.204861, 40.599702 ], [ -8.204861, 40.59871 ], [ -8.205853, 40.59871 ] ] ] } },
{ "type": "Feature", "properties": { "value_per_ha": 3350, "exposure_id": 265, "area_ha": 9.2505, "ael_bau": 1185.97, "ael_primary_full": 1185.97, "ael_primary_partial": 1185.35, "ael_secondary_full": 637.92, "ael_secondary_partial": 991.71, "ael_combined_full": 309.73, "ael_combined_partial": 954.01 }, "geometry": { "type": "Polygon", "coordinates": [ [ [ -8.207837, 40.601687 ], [ -8.207837, 40.599702 ], [ -8.208829, 40.599702 ], [ -8.208829, 40.59871 ], [ -8.210813, 40.59871 ], [ -8.210813, 40.602679 ], [ -8.208829, 40.602679 ], [ -8.208829, 40.601687 ], [ -8.207837, 40.601687 ] ] ] } },
{ "type": "Feature", "properties": { "value_per_ha": 3350, "exposure_id": 266, "area_ha": 1.8501, "ael_bau": 230.71, "ael_primary_full": 230.71, "ael_primary_partial": 230.71, "ael_secondary_full": 88.92, "ael_secondary_partial": 172.54, "ael_combined_full": 0.0, "ael_combined_partial": 171.36 }, "geometry": { "type": "Polygon", "coordinates": [ [ [ -8.203869, 40.601687 ], [ -8.203869, 40.599702 ], [ -8.204861, 40.599702 ], [ -8.204861, 40.601687 ], [ -8.203869, 40.601687 ] ] ] } },
{ "type": "Feature", "properties": { "value_per_ha": 3350, "exposure_id": 267, "area_ha": 21.2755, "ael_bau": 2633.79, "ael_primary_full": 2123.38, "ael_primary_partial": 2473.38, "ael_secondary_full": 2148.97, "ael_secondary_partial": 2316.47, "ael_combined_full": 1561.08, "ael_combined_partial": 2053.26 }, "geometry": { "type": "Polygon", "coordinates": [ [ [ -8.225694, 40.602679 ], [ -8.225694, 40.600694 ], [ -8.228671, 40.600694 ], [ -8.228671, 40.601687 ], [ -8.229663, 40.601687 ], [ -8.229663, 40.599702 ], [ -8.231647, 40.599702 ], [ -8.231647, 40.600694 ], [ -8.232639, 40.600694 ], [ -8.232639, 40.602679 ], [ -8.230655, 40.602679 ], [ -8.230655, 40.603671 ], [ -8.229663, 40.603671 ], [ -8.229663, 40.604663 ], [ -8.227679, 40.604663 ], [ -8.227679, 40.605655 ], [ -8.226687, 40.605655 ], [ -8.226687, 40.602679 ], [ -8.225694, 40.602679 ] ] ] } },
{ "type": "Feature", "properties": { "value_per_ha": 3350, "exposure_id": 268, "area_ha": 0.925, "ael_bau": 120.12, "ael_primary_full": 110.2, "ael_primary_partial": 111.94, "ael_secondary_full": 44.46, "ael_secondary_partial": 106.9, "ael_combined_full": 0.0, "ael_combined_partial": 99.9 }, "geometry": { "type": "Polygon", "coordinates": [ [ [ -8.220734, 40.601687 ], [ -8.219742, 40.601687 ], [ -8.219742, 40.600694 ], [ -8.220734, 40.600694 ], [ -8.220734, 40.601687 ] ] ] } },
{ "type": "Feature", "properties": { "value_per_ha": 3350, "exposure_id": 269, "area_ha": 11.1002, "ael_bau": 1382.68, "ael_primary_full": 1096.78, "ael_primary_partial": 1336.66, "ael_secondary_full": 1130.22, "ael_secondary_partial": 1206.49, "ael_combined_full": 964.64, "ael_combined_partial": 1163.03 }, "geometry": { "type": "Polygon", "coordinates": [ [ [ -8.246528, 40.604663 ], [ -8.243552, 40.604663 ], [ -8.243552, 40.603671 ], [ -8.244544, 40.603671 ], [ -8.244544, 40.600694 ], [ -8.245536, 40.600694 ], [ -8.245536, 40.601687 ], [ -8.24752, 40.601687 ], [ -8.24752, 40.605655 ], [ -8.246528, 40.605655 ], [ -8.246528, 40.604663 ] ] ] } },
{ "type": "Feature", "properties": { "value_per_ha": 3350, "exposure_id": 270, "area_ha": 1.8501, "ael_bau": 121.71, "ael_primary_full": 108.46, "ael_primary_partial": 117.46, "ael_secondary_full": 81.19, "ael_secondary_partial": 98.46, "ael_combined_full": 1.24, "ael_combined_partial": 86.83 }, "geometry": { "type": "Polygon", "coordinates": [ [ [ -8.199901, 40.601687 ], [ -8.201885, 40.601687 ], [ -8.201885, 40.602679 ], [ -8.199901, 40.602679 ], [ -8.199901, 40.601687 ] ] ] } },
{ "type": "Feature", "properties": { "value_per_ha": 3350, "exposure_id": 271, "area_ha": 0.925, "ael_bau": 112.18, "ael_primary_full": 112.18, "ael_primary_partial": 112.18, "ael_secondary_full": 44.46, "ael_secondary_partial": 76.69, "ael_combined_full": 0.0, "ael_combined_partial": 76.84 }, "geometry": { "type": "Polygon", "coordinates": [ [ [ -8.214782, 40.602679 ], [ -8.21379, 40.602679 ], [ -8.21379, 40.601687 ], [ -8.214782, 40.601687 ], [ -8.214782, 40.602679 ] ] ] } },
{ "type": "Feature", "properties": { "value_per_ha": 3350, "exposure_id": 272, "area_ha": 3.7, "ael_bau": 448.39, "ael_primary_full": 440.73, "ael_primary_partial": 447.72, "ael_secondary_full": 292.54, "ael_secondary_partial": 372.7, "ael_combined_full": 4.98, "ael_combined_partial": 356.94 }, "geometry": { "type": "Polygon", "coordinates": [ [ [ -8.205853, 40.603671 ], [ -8.201885, 40.603671 ], [ -8.201885, 40.602679 ], [ -8.205853, 40.602679 ], [ -8.205853, 40.603671 ] ] ] } },
{ "type": "Feature", "properties": { "value_per_ha": 3350, "exposure_id": 273, "area_ha": 0.925, "ael_bau": 109.95, "ael_primary_full": 109.95, "ael_primary_partial": 109.95, "ael_secondary_full": 65.4, "ael_secondary_partial": 87.08, "ael_combined_full": 1.24, "ael_combined_partial": 87.22 }, "geometry": { "type": "Polygon", "coordinates": [ [ [ -8.207837, 40.603671 ], [ -8.207837, 40.602679 ], [ -8.208829, 40.602679 ], [ -8.208829, 40.603671 ], [ -8.207837, 40.603671 ] ] ] } },
{ "type": "Feature", "properties": { "value_per_ha": 3350, "exposure_id": 274, "area_ha": 0.925, "ael_bau": 107.73, "ael_primary_full": 107.73, "ael_primary_partial": 107.73, "ael_secondary_full": 67.66, "ael_secondary_partial": 89.03, "ael_combined_full": 1.24, "ael_combined_partial": 86.06 }, "geometry": { "type": "Polygon", "coordinates": [ [ [ -8.206845, 40.604663 ], [ -8.205853, 40.604663 ], [ -8.205853, 40.603671 ], [ -8.206845, 40.603671 ], [ -8.206845, 40.604663 ] ] ] } },
{ "type": "Feature", "properties": { "value_per_ha": 3350, "exposure_id": 275, "area_ha": 1.8499, "ael_bau": 533.24, "ael_primary_full": 280.14, "ael_primary_partial": 479.43, "ael_secondary_full": 457.5, "ael_secondary_partial": 478.31, "ael_combined_full": 222.03, "ael_combined_partial": 409.96 }, "geometry": { "type": "Polygon", "coordinates": [ [ [ -8.227679, 40.606647 ], [ -8.229663, 40.606647 ], [ -8.229663, 40.607639 ], [ -8.227679, 40.607639 ], [ -8.227679, 40.606647 ] ] ] } },
{ "type": "Feature", "properties": { "value_per_ha": 3350, "exposure_id": 276, "area_ha": 0.9249, "ael_bau": 126.16, "ael_primary_full": 122.38, "ael_primary_partial": 126.16, "ael_secondary_full": 98.27, "ael_secondary_partial": 106.25, "ael_combined_full": 36.69, "ael_combined_partial": 94.13 }, "geometry": { "type": "Polygon", "coordinates": [ [ [ -8.211806, 40.610615 ], [ -8.210813, 40.610615 ], [ -8.210813, 40.609623 ], [ -8.211806, 40.609623 ], [ -8.211806, 40.610615 ] ] ] } },
{ "type": "Feature", "properties": { "value_per_ha": 3350, "exposure_id": 277, "area_ha": 0.9249, "ael_bau": 136.65, "ael_primary_full": 78.3, "ael_primary_partial": 126.3, "ael_secondary_full": 115.66, "ael_secondary_partial": 121.53, "ael_combined_full": 37.32, "ael_combined_partial": 103.35 }, "geometry": { "type": "Polygon", "coordinates": [ [ [ -8.230655, 40.611607 ], [ -8.230655, 40.612599 ], [ -8.229663, 40.612599 ], [ -8.229663, 40.611607 ], [ -8.230655, 40.611607 ] ] ] } },
{ "type": "Feature", "properties": { "value_per_ha": 3350, "exposure_id": 278, "area_ha": 0.9248, "ael_bau": 134.42, "ael_primary_full": 121.22, "ael_primary_partial": 134.42, "ael_secondary_full": 94.4, "ael_secondary_partial": 106.58, "ael_combined_full": 48.51, "ael_combined_partial": 99.51 }, "geometry": { "type": "Polygon", "coordinates": [ [ [ -8.207837, 40.620536 ], [ -8.207837, 40.619544 ], [ -8.208829, 40.619544 ], [ -8.208829, 40.620536 ], [ -8.207837, 40.620536 ] ] ] } },
{ "type": "Feature", "properties": { "value_per_ha": 3350, "exposure_id": 279, "area_ha": 0.9248, "ael_bau": 130.61, "ael_primary_full": 116.0, "ael_primary_partial": 130.61, "ael_secondary_full": 91.82, "ael_secondary_partial": 104.95, "ael_combined_full": 47.27, "ael_combined_partial": 97.98 }, "geometry": { "type": "Polygon", "coordinates": [ [ [ -8.206845, 40.620536 ], [ -8.205853, 40.620536 ], [ -8.205853, 40.619544 ], [ -8.206845, 40.619544 ], [ -8.206845, 40.620536 ] ] ] } },
{ "type": "Feature", "properties": { "value_per_ha": 3350, "exposure_id": 280, "area_ha": 0.9247, "ael_bau": 153.49, "ael_primary_full": 87.0, "ael_primary_partial": 138.82, "ael_secondary_full": 128.87, "ael_secondary_partial": 136.8, "ael_combined_full": 51.0, "ael_combined_partial": 123.33 }, "geometry": { "type": "Polygon", "coordinates": [ [ [ -8.239583, 40.62252 ], [ -8.240575, 40.62252 ], [ -8.240575, 40.623512 ], [ -8.239583, 40.623512 ], [ -8.239583, 40.62252 ] ] ] } },
{ "type": "Feature", "properties": { "value_per_ha": 3350, "exposure_id": 281, "area_ha": 2.7741, "ael_bau": 307.93, "ael_primary_full": 180.96, "ael_primary_partial": 284.27, "ael_secondary_full": 256.14, "ael_secondary_partial": 269.37, "ael_combined_full": 103.86, "ael_combined_partial": 242.44 }, "geometry": { "type": "Polygon", "coordinates": [ [ [ -8.239583, 40.625496 ], [ -8.236607, 40.625496 ], [ -8.236607, 40.624504 ], [ -8.239583, 40.624504 ], [ -8.239583, 40.625496 ] ] ] } },
{ "type": "Feature", "properties": { "value_per_ha": 3350, "exposure_id": 282, "area_ha": 1.8494, "ael_bau": 574.87, "ael_primary_full": 306.24, "ael_primary_partial": 535.4, "ael_secondary_full": 505.18, "ael_secondary_partial": 531.6, "ael_combined_full": 193.43, "ael_combined_partial": 481.04 }, "geometry": { "type": "Polygon", "coordinates": [ [ [ -8.25248, 40.626488 ], [ -8.250496, 40.626488 ], [ -8.250496, 40.625496 ], [ -8.25248, 40.625496 ], [ -8.25248, 40.626488 ] ] ] } },
{ "type": "Feature", "properties": { "value_per_ha": 3350, "exposure_id": 283, "area_ha": 0.9246, "ael_bau": 142.37, "ael_primary_full": 124.7, "ael_primary_partial": 142.37, "ael_secondary_full": 90.86, "ael_secondary_partial": 103.98, "ael_combined_full": 55.98, "ael_combined_partial": 99.51 }, "geometry": { "type": "Polygon", "coordinates": [ [ [ -8.202877, 40.630456 ], [ -8.203869, 40.630456 ], [ -8.203869, 40.631448 ], [ -8.202877, 40.631448 ], [ -8.202877, 40.630456 ] ] ] } },
{ "type": "Feature", "properties": { "value_per_ha": 3350, "exposure_id": 284, "area_ha": 1.8492, "ael_bau": 129.66, "ael_primary_full": 111.94, "ael_primary_partial": 129.66, "ael_secondary_full": 77.0, "ael_secondary_partial": 90.98, "ael_combined_full": 43.54, "ael_combined_partial": 85.68 }, "geometry": { "type": "Polygon", "coordinates": [ [ [ -8.201885, 40.63244 ], [ -8.199901, 40.63244 ], [ -8.199901, 40.631448 ], [ -8.201885, 40.631448 ], [ -8.201885, 40.63244 ] ] ] } },
{ "type": "Feature", "properties": { "value_per_ha": 3350, "exposure_id": 285, "area_ha": 0.9246, "ael_bau": 136.96, "ael_primary_full": 81.78, "ael_primary_partial": 132.93, "ael_secondary_full": 115.66, "ael_secondary_partial": 120.88, "ael_combined_full": 47.27, "ael_combined_partial": 114.88 }, "geometry": { "type": "Polygon", "coordinates": [ [ [ -8.239583, 40.634425 ], [ -8.238591, 40.634425 ], [ -8.238591, 40.633433 ], [ -8.239583, 40.633433 ], [ -8.239583, 40.634425 ] ] ] } },
{ "type": "Feature", "properties": { "value_per_ha": 3350, "exposure_id": 286, "area_ha": 0.9246, "ael_bau": 124.89, "ael_primary_full": 106.72, "ael_primary_partial": 124.89, "ael_secondary_full": 42.85, "ael_secondary_partial": 87.41, "ael_combined_full": 11.2, "ael_combined_partial": 87.22 }, "geometry": { "type": "Polygon", "coordinates": [ [ [ -8.200893, 40.634425 ], [ -8.201885, 40.634425 ], [ -8.201885, 40.635417 ], [ -8.200893, 40.635417 ], [ -8.200893, 40.634425 ] ] ] } },
{ "type": "Feature", "properties": { "value_per_ha": 3350, "exposure_id": 287, "area_ha": 0.9246, "ael_bau": 114.08, "ael_primary_full": 71.34, "ael_primary_partial": 111.94, "ael_secondary_full": 51.55, "ael_secondary_partial": 64.01, "ael_combined_full": 17.41, "ael_combined_partial": 61.47 }, "geometry": { "type": "Polygon", "coordinates": [ [ [ -8.228671, 40.634425 ], [ -8.228671, 40.635417 ], [ -8.227679, 40.635417 ], [ -8.227679, 40.634425 ], [ -8.228671, 40.634425 ] ] ] } },
{ "type": "Feature", "properties": { "value_per_ha": 3350, "exposure_id": 288, "area_ha": 0.925, "ael_bau": 465.87, "ael_primary_full": 212.28, "ael_primary_partial": 399.53, "ael_secondary_full": 400.8, "ael_secondary_partial": 423.72, "ael_combined_full": 37.32, "ael_combined_partial": 338.11 }, "geometry": { "type": "Polygon", "coordinates": [ [ [ -8.109623, 40.607639 ], [ -8.108631, 40.607639 ], [ -8.108631, 40.606647 ], [ -8.109623, 40.606647 ], [ -8.109623, 40.607639 ] ] ] } },
{ "type": "Feature", "properties": { "value_per_ha": 3350, "exposure_id": 289, "area_ha": 0.9249, "ael_bau": 216.09, "ael_primary_full": 162.98, "ael_primary_partial": 213.94, "ael_secondary_full": 190.09, "ael_secondary_partial": 200.81, "ael_combined_full": 141.18, "ael_combined_partial": 190.57 }, "geometry": { "type": "Polygon", "coordinates": [ [ [ -8.113591, 40.608631 ], [ -8.112599, 40.608631 ], [ -8.112599, 40.607639 ], [ -8.113591, 40.607639 ], [ -8.113591, 40.608631 ] ] ] } },
{ "type": "Feature", "properties": { "value_per_ha": 3350, "exposure_id": 290, "area_ha": 0.9248, "ael_bau": 204.65, "ael_primary_full": 149.06, "ael_primary_partial": 201.05, "ael_secondary_full": 178.49, "ael_secondary_partial": 188.79, "ael_combined_full": 134.34, "ael_combined_partial": 180.97 }, "geometry": { "type": "Polygon", "coordinates": [ [ [ -8.116567, 40.608631 ], [ -8.115575, 40.608631 ], [ -8.115575, 40.607639 ], [ -8.116539, 40.607639 ], [ -8.116567, 40.607653 ], [ -8.116567, 40.608631 ] ] ] } },
{ "type": "Feature", "properties": { "value_per_ha": 3350, "exposure_id": 291, "area_ha": 0.9249, "ael_bau": 204.02, "ael_primary_full": 145.58, "ael_primary_partial": 191.48, "ael_secondary_full": 133.71, "ael_secondary_partial": 149.47, "ael_combined_full": 18.66, "ael_combined_partial": 124.49 }, "geometry": { "type": "Polygon", "coordinates": [ [ [ -8.094742, 40.608631 ], [ -8.094742, 40.609623 ], [ -8.09375, 40.609623 ], [ -8.09375, 40.608631 ], [ -8.094742, 40.608631 ] ] ] } },
{ "type": "Feature", "properties": { "value_per_ha": 3350, "exposure_id": 292, "area_ha": 1.8498, "ael_bau": 473.5, "ael_primary_full": 360.76, "ael_primary_partial": 460.28, "ael_secondary_full": 319.61, "ael_secondary_partial": 389.6, "ael_combined_full": 108.84, "ael_combined_partial": 355.4 }, "geometry": { "type": "Polygon", "coordinates": [ [ [ -8.09375, 40.610615 ], [ -8.091766, 40.610615 ], [ -8.091766, 40.609623 ], [ -8.09375, 40.609623 ], [ -8.09375, 40.610615 ] ] ] } },
{ "type": "Feature", "properties": { "value_per_ha": 3350, "exposure_id": 293, "area_ha": 0.9249, "ael_bau": 229.76, "ael_primary_full": 172.84, "ael_primary_partial": 227.56, "ael_secondary_full": 194.28, "ael_secondary_partial": 208.28, "ael_combined_full": 144.91, "ael_combined_partial": 197.1 }, "geometry": { "type": "Polygon", "coordinates": [ [ [ -8.110615, 40.610615 ], [ -8.109623, 40.610615 ], [ -8.109623, 40.609623 ], [ -8.110615, 40.609623 ], [ -8.110615, 40.610615 ] ] ] } },
{ "type": "Feature", "properties": { "value_per_ha": 3350, "exposure_id": 294, "area_ha": 0.9249, "ael_bau": 225.63, "ael_primary_full": 94.54, "ael_primary_partial": 201.42, "ael_secondary_full": 190.41, "ael_secondary_partial": 196.91, "ael_combined_full": 94.54, "ael_combined_partial": 180.97 }, "geometry": { "type": "Polygon", "coordinates": [ [ [ -8.071925, 40.611607 ], [ -8.072917, 40.611607 ], [ -8.072917, 40.612599 ], [ -8.071925, 40.612599 ], [ -8.071925, 40.611607 ] ] ] } },
{ "type": "Feature", "properties": { "value_per_ha": 3350, "exposure_id": 295, "area_ha": 13.8731, "ael_bau": 2696.4, "ael_primary_full": 1957.5, "ael_primary_partial": 2543.71, "ael_secondary_full": 2090.65, "ael_secondary_partial": 2341.49, "ael_combined_full": 811.64, "ael_combined_partial": 2085.92 }, "geometry": { "type": "Polygon", "coordinates": [ [ [ -8.081845, 40.614583 ], [ -8.082837, 40.614583 ], [ -8.082837, 40.613591 ], [ -8.084821, 40.613591 ], [ -8.084821, 40.612599 ], [ -8.083829, 40.612599 ], [ -8.083829, 40.611607 ], [ -8.08879, 40.611607 ], [ -8.08879, 40.612599 ], [ -8.089782, 40.612599 ], [ -8.089782, 40.613591 ], [ -8.085813, 40.613591 ], [ -8.085813, 40.614583 ], [ -8.083829, 40.614583 ], [ -8.083829, 40.615575 ], [ -8.081845, 40.615575 ], [ -8.081845, 40.614583 ] ] ] } },
{ "type": "Feature", "properties": { "value_per_ha": 3350, "exposure_id": 296, "area_ha": 2.7746, "ael_bau": 709.61, "ael_primary_full": 523.74, "ael_primary_partial": 691.16, "ael_secondary_full": 593.79, "ael_secondary_partial": 627.45, "ael_combined_full": 433.5, "ael_combined_partial": 593.62 }, "geometry": { "type": "Polygon", "coordinates": [ [ [ -8.112599, 40.613591 ], [ -8.109623, 40.613591 ], [ -8.109623, 40.612599 ], [ -8.112599, 40.612599 ], [ -8.112599, 40.613591 ] ] ] } },
{ "type": "Feature", "properties": { "value_per_ha": 3350, "exposure_id": 297, "area_ha": 0.9249, "ael_bau": 239.29, "ael_primary_full": 179.8, "ael_primary_partial": 233.09, "ael_secondary_full": 198.14, "ael_secondary_partial": 208.93, "ael_combined_full": 145.54, "ael_combined_partial": 198.26 }, "geometry": { "type": "Polygon", "coordinates": [ [ [ -8.106647, 40.612599 ], [ -8.107639, 40.612599 ], [ -8.107639, 40.613591 ], [ -8.106647, 40.613591 ], [ -8.106647, 40.612599 ] ] ] } },
{ "type": "Feature", "properties": { "value_per_ha": 3350, "exposure_id": 298, "area_ha": 0.9249, "ael_bau": 225.94, "ael_primary_full": 98.02, "ael_primary_partial": 203.63, "ael_secondary_full": 189.44, "ael_secondary_partial": 196.26, "ael_combined_full": 97.65, "ael_combined_partial": 183.27 }, "geometry": { "type": "Polygon", "coordinates": [ [ [ -8.073909, 40.613591 ], [ -8.072917, 40.613591 ], [ -8.072917, 40.612599 ], [ -8.073909, 40.612599 ], [ -8.073909, 40.613591 ] ] ] } },
{ "type": "Feature", "properties": { "value_per_ha": 3350, "exposure_id": 299, "area_ha": 1.8497, "ael_bau": 445.22, "ael_primary_full": 328.28, "ael_primary_partial": 423.46, "ael_secondary_full": 267.41, "ael_secondary_partial": 350.28, "ael_combined_full": 37.32, "ael_combined_partial": 315.06 }, "geometry": { "type": "Polygon", "coordinates": [ [ [ -8.100694, 40.614583 ], [ -8.09871, 40.614583 ], [ -8.09871, 40.613591 ], [ -8.100694, 40.613591 ], [ -8.100694, 40.614583 ] ] ] } },
{ "type": "Feature", "properties": { "value_per_ha": 3350, "exposure_id": 300, "area_ha": 0.9249, "ael_bau": 0.0, "ael_primary_full": 0.0, "ael_primary_partial": 0.0, "ael_secondary_full": 0.0, "ael_secondary_partial": 0.0, "ael_combined_full": 0.0, "ael_combined_partial": 0.0 }, "geometry": { "type": "Polygon", "coordinates": [ [ [ -8.108631, 40.614583 ], [ -8.107639, 40.614583 ], [ -8.107639, 40.613591 ], [ -8.108631, 40.613591 ], [ -8.108631, 40.614583 ] ] ] } },
{ "type": "Feature", "properties": { "value_per_ha": 3350, "exposure_id": 301, "area_ha": 0.9249, "ael_bau": 241.83, "ael_primary_full": 185.02, "ael_primary_partial": 233.82, "ael_secondary_full": 194.28, "ael_secondary_partial": 206.66, "ael_combined_full": 145.54, "ael_combined_partial": 195.95 }, "geometry": { "type": "Polygon", "coordinates": [ [ [ -8.104663, 40.614583 ], [ -8.103671, 40.614583 ], [ -8.103671, 40.613591 ], [ -8.104663, 40.613591 ], [ -8.104663, 40.614583 ] ] ] } },
{ "type": "Feature", "properties": { "value_per_ha": 3350, "exposure_id": 302, "area_ha": 4.6242, "ael_bau": 1204.72, "ael_primary_full": 915.24, "ael_primary_partial": 1155.86, "ael_secondary_full": 668.53, "ael_secondary_partial": 907.22, "ael_combined_full": 93.29, "ael_combined_partial": 861.42 }, "geometry": { "type": "Polygon", "coordinates": [ [ [ -8.097718, 40.615575 ], [ -8.096726, 40.615575 ], [ -8.096726, 40.61756 ], [ -8.094742, 40.61756 ], [ -8.094742, 40.616567 ], [ -8.095734, 40.616567 ], [ -8.095734, 40.614583 ], [ -8.097718, 40.614583 ], [ -8.097718, 40.615575 ] ] ] } },
{ "type": "Feature", "properties": { "value_per_ha": 3350, "exposure_id": 303, "area_ha": 56.4131, "ael_bau": 14237.67, "ael_primary_full": 10265.4, "ael_primary_partial": 13918.98, "ael_secondary_full": 11765.52, "ael_secondary_partial": 12505.83, "ael_combined_full": 8373.26, "ael_combined_partial": 11843.12 }, "geometry": { "type": "Polygon", "coordinates": [ [ [ -8.100694, 40.616567 ], [ -8.101687, 40.616567 ], [ -8.101687, 40.615575 ], [ -8.103671, 40.615575 ], [ -8.103671, 40.616567 ], [ -8.104663, 40.616567 ], [ -8.104663, 40.615575 ], [ -8.106647, 40.615575 ], [ -8.106647, 40.614583 ], [ -8.107639, 40.614583 ], [ -8.107639, 40.615575 ], [ -8.108631, 40.615575 ], [ -8.108631, 40.614583 ], [ -8.110615, 40.614583 ], [ -8.110615, 40.615575 ], [ -8.112599, 40.615575 ], [ -8.112599, 40.61756 ], [ -8.113591, 40.61756 ], [ -8.113591, 40.619544 ], [ -8.115575, 40.619544 ], [ -8.115575, 40.621528 ], [ -8.114583, 40.621528 ], [ -8.114583, 40.62252 ], [ -8.113591, 40.62252 ], [ -8.113591, 40.623512 ], [ -8.110615, 40.623512 ], [ -8.110615, 40.62252 ], [ -8.111607, 40.62252 ], [ -8.111607, 40.620536 ], [ -8.110615, 40.620536 ], [ -8.110615, 40.621528 ], [ -8.109623, 40.621528 ], [ -8.109623, 40.619544 ], [ -8.107639, 40.619544 ], [ -8.107639, 40.61756 ], [ -8.102679, 40.61756 ], [ -8.102679, 40.620536 ], [ -8.101687, 40.620536 ], [ -8.101687, 40.619544 ], [ -8.100694, 40.619544 ], [ -8.100694, 40.618552 ], [ -8.09871, 40.618552 ], [ -8.09871, 40.61756 ], [ -8.100694, 40.61756 ], [ -8.100694, 40.616567 ] ] ] } },
{ "type": "Feature", "properties": { "value_per_ha": 3350, "exposure_id": 304, "area_ha": 6.4738, "ael_bau": 2255.95, "ael_primary_full": 1568.9, "ael_primary_partial": 2055.81, "ael_secondary_full": 1848.37, "ael_secondary_partial": 1997.06, "ael_combined_full": 784.27, "ael_combined_partial": 1730.9 }, "geometry": { "type": "Polygon", "coordinates": [ [ [ -8.087798, 40.61756 ], [ -8.084821, 40.61756 ], [ -8.084821, 40.616567 ], [ -8.083829, 40.616567 ], [ -8.083829, 40.615575 ], [ -8.087798, 40.615575 ], [ -8.087798, 40.61756 ] ] ] } },
{ "type": "Feature", "properties": { "value_per_ha": 3350, "exposure_id": 305, "area_ha": 13.872, "ael_bau": 3841.05, "ael_primary_full": 1712.74, "ael_primary_partial": 3472.75, "ael_secondary_full": 3250.19, "ael_secondary_partial": 3386.81, "ael_combined_full": 1710.97, "ael_combined_partial": 3210.14 }, "geometry": { "type": "Polygon", "coordinates": [ [ [ -8.070933, 40.620536 ], [ -8.06994, 40.620536 ], [ -8.06994, 40.619544 ], [ -8.070933, 40.619544 ], [ -8.070933, 40.615575 ], [ -8.072917, 40.615575 ], [ -8.072917, 40.616567 ], [ -8.073909, 40.616567 ], [ -8.073909, 40.61756 ], [ -8.072917, 40.61756 ], [ -8.072917, 40.621528 ], [ -8.071925, 40.621528 ], [ -8.071925, 40.62252 ], [ -8.070933, 40.62252 ], [ -8.070933, 40.620536 ] ] ] } },
{ "type": "Feature", "properties": { "value_per_ha": 3350, "exposure_id": 306, "area_ha": 0.9248, "ael_bau": 480.49, "ael_primary_full": 363.08, "ael_primary_partial": 459.92, "ael_secondary_full": 317.03, "ael_secondary_partial": 390.57, "ael_combined_full": 144.91, "ael_combined_partial": 370.39 }, "geometry": { "type": "Polygon", "coordinates": [ [ [ -8.097718, 40.616567 ], [ -8.09871, 40.616567 ], [ -8.09871, 40.61756 ], [ -8.097718, 40.61756 ], [ -8.097718, 40.616567 ] ] ] } },
{ "type": "Feature", "properties": { "value_per_ha": 3350, "exposure_id": 307, "area_ha": 0.9022, "ael_bau": 247.55, "ael_primary_full": 117.16, "ael_primary_partial": 224.62, "ael_secondary_full": 214.9, "ael_secondary_partial": 224.21, "ael_combined_full": 114.44, "ael_combined_partial": 209.78 }, "geometry": { "type": "MultiPolygon", "coordinates": [ [ [ [ -8.066964, 40.62069 ], [ -8.066968, 40.620607 ], [ -8.067001, 40.620536 ], [ -8.067956, 40.620536 ], [ -8.067956, 40.621616 ], [ -8.067582, 40.621546 ], [ -8.067306, 40.621423 ], [ -8.067127, 40.621268 ], [ -8.067019, 40.621106 ], [ -8.066964, 40.620935 ], [ -8.066964, 40.62069 ] ] ], [ [ [ -8.070933, 40.623512 ], [ -8.070933, 40.623742 ], [ -8.070806, 40.623725 ], [ -8.070605, 40.623625 ], [ -8.07051, 40.623512 ], [ -8.070933, 40.623512 ] ] ] ] } },
{ "type": "Feature", "properties": { "value_per_ha": 3350, "exposure_id": 308, "area_ha": 0.9247, "ael_bau": 256.77, "ael_primary_full": 109.04, "ael_primary_partial": 226.83, "ael_secondary_full": 214.57, "ael_secondary_partial": 226.48, "ael_combined_full": 108.22, "ael_combined_partial": 212.09 }, "geometry": { "type": "Polygon", "coordinates": [ [ [ -8.072917, 40.623512 ], [ -8.071925, 40.623512 ], [ -8.071925, 40.62252 ], [ -8.072917, 40.62252 ], [ -8.072917, 40.623512 ] ] ] } },
{ "type": "Feature", "properties": { "value_per_ha": 3350, "exposure_id": 309, "area_ha": 1.8494, "ael_bau": 463.01, "ael_primary_full": 291.74, "ael_primary_partial": 444.82, "ael_secondary_full": 379.86, "ael_secondary_partial": 411.69, "ael_combined_full": 245.05, "ael_combined_partial": 378.07 }, "geometry": { "type": "Polygon", "coordinates": [ [ [ -8.11756, 40.625496 ], [ -8.115575, 40.625496 ], [ -8.115575, 40.624504 ], [ -8.11756, 40.624504 ], [ -8.11756, 40.625496 ] ] ] } },
{ "type": "Feature", "properties": { "value_per_ha": 3350, "exposure_id": 310, "area_ha": 36.5659, "ael_bau": 9553.22, "ael_primary_full": 6861.96, "ael_primary_partial": 9179.16, "ael_secondary_full": 7776.24, "ael_secondary_partial": 8321.95, "ael_combined_full": 5027.81, "ael_combined_partial": 7760.04 }, "geometry": { "type": "Polygon", "coordinates": [ [ [ -8.097718, 40.636409 ], [ -8.097718, 40.635417 ], [ -8.092758, 40.635417 ], [ -8.092758, 40.634425 ], [ -8.091766, 40.634425 ], [ -8.091766, 40.633433 ], [ -8.090774, 40.633433 ], [ -8.090774, 40.634636 ], [ -8.087798, 40.633915 ], [ -8.087798, 40.633433 ], [ -8.089782, 40.633433 ], [ -8.089782, 40.63244 ], [ -8.091766, 40.63244 ], [ -8.091766, 40.629464 ], [ -8.094742, 40.629464 ], [ -8.094742, 40.630456 ], [ -8.092758, 40.630456 ], [ -8.092758, 40.631448 ], [ -8.09375, 40.631448 ], [ -8.09375, 40.63244 ], [ -8.09871, 40.63244 ], [ -8.09871, 40.633433 ], [ -8.099702, 40.633433 ], [ -8.099702, 40.634425 ], [ -8.101687, 40.634425 ], [ -8.101687, 40.636409 ], [ -8.099702, 40.636409 ], [ -8.099702, 40.637401 ], [ -8.09871, 40.637401 ], [ -8.09871, 40.636409 ], [ -8.097718, 40.636409 ] ] ] } },
{ "type": "Feature", "properties": { "value_per_ha": 3350, "exposure_id": 311, "area_ha": 1.8492, "ael_bau": 509.73, "ael_primary_full": 343.94, "ael_primary_partial": 485.69, "ael_secondary_full": 399.51, "ael_secondary_partial": 431.84, "ael_combined_full": 257.49, "ael_combined_partial": 403.04 }, "geometry": { "type": "Polygon", "coordinates": [ [ [ -8.107639, 40.63244 ], [ -8.105655, 40.63244 ], [ -8.105655, 40.631448 ], [ -8.107639, 40.631448 ], [ -8.107639, 40.63244 ] ] ] } },
{ "type": "Feature", "properties": { "value_per_ha": 3350, "exposure_id": 312, "area_ha": 0.9245, "ael_bau": 246.92, "ael_primary_full": 178.64, "ael_primary_partial": 238.98, "ael_secondary_full": 200.08, "ael_secondary_partial": 212.51, "ael_combined_full": 131.23, "ael_combined_partial": 199.41 }, "geometry": { "type": "Polygon", "coordinates": [ [ [ -8.097718, 40.638393 ], [ -8.097718, 40.637401 ], [ -8.09871, 40.637401 ], [ -8.09871, 40.638393 ], [ -8.097718, 40.638393 ] ] ] } },
{ "type": "Feature", "properties": { "value_per_ha": 3350, "exposure_id": 313, "area_ha": 0.9245, "ael_bau": 259.95, "ael_primary_full": 206.48, "ael_primary_partial": 252.97, "ael_secondary_full": 154.0, "ael_secondary_partial": 221.93, "ael_combined_full": 97.65, "ael_combined_partial": 211.32 }, "geometry": { "type": "Polygon", "coordinates": [ [ [ -8.087798, 40.641369 ], [ -8.086806, 40.641369 ], [ -8.086806, 40.640377 ], [ -8.087798, 40.640377 ], [ -8.087798, 40.641369 ] ] ] } },
{ "type": "Feature", "properties": { "value_per_ha": 3350, "exposure_id": 314, "area_ha": 4.4401, "ael_bau": 1268.91, "ael_primary_full": 1128.68, "ael_primary_partial": 1259.34, "ael_secondary_full": 1074.16, "ael_secondary_partial": 1165.22, "ael_combined_full": 812.88, "ael_combined_partial": 1113.08 }, "geometry": { "type": "Polygon", "coordinates": [ [ [ -8.079861, 40.65625 ], [ -8.079861, 40.660218 ], [ -8.079614, 40.660218 ], [ -8.079416, 40.659765 ], [ -8.07897, 40.658931 ], [ -8.07861, 40.658129 ], [ -8.078221, 40.657426 ], [ -8.077873, 40.65625 ], [ -8.079861, 40.65625 ] ] ] } },
{ "type": "Feature", "properties": { "value_per_ha": 3350, "exposure_id": 315, "area_ha": 1.6447, "ael_bau": 238.34, "ael_primary_full": 57.42, "ael_primary_partial": 213.2, "ael_secondary_full": 204.26, "ael_secondary_partial": 216.41, "ael_combined_full": 0.0, "ael_combined_partial": 188.27 }, "geometry": { "type": "MultiPolygon", "coordinates": [ [ [ [ -8.082837, 40.68006 ], [ -8.082837, 40.679428 ], [ -8.083041, 40.679552 ], [ -8.08382, 40.679828 ], [ -8.084154, 40.679849 ], [ -8.084516, 40.679701 ], [ -8.084739, 40.679553 ], [ -8.084821, 40.679521 ], [ -8.084821, 40.681052 ], [ -8.083829, 40.681052 ], [ -8.083829, 40.68006 ], [ -8.082837, 40.68006 ] ] ], [ [ [ -8.081845, 40.679067 ], [ -8.081845, 40.67884 ], [ -8.081928, 40.678874 ], [ -8.082245, 40.679067 ], [ -8.081845, 40.679067 ] ] ] ] } },
{ "type": "Feature", "properties": { "value_per_ha": 3350, "exposure_id": 316, "area_ha": 8.3198, "ael_bau": 1508.52, "ael_primary_full": 1432.6, "ael_primary_partial": 1508.52, "ael_secondary_full": 972.35, "ael_secondary_partial": 1161.65, "ael_combined_full": 688.49, "ael_combined_partial": 1164.95 }, "geometry": { "type": "Polygon", "coordinates": [ [ [ -8.198909, 40.644442 ], [ -8.198909, 40.645337 ], [ -8.200893, 40.645337 ], [ -8.200893, 40.647321 ], [ -8.197917, 40.647321 ], [ -8.197917, 40.648313 ], [ -8.196925, 40.648313 ], [ -8.196925, 40.646329 ], [ -8.197917, 40.646329 ], [ -8.197917, 40.644345 ], [ -8.198909, 40.644345 ], [ -8.198909, 40.644442 ] ] ] } },
{ "type": "Feature", "properties": { "value_per_ha": 3350, "exposure_id": 317, "area_ha": 404.8191, "ael_bau": 61344.36, "ael_primary_full": 57619.98, "ael_primary_partial": 61306.91, "ael_secondary_full": 36142.93, "ael_secondary_partial": 48469.8, "ael_combined_full": 21279.89, "ael_combined_partial": 47850.44 }, "geometry": { "type": "Polygon", "coordinates": [ [ [ -8.195396, 40.665179 ], [ -8.195933, 40.665179 ], [ -8.195933, 40.664187 ], [ -8.193948, 40.664187 ], [ -8.193948, 40.662202 ], [ -8.197917, 40.662202 ], [ -8.197917, 40.66121 ], [ -8.196925, 40.66121 ], [ -8.196925, 40.660218 ], [ -8.197917, 40.660218 ], [ -8.197917, 40.658234 ], [ -8.198909, 40.658234 ], [ -8.198909, 40.655258 ], [ -8.197917, 40.655258 ], [ -8.197917, 40.654266 ], [ -8.195933, 40.654266 ], [ -8.195933, 40.653274 ], [ -8.196925, 40.653274 ], [ -8.196925, 40.652282 ], [ -8.197917, 40.652282 ], [ -8.197917, 40.648313 ], [ -8.198909, 40.648313 ], [ -8.198909, 40.649306 ], [ -8.202877, 40.649306 ], [ -8.202877, 40.650298 ], [ -8.203869, 40.650298 ], [ -8.203869, 40.65129 ], [ -8.204861, 40.65129 ], [ -8.204861, 40.650298 ], [ -8.205853, 40.650298 ], [ -8.205853, 40.65129 ], [ -8.207837, 40.65129 ], [ -8.207837, 40.653274 ], [ -8.208829, 40.653274 ], [ -8.208829, 40.654266 ], [ -8.207837, 40.654266 ], [ -8.207837, 40.655258 ], [ -8.208829, 40.655258 ], [ -8.208829, 40.65625 ], [ -8.209821, 40.65625 ], [ -8.209821, 40.657242 ], [ -8.211806, 40.657242 ], [ -8.211806, 40.650298 ], [ -8.21379, 40.650298 ], [ -8.21379, 40.647321 ], [ -8.214782, 40.647321 ], [ -8.214782, 40.646329 ], [ -8.21379, 40.646329 ], [ -8.21379, 40.645337 ], [ -8.215774, 40.645337 ], [ -8.215774, 40.646329 ], [ -8.22371, 40.646329 ], [ -8.22371, 40.647321 ], [ -8.225694, 40.647321 ], [ -8.225694, 40.648313 ], [ -8.220734, 40.648313 ], [ -8.220734, 40.649306 ], [ -8.219742, 40.649306 ], [ -8.219742, 40.647321 ], [ -8.217758, 40.647321 ], [ -8.217758, 40.648313 ], [ -8.216766, 40.648313 ], [ -8.216766, 40.650298 ], [ -8.215774, 40.650298 ], [ -8.215774, 40.652282 ], [ -8.216766, 40.652282 ], [ -8.216766, 40.65129 ], [ -8.220734, 40.65129 ], [ -8.220734, 40.652282 ], [ -8.221726, 40.652282 ], [ -8.221726, 40.65129 ], [ -8.222718, 40.65129 ], [ -8.222718, 40.652282 ], [ -8.22371, 40.652282 ], [ -8.22371, 40.65129 ], [ -8.226687, 40.65129 ], [ -8.226687, 40.652282 ], [ -8.225694, 40.652282 ], [ -8.225694, 40.653274 ], [ -8.222718, 40.653274 ], [ -8.222718, 40.654266 ], [ -8.22371, 40.654266 ], [ -8.22371, 40.65625 ], [ -8.220734, 40.65625 ], [ -8.220734, 40.657242 ], [ -8.222718, 40.657242 ], [ -8.222718, 40.658234 ], [ -8.221726, 40.658234 ], [ -8.221726, 40.66121 ], [ -8.220734, 40.66121 ], [ -8.220734, 40.662202 ], [ -8.217758, 40.662202 ], [ -8.217758, 40.66121 ], [ -8.216766, 40.66121 ], [ -8.216766, 40.662202 ], [ -8.211806, 40.662202 ], [ -8.211806, 40.664187 ], [ -8.210813, 40.664187 ], [ -8.210813, 40.666171 ], [ -8.211806, 40.666171 ], [ -8.211806, 40.667163 ], [ -8.210813, 40.667163 ], [ -8.210813, 40.668155 ], [ -8.208829, 40.668155 ], [ -8.208829, 40.670139 ], [ -8.206845, 40.670139 ], [ -8.206845, 40.673115 ], [ -8.208829, 40.673115 ], [ -8.208829, 40.675099 ], [ -8.204861, 40.675099 ], [ -8.204861, 40.674107 ], [ -8.200893, 40.674107 ], [ -8.200893, 40.672123 ], [ -8.202877, 40.672123 ], [ -8.202877, 40.671131 ], [ -8.200893, 40.671131 ], [ -8.200893, 40.670139 ], [ -8.198909, 40.670139 ], [ -8.198909, 40.669147 ], [ -8.197917, 40.669147 ], [ -8.197917, 40.668155 ], [ -8.196925, 40.668155 ], [ -8.196925, 40.669147 ], [ -8.195933, 40.669147 ], [ -8.195933, 40.667163 ], [ -8.193948, 40.667163 ], [ -8.193948, 40.666171 ], [ -8.192956, 40.666171 ], [ -8.192956, 40.665179 ], [ -8.195396, 40.665179 ] ], [ [ -8.198383, 40.654266 ], [ -8.198909, 40.654266 ], [ -8.198909, 40.653274 ], [ -8.197917, 40.653274 ], [ -8.197917, 40.654266 ], [ -8.198383, 40.654266 ] ], [ [ -8.216766, 40.647321 ], [ -8.215774, 40.647321 ], [ -8.215774, 40.648313 ], [ -8.216766, 40.648313 ], [ -8.216766, 40.647321 ] ], [ [ -8.206845, 40.669147 ], [ -8.205853, 40.669147 ], [ -8.205853, 40.670139 ], [ -8.206845, 40.670139 ], [ -8.206845, 40.669147 ] ], [ [ -8.196925, 40.663194 ], [ -8.196925, 40.664187 ], [ -8.197917, 40.664187 ], [ -8.197917, 40.663194 ], [ -8.196925, 40.663194 ] ], [ [ -8.208829, 40.659226 ], [ -8.208829, 40.658234 ], [ -8.205853, 40.658234 ], [ -8.205853, 40.660218 ], [ -8.209821, 40.660218 ], [ -8.209821, 40.659226 ], [ -8.208829, 40.659226 ] ], [ [ -8.214782, 40.660218 ], [ -8.215774, 40.660218 ], [ -8.215774, 40.659226 ], [ -8.214782, 40.659226 ], [ -8.214782, 40.660218 ] ], [ [ -8.216766, 40.659226 ], [ -8.216766, 40.658234 ], [ -8.215774, 40.658234 ], [ -8.215774, 40.659226 ], [ -8.216766, 40.659226 ] ] ] } },
{ "type": "Feature", "properties": { "value_per_ha": 3350, "exposure_id": 318, "area_ha": 0.9242, "ael_bau": 169.7, "ael_primary_full": 169.7, "ael_primary_partial": 169.7, "ael_secondary_full": 123.4, "ael_secondary_partial": 140.7, "ael_combined_full": 83.96, "ael_combined_partial": 137.93 }, "geometry": { "type": "Polygon", "coordinates": [ [ [ -8.192956, 40.663194 ], [ -8.192956, 40.664187 ], [ -8.191964, 40.664187 ], [ -8.191964, 40.663194 ], [ -8.192956, 40.663194 ] ] ] } },
{ "type": "Feature", "properties": { "value_per_ha": 3350, "exposure_id": 319, "area_ha": 24.0277, "ael_bau": 4330.12, "ael_primary_full": 4327.61, "ael_primary_partial": 4329.83, "ael_secondary_full": 3140.97, "ael_secondary_partial": 3578.53, "ael_combined_full": 2156.29, "ael_combined_partial": 3509.06 }, "geometry": { "type": "Polygon", "coordinates": [ [ [ -8.187004, 40.667163 ], [ -8.187004, 40.668155 ], [ -8.186012, 40.668155 ], [ -8.186012, 40.667163 ], [ -8.18502, 40.667163 ], [ -8.18502, 40.664187 ], [ -8.186012, 40.664187 ], [ -8.186012, 40.663194 ], [ -8.187996, 40.663194 ], [ -8.187996, 40.666171 ], [ -8.18998, 40.666171 ], [ -8.18998, 40.667163 ], [ -8.190972, 40.667163 ], [ -8.190972, 40.668155 ], [ -8.192956, 40.668155 ], [ -8.192956, 40.669147 ], [ -8.191964, 40.669147 ], [ -8.191964, 40.670139 ], [ -8.190972, 40.670139 ], [ -8.190972, 40.669147 ], [ -8.18998, 40.669147 ], [ -8.18998, 40.670139 ], [ -8.187004, 40.670139 ], [ -8.187004, 40.669147 ], [ -8.187996, 40.669147 ], [ -8.187996, 40.667163 ], [ -8.187004, 40.667163 ] ] ] } },
{ "type": "Feature", "properties": { "value_per_ha": 3350, "exposure_id": 320, "area_ha": 0.9241, "ael_bau": 170.65, "ael_primary_full": 170.65, "ael_primary_partial": 170.65, "ael_secondary_full": 123.4, "ael_secondary_partial": 138.75, "ael_combined_full": 86.45, "ael_combined_partial": 136.4 }, "geometry": { "type": "Polygon", "coordinates": [ [ [ -8.191964, 40.667163 ], [ -8.191964, 40.666171 ], [ -8.192956, 40.666171 ], [ -8.192956, 40.667163 ], [ -8.191964, 40.667163 ] ] ] } },
{ "type": "Feature", "properties": { "value_per_ha": 3350, "exposure_id": 321, "area_ha": 96.0973, "ael_bau": 16301.99, "ael_primary_full": 16300.19, "ael_primary_partial": 16299.54, "ael_secondary_full": 10656.56, "ael_secondary_partial": 12874.63, "ael_combined_full": 7915.51, "ael_combined_partial": 12939.67 }, "geometry": { "type": "Polygon", "coordinates": [ [ [ -8.178075, 40.675099 ], [ -8.178075, 40.674107 ], [ -8.179067, 40.674107 ], [ -8.179067, 40.675099 ], [ -8.18006, 40.675099 ], [ -8.18006, 40.676091 ], [ -8.178075, 40.676091 ], [ -8.178075, 40.68006 ], [ -8.179067, 40.68006 ], [ -8.179067, 40.681052 ], [ -8.177083, 40.681052 ], [ -8.177083, 40.682044 ], [ -8.176091, 40.682044 ], [ -8.176091, 40.683036 ], [ -8.177083, 40.683036 ], [ -8.177083, 40.684028 ], [ -8.175099, 40.684028 ], [ -8.175099, 40.683036 ], [ -8.173115, 40.683036 ], [ -8.173115, 40.682044 ], [ -8.175099, 40.682044 ], [ -8.175099, 40.681052 ], [ -8.174107, 40.681052 ], [ -8.174107, 40.68006 ], [ -8.173115, 40.68006 ], [ -8.173115, 40.678075 ], [ -8.174107, 40.678075 ], [ -8.174107, 40.677083 ], [ -8.172123, 40.677083 ], [ -8.172123, 40.676091 ], [ -8.168155, 40.676091 ], [ -8.168155, 40.678075 ], [ -8.166171, 40.678075 ], [ -8.166171, 40.679067 ], [ -8.167163, 40.679067 ], [ -8.167163, 40.68006 ], [ -8.166171, 40.68006 ], [ -8.166171, 40.681052 ], [ -8.163194, 40.681052 ], [ -8.163194, 40.68006 ], [ -8.162202, 40.68006 ], [ -8.162202, 40.679067 ], [ -8.163194, 40.679067 ], [ -8.163194, 40.678075 ], [ -8.164187, 40.678075 ], [ -8.164187, 40.677083 ], [ -8.162202, 40.677083 ], [ -8.162202, 40.675099 ], [ -8.163194, 40.675099 ], [ -8.163194, 40.673115 ], [ -8.164187, 40.673115 ], [ -8.164187, 40.671131 ], [ -8.165179, 40.671131 ], [ -8.165179, 40.670139 ], [ -8.163194, 40.670139 ], [ -8.163194, 40.669147 ], [ -8.166171, 40.669147 ], [ -8.166171, 40.670139 ], [ -8.168155, 40.670139 ], [ -8.168155, 40.672123 ], [ -8.169147, 40.672123 ], [ -8.169147, 40.673115 ], [ -8.170139, 40.673115 ], [ -8.170139, 40.674107 ], [ -8.172123, 40.674107 ], [ -8.172123, 40.675099 ], [ -8.175099, 40.675099 ], [ -8.175099, 40.674107 ], [ -8.176091, 40.674107 ], [ -8.176091, 40.675099 ], [ -8.178075, 40.675099 ] ] ] } },
{ "type": "Feature", "properties": { "value_per_ha": 3350, "exposure_id": 322, "area_ha": 39.7326, "ael_bau": 7015.08, "ael_primary_full": 7015.08, "ael_primary_partial": 7015.08, "ael_secondary_full": 4846.94, "ael_secondary_partial": 5677.62, "ael_combined_full": 3591.12, "ael_combined_partial": 5581.53 }, "geometry": { "type": "Polygon", "coordinates": [ [ [ -8.181052, 40.673115 ], [ -8.181052, 40.672123 ], [ -8.182044, 40.672123 ], [ -8.182044, 40.671131 ], [ -8.184028, 40.671131 ], [ -8.184028, 40.673115 ], [ -8.18502, 40.673115 ], [ -8.18502, 40.675099 ], [ -8.186012, 40.675099 ], [ -8.186012, 40.676091 ], [ -8.187004, 40.676091 ], [ -8.187004, 40.677083 ], [ -8.187996, 40.677083 ], [ -8.187996, 40.679067 ], [ -8.187004, 40.679067 ], [ -8.187004, 40.68006 ], [ -8.18502, 40.68006 ], [ -8.18502, 40.681052 ], [ -8.183036, 40.681052 ], [ -8.183036, 40.68006 ], [ -8.182044, 40.68006 ], [ -8.182044, 40.675099 ], [ -8.18006, 40.675099 ], [ -8.18006, 40.673115 ], [ -8.181052, 40.673115 ] ] ] } },
{ "type": "Feature", "properties": { "value_per_ha": 3350, "exposure_id": 323, "area_ha": 6.4683, "ael_bau": 632.71, "ael_primary_full": 370.62, "ael_primary_partial": 582.17, "ael_secondary_full": 441.71, "ael_secondary_partial": 510.8, "ael_combined_full": 136.21, "ael_combined_partial": 428.4 }, "geometry": { "type": "Polygon", "coordinates": [ [ [ -8.239583, 40.674107 ], [ -8.239583, 40.673115 ], [ -8.244544, 40.673115 ], [ -8.244544, 40.674107 ], [ -8.243552, 40.674107 ], [ -8.243552, 40.675099 ], [ -8.24256, 40.675099 ], [ -8.24256, 40.674107 ], [ -8.241567, 40.674107 ], [ -8.241567, 40.675099 ], [ -8.240575, 40.675099 ], [ -8.240575, 40.674107 ], [ -8.239583, 40.674107 ] ] ] } },
{ "type": "Feature", "properties": { "value_per_ha": 3350, "exposure_id": 324, "area_ha": 4.6202, "ael_bau": 831.32, "ael_primary_full": 654.82, "ael_primary_partial": 801.26, "ael_secondary_full": 388.23, "ael_secondary_partial": 584.89, "ael_combined_full": 105.73, "ael_combined_partial": 512.55 }, "geometry": { "type": "Polygon", "coordinates": [ [ [ -8.222718, 40.676091 ], [ -8.222718, 40.674107 ], [ -8.22371, 40.674107 ], [ -8.22371, 40.673115 ], [ -8.224702, 40.673115 ], [ -8.224702, 40.676091 ], [ -8.222718, 40.676091 ] ] ] } },
{ "type": "Feature", "properties": { "value_per_ha": 3350, "exposure_id": 325, "area_ha": 0.924, "ael_bau": 117.9, "ael_primary_full": 66.7, "ael_primary_partial": 107.15, "ael_secondary_full": 83.12, "ael_secondary_partial": 92.61, "ael_combined_full": 24.26, "ael_combined_partial": 79.92 }, "geometry": { "type": "Polygon", "coordinates": [ [ [ -8.245536, 40.675099 ], [ -8.245536, 40.674107 ], [ -8.246528, 40.674107 ], [ -8.246528, 40.675099 ], [ -8.245536, 40.675099 ] ] ] } },
{ "type": "Feature", "properties": { "value_per_ha": 3350, "exposure_id": 326, "area_ha": 5.5442, "ael_bau": 1464.67, "ael_primary_full": 1464.67, "ael_primary_partial": 1464.67, "ael_secondary_full": 1027.45, "ael_secondary_partial": 1171.07, "ael_combined_full": 711.51, "ael_combined_partial": 1141.89 }, "geometry": { "type": "Polygon", "coordinates": [ [ [ -8.196394, 40.676091 ], [ -8.19494, 40.676091 ], [ -8.19494, 40.675099 ], [ -8.196925, 40.675099 ], [ -8.196925, 40.674107 ], [ -8.197917, 40.674107 ], [ -8.197917, 40.675099 ], [ -8.198909, 40.675099 ], [ -8.198909, 40.677083 ], [ -8.197917, 40.677083 ], [ -8.197917, 40.676091 ], [ -8.196394, 40.676091 ] ] ] } },
{ "type": "Feature", "properties": { "value_per_ha": 3350, "exposure_id": 327, "area_ha": 8.316, "ael_bau": 1220.93, "ael_primary_full": 1089.82, "ael_primary_partial": 1210.72, "ael_secondary_full": 640.82, "ael_secondary_partial": 830.54, "ael_combined_full": 209.6, "ael_combined_partial": 748.46 }, "geometry": { "type": "Polygon", "coordinates": [ [ [ -8.221726, 40.677083 ], [ -8.221726, 40.679067 ], [ -8.219742, 40.679067 ], [ -8.219742, 40.675099 ], [ -8.221726, 40.675099 ], [ -8.221726, 40.676091 ], [ -8.222718, 40.676091 ], [ -8.222718, 40.677083 ], [ -8.221726, 40.677083 ] ] ] } },
{ "type": "Feature", "properties": { "value_per_ha": 3350, "exposure_id": 328, "area_ha": 61.9038, "ael_bau": 7327.78, "ael_primary_full": 7327.78, "ael_primary_partial": 7323.8, "ael_secondary_full": 3856.87, "ael_secondary_partial": 5191.19, "ael_combined_full": 2770.77, "ael_combined_partial": 5078.97 }, "geometry": { "type": "Polygon", "coordinates": [ [ [ -8.188988, 40.678075 ], [ -8.190972, 40.678075 ], [ -8.190972, 40.677083 ], [ -8.196925, 40.677083 ], [ -8.196925, 40.678075 ], [ -8.198909, 40.678075 ], [ -8.198909, 40.68006 ], [ -8.197917, 40.68006 ], [ -8.197917, 40.681052 ], [ -8.192956, 40.681052 ], [ -8.192956, 40.682044 ], [ -8.191964, 40.682044 ], [ -8.191964, 40.684028 ], [ -8.190972, 40.684028 ], [ -8.190972, 40.68502 ], [ -8.188988, 40.68502 ], [ -8.188988, 40.686012 ], [ -8.190972, 40.686012 ], [ -8.190972, 40.687996 ], [ -8.188988, 40.687996 ], [ -8.188988, 40.688988 ], [ -8.186012, 40.688988 ], [ -8.186012, 40.686012 ], [ -8.187004, 40.686012 ], [ -8.187004, 40.683036 ], [ -8.190972, 40.683036 ], [ -8.190972, 40.682044 ], [ -8.187996, 40.682044 ], [ -8.187996, 40.679067 ], [ -8.188988, 40.679067 ], [ -8.188988, 40.678075 ] ] ] } },
{ "type": "Feature", "properties": { "value_per_ha": 3350, "exposure_id": 329, "area_ha": 1.848, "ael_bau": 0.0, "ael_primary_full": 0.0, "ael_primary_partial": 0.0, "ael_secondary_full": 0.0, "ael_secondary_partial": 0.0, "ael_combined_full": 0.0, "ael_combined_partial": 0.0 }, "geometry": { "type": "Polygon", "coordinates": [ [ [ -8.170139, 40.678075 ], [ -8.170139, 40.68006 ], [ -8.169147, 40.68006 ], [ -8.169147, 40.678075 ], [ -8.170139, 40.678075 ] ] ] } },
{ "type": "Feature", "properties": { "value_per_ha": 3350, "exposure_id": 330, "area_ha": 5.5435, "ael_bau": 561.52, "ael_primary_full": 561.52, "ael_primary_partial": 561.52, "ael_secondary_full": 310.91, "ael_secondary_partial": 372.7, "ael_combined_full": 150.51, "ael_combined_partial": 343.87 }, "geometry": { "type": "Polygon", "coordinates": [ [ [ -8.211806, 40.684028 ], [ -8.211806, 40.683036 ], [ -8.212798, 40.683036 ], [ -8.212798, 40.682044 ], [ -8.21379, 40.682044 ], [ -8.21379, 40.683036 ], [ -8.215774, 40.683036 ], [ -8.215774, 40.684028 ], [ -8.21379, 40.684028 ], [ -8.21379, 40.68502 ], [ -8.212798, 40.68502 ], [ -8.212798, 40.684028 ], [ -8.211806, 40.684028 ] ] ] } },
{ "type": "Feature", "properties": { "value_per_ha": 3350, "exposure_id": 331, "area_ha": 16.6296, "ael_bau": 2237.2, "ael_primary_full": 2237.2, "ael_primary_partial": 2237.14, "ael_secondary_full": 1203.04, "ael_secondary_partial": 1592.84, "ael_combined_full": 1005.06, "ael_combined_partial": 1503.44 }, "geometry": { "type": "Polygon", "coordinates": [ [ [ -8.200893, 40.687996 ], [ -8.200893, 40.68502 ], [ -8.204861, 40.68502 ], [ -8.204861, 40.686012 ], [ -8.206845, 40.686012 ], [ -8.206845, 40.687004 ], [ -8.205853, 40.687004 ], [ -8.205853, 40.687996 ], [ -8.204861, 40.687996 ], [ -8.204861, 40.688988 ], [ -8.201885, 40.688988 ], [ -8.201885, 40.687996 ], [ -8.200893, 40.687996 ] ] ] } },
{ "type": "Feature", "properties": { "value_per_ha": 3350, "exposure_id": 332, "area_ha": 1.8477, "ael_bau": 276.15, "ael_primary_full": 276.15, "ael_primary_partial": 276.15, "ael_secondary_full": 10.95, "ael_secondary_partial": 115.03, "ael_combined_full": 0.0, "ael_combined_partial": 113.73 }, "geometry": { "type": "Polygon", "coordinates": [ [ [ -8.18502, 40.68998 ], [ -8.183036, 40.68998 ], [ -8.183036, 40.688988 ], [ -8.18502, 40.688988 ], [ -8.18502, 40.68998 ] ] ] } },
{ "type": "Feature", "properties": { "value_per_ha": 3350, "exposure_id": 333, "area_ha": 18.4762, "ael_bau": 2043.67, "ael_primary_full": 2043.67, "ael_primary_partial": 2043.67, "ael_secondary_full": 1023.26, "ael_secondary_partial": 1398.2, "ael_combined_full": 796.09, "ael_combined_partial": 1298.65 }, "geometry": { "type": "Polygon", "coordinates": [ [ [ -8.206845, 40.688988 ], [ -8.211806, 40.688988 ], [ -8.211806, 40.68998 ], [ -8.212798, 40.68998 ], [ -8.212798, 40.690972 ], [ -8.211806, 40.690972 ], [ -8.211806, 40.692956 ], [ -8.210813, 40.692956 ], [ -8.210813, 40.693948 ], [ -8.207837, 40.693948 ], [ -8.207837, 40.690972 ], [ -8.206845, 40.690972 ], [ -8.206845, 40.688988 ] ], [ [ -8.209821, 40.690972 ], [ -8.209821, 40.68998 ], [ -8.207837, 40.68998 ], [ -8.207837, 40.690972 ], [ -8.209821, 40.690972 ] ] ] } },
{ "type": "Feature", "properties": { "value_per_ha": 3350, "exposure_id": 334, "area_ha": 3.6952, "ael_bau": 436.0, "ael_primary_full": 376.42, "ael_primary_partial": 398.05, "ael_secondary_full": 74.75, "ael_secondary_partial": 305.44, "ael_combined_full": 10.57, "ael_combined_partial": 249.74 }, "geometry": { "type": "Polygon", "coordinates": [ [ [ -8.246528, 40.6938 ], [ -8.246528, 40.693948 ], [ -8.244544, 40.693948 ], [ -8.244544, 40.691964 ], [ -8.246528, 40.691964 ], [ -8.246528, 40.6938 ] ] ] } },
{ "type": "Feature", "properties": { "value_per_ha": 3350, "exposure_id": 335, "area_ha": 10.1613, "ael_bau": 401.04, "ael_primary_full": 401.04, "ael_primary_partial": 401.04, "ael_secondary_full": 114.38, "ael_secondary_partial": 231.03, "ael_combined_full": 94.54, "ael_combined_partial": 222.08 }, "geometry": { "type": "Polygon", "coordinates": [ [ [ -8.216766, 40.697917 ], [ -8.216766, 40.695933 ], [ -8.217758, 40.695933 ], [ -8.217758, 40.693948 ], [ -8.216766, 40.693948 ], [ -8.216766, 40.692956 ], [ -8.217758, 40.692956 ], [ -8.217758, 40.691964 ], [ -8.21875, 40.691964 ], [ -8.21875, 40.696925 ], [ -8.219742, 40.696925 ], [ -8.219742, 40.697917 ], [ -8.21875, 40.697917 ], [ -8.21875, 40.698909 ], [ -8.217758, 40.698909 ], [ -8.217758, 40.697917 ], [ -8.216766, 40.697917 ] ] ] } },
{ "type": "Feature", "properties": { "value_per_ha": 3350, "exposure_id": 336, "area_ha": 0.9238, "ael_bau": 0.0, "ael_primary_full": 0.0, "ael_primary_partial": 0.0, "ael_secondary_full": 0.0, "ael_secondary_partial": 0.0, "ael_combined_full": 0.0, "ael_combined_partial": 0.0 }, "geometry": { "type": "Polygon", "coordinates": [ [ [ -8.206845, 40.693948 ], [ -8.205853, 40.693948 ], [ -8.205853, 40.692956 ], [ -8.206845, 40.692956 ], [ -8.206845, 40.693948 ] ] ] } },
{ "type": "Feature", "properties": { "value_per_ha": 3350, "exposure_id": 337, "area_ha": 16.6273, "ael_bau": 1437.34, "ael_primary_full": 1437.34, "ael_primary_partial": 1427.37, "ael_secondary_full": 674.65, "ael_secondary_partial": 934.52, "ael_combined_full": 572.19, "ael_combined_partial": 897.53 }, "geometry": { "type": "Polygon", "coordinates": [ [ [ -8.198909, 40.696925 ], [ -8.198909, 40.695933 ], [ -8.200893, 40.695933 ], [ -8.200893, 40.69494 ], [ -8.199901, 40.69494 ], [ -8.199901, 40.693948 ], [ -8.198909, 40.693948 ], [ -8.198909, 40.692956 ], [ -8.201885, 40.692956 ], [ -8.201885, 40.695933 ], [ -8.203869, 40.695933 ], [ -8.203869, 40.697917 ], [ -8.201885, 40.697917 ], [ -8.201885, 40.698909 ], [ -8.200893, 40.698909 ], [ -8.200893, 40.699901 ], [ -8.199901, 40.699901 ], [ -8.199901, 40.696925 ], [ -8.198909, 40.696925 ] ] ] } },
{ "type": "Feature", "properties": { "value_per_ha": 3350, "exposure_id": 338, "area_ha": 14.2621, "ael_bau": 1651.52, "ael_primary_full": 1651.52, "ael_primary_partial": 1651.52, "ael_secondary_full": 442.68, "ael_secondary_partial": 812.02, "ael_combined_full": 422.92, "ael_combined_partial": 827.99 }, "geometry": { "type": "Polygon", "coordinates": [ [ [ -8.184028, 40.695933 ], [ -8.186012, 40.695933 ], [ -8.186012, 40.69494 ], [ -8.188988, 40.69494 ], [ -8.188988, 40.695933 ], [ -8.18998, 40.695933 ], [ -8.18998, 40.696925 ], [ -8.191964, 40.696925 ], [ -8.191964, 40.697917 ], [ -8.191701, 40.697917 ], [ -8.185712, 40.697441 ], [ -8.184028, 40.698256 ], [ -8.184028, 40.695933 ] ] ] } },
{ "type": "Feature", "properties": { "value_per_ha": 3350, "exposure_id": 339, "area_ha": 7.3887, "ael_bau": 633.98, "ael_primary_full": 633.98, "ael_primary_partial": 633.98, "ael_secondary_full": 188.8, "ael_secondary_partial": 356.46, "ael_combined_full": 167.3, "ael_combined_partial": 343.49 }, "geometry": { "type": "Polygon", "coordinates": [ [ [ -8.205853, 40.705853 ], [ -8.205853, 40.706845 ], [ -8.207837, 40.706845 ], [ -8.207837, 40.708829 ], [ -8.205853, 40.708829 ], [ -8.205853, 40.707837 ], [ -8.204861, 40.707837 ], [ -8.204861, 40.706845 ], [ -8.202877, 40.706845 ], [ -8.202877, 40.705853 ], [ -8.205853, 40.705853 ] ] ] } },
{ "type": "Feature", "properties": { "value_per_ha": 3350, "exposure_id": 340, "area_ha": 21.2423, "ael_bau": 2096.42, "ael_primary_full": 2096.42, "ael_primary_partial": 1986.22, "ael_secondary_full": 109.22, "ael_secondary_partial": 1217.21, "ael_combined_full": 9.95, "ael_combined_partial": 1064.28 }, "geometry": { "type": "Polygon", "coordinates": [ [ [ -8.224702, 40.709821 ], [ -8.224702, 40.705853 ], [ -8.229663, 40.705853 ], [ -8.229663, 40.708829 ], [ -8.230655, 40.708829 ], [ -8.230655, 40.710813 ], [ -8.229663, 40.710813 ], [ -8.229663, 40.709821 ], [ -8.227679, 40.709821 ], [ -8.227679, 40.710813 ], [ -8.226687, 40.710813 ], [ -8.226687, 40.709821 ], [ -8.224702, 40.709821 ] ] ] } },
{ "type": "Feature", "properties": { "value_per_ha": 3350, "exposure_id": 341, "area_ha": 0.7513, "ael_bau": 106.78, "ael_primary_full": 106.78, "ael_primary_partial": 106.78, "ael_secondary_full": 37.05, "ael_secondary_partial": 64.01, "ael_combined_full": 32.34, "ael_combined_partial": 59.94 }, "geometry": { "type": "Polygon", "coordinates": [ [ [ -8.202254, 40.707837 ], [ -8.202147, 40.707562 ], [ -8.202007, 40.707107 ], [ -8.201885, 40.706965 ], [ -8.201885, 40.706845 ], [ -8.202877, 40.706845 ], [ -8.202877, 40.707837 ], [ -8.202254, 40.707837 ] ] ] } },
{ "type": "Feature", "properties": { "value_per_ha": 3350, "exposure_id": 342, "area_ha": 1.8483, "ael_bau": 268.85, "ael_primary_full": 234.32, "ael_primary_partial": 268.09, "ael_secondary_full": 54.13, "ael_secondary_partial": 149.15, "ael_combined_full": 0.0, "ael_combined_partial": 137.55 }, "geometry": { "type": "Polygon", "coordinates": [ [ [ -8.220734, 40.666171 ], [ -8.21875, 40.666171 ], [ -8.21875, 40.665179 ], [ -8.220734, 40.665179 ], [ -8.220734, 40.666171 ] ] ] } },
{ "type": "Feature", "properties": { "value_per_ha": 3350, "exposure_id": 343, "area_ha": 1.8491, "ael_bau": 273.61, "ael_primary_full": 175.74, "ael_primary_partial": 273.04, "ael_secondary_full": 193.95, "ael_secondary_partial": 230.7, "ael_combined_full": 74.63, "ael_combined_partial": 224.77 }, "geometry": { "type": "Polygon", "coordinates": [ [ [ -8.239583, 40.636409 ], [ -8.237599, 40.636409 ], [ -8.237599, 40.635417 ], [ -8.239583, 40.635417 ], [ -8.239583, 40.636409 ] ] ] } },
{ "type": "Feature", "properties": { "value_per_ha": 3350, "exposure_id": 344, "area_ha": 1.8478, "ael_bau": 242.47, "ael_primary_full": 33.64, "ael_primary_partial": 218.73, "ael_secondary_full": 142.73, "ael_secondary_partial": 172.87, "ael_combined_full": 0.0, "ael_combined_partial": 136.4 }, "geometry": { "type": "Polygon", "coordinates": [ [ [ -8.246528, 40.684028 ], [ -8.244544, 40.684028 ], [ -8.244544, 40.683036 ], [ -8.246528, 40.683036 ], [ -8.246528, 40.684028 ] ] ] } },
{ "type": "Feature", "properties": { "value_per_ha": 3350, "exposure_id": 345, "area_ha": 1.8479, "ael_bau": 235.48, "ael_primary_full": 235.48, "ael_primary_partial": 235.48, "ael_secondary_full": 132.1, "ael_secondary_partial": 154.99, "ael_combined_full": 61.57, "ael_combined_partial": 139.86 }, "geometry": { "type": "Polygon", "coordinates": [ [ [ -8.215774, 40.681052 ], [ -8.21379, 40.681052 ], [ -8.21379, 40.68006 ], [ -8.215774, 40.68006 ], [ -8.215774, 40.681052 ] ] ] } },
{ "type": "Feature", "properties": { "value_per_ha": 3350, "exposure_id": 346, "area_ha": 1.848, "ael_bau": 463.33, "ael_primary_full": 333.5, "ael_primary_partial": 442.61, "ael_secondary_full": 298.99, "ael_secondary_partial": 346.06, "ael_combined_full": 95.78, "ael_combined_partial": 306.61 }, "geometry": { "type": "Polygon", "coordinates": [ [ [ -8.227679, 40.676091 ], [ -8.225694, 40.676091 ], [ -8.225694, 40.675099 ], [ -8.227679, 40.675099 ], [ -8.227679, 40.676091 ] ] ] } },
{ "type": "Feature", "properties": { "value_per_ha": 3350, "exposure_id": 347, "area_ha": 1.8488, "ael_bau": 148.41, "ael_primary_full": 119.48, "ael_primary_partial": 148.41, "ael_secondary_full": 121.46, "ael_secondary_partial": 130.95, "ael_combined_full": 69.66, "ael_combined_partial": 129.48 }, "geometry": { "type": "Polygon", "coordinates": [ [ [ -8.217758, 40.650298 ], [ -8.217758, 40.649306 ], [ -8.219742, 40.649306 ], [ -8.219742, 40.650298 ], [ -8.217758, 40.650298 ] ] ] } },
{ "type": "Feature", "properties": { "value_per_ha": 3350, "exposure_id": 348, "area_ha": 1.8477, "ael_bau": 104.55, "ael_primary_full": 104.55, "ael_primary_partial": 104.55, "ael_secondary_full": 53.8, "ael_secondary_partial": 71.49, "ael_combined_full": 37.32, "ael_combined_partial": 66.85 }, "geometry": { "type": "Polygon", "coordinates": [ [ [ -8.212798, 40.687004 ], [ -8.210813, 40.687004 ], [ -8.210813, 40.686012 ], [ -8.212798, 40.686012 ], [ -8.212798, 40.687004 ] ] ] } },
{ "type": "Feature", "properties": { "value_per_ha": 3350, "exposure_id": 349, "area_ha": 3.6959, "ael_bau": 480.49, "ael_primary_full": 480.44, "ael_primary_partial": 480.49, "ael_secondary_full": 219.41, "ael_secondary_partial": 308.04, "ael_combined_full": 88.32, "ael_combined_partial": 279.71 }, "geometry": { "type": "Polygon", "coordinates": [ [ [ -8.216766, 40.679067 ], [ -8.212798, 40.679067 ], [ -8.212798, 40.678075 ], [ -8.216766, 40.678075 ], [ -8.216766, 40.679067 ] ] ] } },
{ "type": "Feature", "properties": { "value_per_ha": 3350, "exposure_id": 350, "area_ha": 1.8489, "ael_bau": 144.91, "ael_primary_full": 111.36, "ael_primary_partial": 144.91, "ael_secondary_full": 93.43, "ael_secondary_partial": 106.58, "ael_combined_full": 34.83, "ael_combined_partial": 95.67 }, "geometry": { "type": "Polygon", "coordinates": [ [ [ -8.184028, 40.643353 ], [ -8.182044, 40.643353 ], [ -8.182044, 40.642361 ], [ -8.184028, 40.642361 ], [ -8.184028, 40.643353 ] ] ] } },
{ "type": "Feature", "properties": { "value_per_ha": 3350, "exposure_id": 351, "area_ha": 0.9244, "ael_bau": 0.0, "ael_primary_full": 0.0, "ael_primary_partial": 0.0, "ael_secondary_full": 0.0, "ael_secondary_partial": 0.0, "ael_combined_full": 0.0, "ael_combined_partial": 0.0 }, "geometry": { "type": "Polygon", "coordinates": [ [ [ -8.212798, 40.644345 ], [ -8.21379, 40.644345 ], [ -8.21379, 40.645337 ], [ -8.212798, 40.645337 ], [ -8.212798, 40.644345 ] ] ] } },
{ "type": "Feature", "properties": { "value_per_ha": 3350, "exposure_id": 352, "area_ha": 2.7723, "ael_bau": 343.21, "ael_primary_full": 336.4, "ael_primary_partial": 343.21, "ael_secondary_full": 111.8, "ael_secondary_partial": 254.1, "ael_combined_full": 74.01, "ael_combined_partial": 248.2 }, "geometry": { "type": "Polygon", "coordinates": [ [ [ -8.159226, 40.670139 ], [ -8.15625, 40.670139 ], [ -8.15625, 40.669147 ], [ -8.159226, 40.669147 ], [ -8.159226, 40.670139 ] ] ] } },
{ "type": "Feature", "properties": { "value_per_ha": 3350, "exposure_id": 353, "area_ha": 4.6205, "ael_bau": 561.52, "ael_primary_full": 484.88, "ael_primary_partial": 558.94, "ael_secondary_full": 66.05, "ael_secondary_partial": 256.37, "ael_combined_full": 4.98, "ael_combined_partial": 233.22 }, "geometry": { "type": "Polygon", "coordinates": [ [ [ -8.150298, 40.669147 ], [ -8.150298, 40.670139 ], [ -8.153274, 40.670139 ], [ -8.153274, 40.671131 ], [ -8.149306, 40.671131 ], [ -8.149306, 40.669147 ], [ -8.150298, 40.669147 ] ] ] } },
{ "type": "Feature", "properties": { "value_per_ha": 3350, "exposure_id": 354, "area_ha": 0.9241, "ael_bau": 160.16, "ael_primary_full": 160.16, "ael_primary_partial": 160.16, "ael_secondary_full": 88.28, "ael_secondary_partial": 112.43, "ael_combined_full": 11.2, "ael_combined_partial": 109.12 }, "geometry": { "type": "Polygon", "coordinates": [ [ [ -8.175099, 40.673115 ], [ -8.174107, 40.673115 ], [ -8.174107, 40.672123 ], [ -8.175099, 40.672123 ], [ -8.175099, 40.673115 ] ] ] } },
{ "type": "Feature", "properties": { "value_per_ha": 3350, "exposure_id": 355, "area_ha": 1.8481, "ael_bau": 328.91, "ael_primary_full": 328.91, "ael_primary_partial": 328.91, "ael_secondary_full": 10.95, "ael_secondary_partial": 245.98, "ael_combined_full": 0.0, "ael_combined_partial": 245.9 }, "geometry": { "type": "Polygon", "coordinates": [ [ [ -8.160218, 40.674107 ], [ -8.159226, 40.674107 ], [ -8.159226, 40.672123 ], [ -8.160218, 40.672123 ], [ -8.160218, 40.674107 ] ] ] } },
{ "type": "Feature", "properties": { "value_per_ha": 3350, "exposure_id": 356, "area_ha": 0.924, "ael_bau": 0.0, "ael_primary_full": 0.0, "ael_primary_partial": 0.0, "ael_secondary_full": 0.0, "ael_secondary_partial": 0.0, "ael_combined_full": 0.0, "ael_combined_partial": 0.0 }, "geometry": { "type": "Polygon", "coordinates": [ [ [ -8.158234, 40.675099 ], [ -8.157242, 40.675099 ], [ -8.157242, 40.674107 ], [ -8.158234, 40.674107 ], [ -8.158234, 40.675099 ] ] ] } },
{ "type": "Feature", "properties": { "value_per_ha": 3350, "exposure_id": 357, "area_ha": 2.7721, "ael_bau": 857.06, "ael_primary_full": 741.24, "ael_primary_partial": 839.19, "ael_secondary_full": 258.39, "ael_secondary_partial": 458.49, "ael_combined_full": 37.94, "ael_combined_partial": 419.95 }, "geometry": { "type": "Polygon", "coordinates": [ [ [ -8.144345, 40.676091 ], [ -8.141369, 40.676091 ], [ -8.141369, 40.675099 ], [ -8.144345, 40.675099 ], [ -8.144345, 40.676091 ] ] ] } },
{ "type": "Feature", "properties": { "value_per_ha": 3350, "exposure_id": 358, "area_ha": 9.24, "ael_bau": 1200.27, "ael_primary_full": 1200.27, "ael_primary_partial": 1200.27, "ael_secondary_full": 794.83, "ael_secondary_partial": 936.14, "ael_combined_full": 556.02, "ael_combined_partial": 931.73 }, "geometry": { "type": "Polygon", "coordinates": [ [ [ -8.160218, 40.676091 ], [ -8.160218, 40.677083 ], [ -8.16121, 40.677083 ], [ -8.16121, 40.679067 ], [ -8.157242, 40.679067 ], [ -8.157242, 40.677083 ], [ -8.158234, 40.677083 ], [ -8.158234, 40.676091 ], [ -8.160218, 40.676091 ] ] ] } },
{ "type": "Feature", "properties": { "value_per_ha": 3350, "exposure_id": 359, "area_ha": 8.3156, "ael_bau": 1076.65, "ael_primary_full": 961.06, "ael_primary_partial": 1043.92, "ael_secondary_full": 527.09, "ael_secondary_partial": 657.35, "ael_combined_full": 74.63, "ael_combined_partial": 564.03 }, "geometry": { "type": "Polygon", "coordinates": [ [ [ -8.142361, 40.679067 ], [ -8.142361, 40.68006 ], [ -8.143353, 40.68006 ], [ -8.143353, 40.682044 ], [ -8.141369, 40.682044 ], [ -8.141369, 40.681052 ], [ -8.139385, 40.681052 ], [ -8.139385, 40.679067 ], [ -8.142361, 40.679067 ] ] ] } },
{ "type": "Feature", "properties": { "value_per_ha": 3350, "exposure_id": 360, "area_ha": 0.924, "ael_bau": 158.57, "ael_primary_full": 158.57, "ael_primary_partial": 158.57, "ael_secondary_full": 108.25, "ael_secondary_partial": 127.7, "ael_combined_full": 79.61, "ael_combined_partial": 129.48 }, "geometry": { "type": "Polygon", "coordinates": [ [ [ -8.168155, 40.681052 ], [ -8.168155, 40.68006 ], [ -8.169147, 40.68006 ], [ -8.169147, 40.681052 ], [ -8.168155, 40.681052 ] ] ] } },
{ "type": "Feature", "properties": { "value_per_ha": 3350, "exposure_id": 361, "area_ha": 0.924, "ael_bau": 134.1, "ael_primary_full": 113.68, "ael_primary_partial": 127.77, "ael_secondary_full": 77.0, "ael_secondary_partial": 91.31, "ael_combined_full": 13.06, "ael_combined_partial": 79.15 }, "geometry": { "type": "Polygon", "coordinates": [ [ [ -8.136409, 40.68006 ], [ -8.137401, 40.68006 ], [ -8.137401, 40.681052 ], [ -8.136409, 40.681052 ], [ -8.136409, 40.68006 ] ] ] } },
{ "type": "Feature", "properties": { "value_per_ha": 3350, "exposure_id": 362, "area_ha": 0.9239, "ael_bau": 155.4, "ael_primary_full": 155.4, "ael_primary_partial": 155.4, "ael_secondary_full": 5.48, "ael_secondary_partial": 118.93, "ael_combined_full": 0.0, "ael_combined_partial": 120.26 }, "geometry": { "type": "Polygon", "coordinates": [ [ [ -8.167163, 40.682044 ], [ -8.167163, 40.681052 ], [ -8.168155, 40.681052 ], [ -8.168155, 40.682044 ], [ -8.167163, 40.682044 ] ] ] } },
{ "type": "Feature", "properties": { "value_per_ha": 3350, "exposure_id": 363, "area_ha": 1.8479, "ael_bau": 127.43, "ael_primary_full": 109.62, "ael_primary_partial": 122.62, "ael_secondary_full": 69.91, "ael_secondary_partial": 85.46, "ael_combined_full": 11.2, "ael_combined_partial": 74.15 }, "geometry": { "type": "Polygon", "coordinates": [ [ [ -8.139385, 40.682044 ], [ -8.137401, 40.682044 ], [ -8.137401, 40.681052 ], [ -8.139385, 40.681052 ], [ -8.139385, 40.682044 ] ] ] } },
{ "type": "Feature", "properties": { "value_per_ha": 3350, "exposure_id": 364, "area_ha": 1.8479, "ael_bau": 259.63, "ael_primary_full": 259.63, "ael_primary_partial": 259.63, "ael_secondary_full": 173.66, "ael_secondary_partial": 198.54, "ael_combined_full": 116.93, "ael_combined_partial": 197.49 }, "geometry": { "type": "Polygon", "coordinates": [ [ [ -8.157242, 40.682044 ], [ -8.155258, 40.682044 ], [ -8.155258, 40.681052 ], [ -8.157242, 40.681052 ], [ -8.157242, 40.682044 ] ] ] } },
{ "type": "Feature", "properties": { "value_per_ha": 3350, "exposure_id": 365, "area_ha": 1.8479, "ael_bau": 312.38, "ael_primary_full": 312.38, "ael_primary_partial": 312.38, "ael_secondary_full": 10.95, "ael_secondary_partial": 232.98, "ael_combined_full": 0.0, "ael_combined_partial": 232.84 }, "geometry": { "type": "Polygon", "coordinates": [ [ [ -8.172123, 40.683036 ], [ -8.170139, 40.683036 ], [ -8.170139, 40.682044 ], [ -8.172123, 40.682044 ], [ -8.172123, 40.683036 ] ] ] } },
{ "type": "Feature", "properties": { "value_per_ha": 3350, "exposure_id": 366, "area_ha": 6.4672, "ael_bau": 638.75, "ael_primary_full": 524.32, "ael_primary_partial": 609.42, "ael_secondary_full": 306.4, "ael_secondary_partial": 455.56, "ael_combined_full": 31.72, "ael_combined_partial": 377.3 }, "geometry": { "type": "Polygon", "coordinates": [ [ [ -8.142361, 40.68502 ], [ -8.139385, 40.68502 ], [ -8.139385, 40.686012 ], [ -8.137401, 40.686012 ], [ -8.137401, 40.684028 ], [ -8.142361, 40.684028 ], [ -8.142361, 40.68502 ] ] ] } },
{ "type": "Feature", "properties": { "value_per_ha": 3350, "exposure_id": 367, "area_ha": 1.8477, "ael_bau": 180.18, "ael_primary_full": 180.18, "ael_primary_partial": 180.18, "ael_secondary_full": 10.95, "ael_secondary_partial": 86.43, "ael_combined_full": 0.0, "ael_combined_partial": 75.69 }, "geometry": { "type": "Polygon", "coordinates": [ [ [ -8.152282, 40.687996 ], [ -8.15129, 40.687996 ], [ -8.15129, 40.686012 ], [ -8.152282, 40.686012 ], [ -8.152282, 40.687996 ] ] ] } },
{ "type": "Feature", "properties": { "value_per_ha": 3350, "exposure_id": 368, "area_ha": 0.9239, "ael_bau": 149.68, "ael_primary_full": 149.68, "ael_primary_partial": 149.68, "ael_secondary_full": 33.83, "ael_secondary_partial": 99.11, "ael_combined_full": 32.34, "ael_combined_partial": 100.66 }, "geometry": { "type": "Polygon", "coordinates": [ [ [ -8.174107, 40.687004 ], [ -8.174107, 40.687996 ], [ -8.173115, 40.687996 ], [ -8.173115, 40.687004 ], [ -8.174107, 40.687004 ] ] ] } },
{ "type": "Feature", "properties": { "value_per_ha": 3350, "exposure_id": 369, "area_ha": 5.5449, "ael_bau": 1084.91, "ael_primary_full": 999.92, "ael_primary_partial": 1084.91, "ael_secondary_full": 357.62, "ael_secondary_partial": 817.87, "ael_combined_full": 230.74, "ael_combined_partial": 784.96 }, "geometry": { "type": "Polygon", "coordinates": [ [ [ -8.160218, 40.666171 ], [ -8.159226, 40.666171 ], [ -8.159226, 40.667163 ], [ -8.15625, 40.667163 ], [ -8.15625, 40.666171 ], [ -8.157242, 40.666171 ], [ -8.157242, 40.665179 ], [ -8.160218, 40.665179 ], [ -8.160218, 40.666171 ] ] ] } },
{ "type": "Feature", "properties": { "value_per_ha": 3350, "exposure_id": 370, "area_ha": 5.5452, "ael_bau": 724.55, "ael_primary_full": 631.04, "ael_primary_partial": 724.55, "ael_secondary_full": 527.09, "ael_secondary_partial": 576.76, "ael_combined_full": 299.16, "ael_combined_partial": 551.74 }, "geometry": { "type": "Polygon", "coordinates": [ [ [ -8.159226, 40.662202 ], [ -8.159226, 40.663194 ], [ -8.157242, 40.663194 ], [ -8.157242, 40.662202 ], [ -8.15625, 40.662202 ], [ -8.15625, 40.66121 ], [ -8.160218, 40.66121 ], [ -8.160218, 40.662202 ], [ -8.159226, 40.662202 ] ] ] } },
{ "type": "Feature", "properties": { "value_per_ha": 3350, "exposure_id": 371, "area_ha": 0.9242, "ael_bau": 180.5, "ael_primary_full": 150.8, "ael_primary_partial": 180.5, "ael_secondary_full": 131.13, "ael_secondary_partial": 144.6, "ael_combined_full": 72.77, "ael_combined_partial": 138.32 }, "geometry": { "type": "Polygon", "coordinates": [ [ [ -8.16121, 40.660218 ], [ -8.16121, 40.66121 ], [ -8.160218, 40.66121 ], [ -8.160218, 40.660218 ], [ -8.16121, 40.660218 ] ] ] } },
{ "type": "Feature", "properties": { "value_per_ha": 3350, "exposure_id": 372, "area_ha": 2.7728, "ael_bau": 529.75, "ael_primary_full": 296.96, "ael_primary_partial": 526.08, "ael_secondary_full": 381.79, "ael_secondary_partial": 438.99, "ael_combined_full": 127.5, "ael_combined_partial": 404.58 }, "geometry": { "type": "Polygon", "coordinates": [ [ [ -8.181052, 40.659226 ], [ -8.179067, 40.659226 ], [ -8.179067, 40.658234 ], [ -8.18006, 40.658234 ], [ -8.18006, 40.657242 ], [ -8.181052, 40.657242 ], [ -8.181052, 40.659226 ] ] ] } },
{ "type": "Feature", "properties": { "value_per_ha": 3350, "exposure_id": 373, "area_ha": 0.9243, "ael_bau": 187.17, "ael_primary_full": 146.74, "ael_primary_partial": 187.17, "ael_secondary_full": 5.48, "ael_secondary_partial": 152.07, "ael_combined_full": 0.0, "ael_combined_partial": 149.08 }, "geometry": { "type": "Polygon", "coordinates": [ [ [ -8.158234, 40.658234 ], [ -8.158234, 40.657242 ], [ -8.159226, 40.657242 ], [ -8.159226, 40.658234 ], [ -8.158234, 40.658234 ] ] ] } },
{ "type": "Feature", "properties": { "value_per_ha": 3350, "exposure_id": 374, "area_ha": 4.6215, "ael_bau": 1539.98, "ael_primary_full": 1144.34, "ael_primary_partial": 1539.98, "ael_secondary_full": 1003.28, "ael_secondary_partial": 1252.63, "ael_combined_full": 490.72, "ael_combined_partial": 1208.36 }, "geometry": { "type": "Polygon", "coordinates": [ [ [ -8.162202, 40.65625 ], [ -8.162202, 40.657242 ], [ -8.159226, 40.657242 ], [ -8.159226, 40.654266 ], [ -8.160218, 40.654266 ], [ -8.160218, 40.65625 ], [ -8.162202, 40.65625 ] ] ] } },
{ "type": "Feature", "properties": { "value_per_ha": 3350, "exposure_id": 375, "area_ha": 4.6215, "ael_bau": 943.18, "ael_primary_full": 643.8, "ael_primary_partial": 918.73, "ael_secondary_full": 177.85, "ael_secondary_partial": 739.23, "ael_combined_full": 70.28, "ael_combined_partial": 683.14 }, "geometry": { "type": "Polygon", "coordinates": [ [ [ -8.148313, 40.65625 ], [ -8.148313, 40.655258 ], [ -8.147321, 40.655258 ], [ -8.147321, 40.654266 ], [ -8.150298, 40.654266 ], [ -8.150298, 40.65625 ], [ -8.148313, 40.65625 ] ] ] } },
{ "type": "Feature", "properties": { "value_per_ha": 3350, "exposure_id": 376, "area_ha": 0.9243, "ael_bau": 195.12, "ael_primary_full": 145.58, "ael_primary_partial": 195.12, "ael_secondary_full": 151.1, "ael_secondary_partial": 162.14, "ael_combined_full": 71.52, "ael_combined_partial": 155.99 }, "geometry": { "type": "Polygon", "coordinates": [ [ [ -8.16121, 40.653274 ], [ -8.16121, 40.654266 ], [ -8.160218, 40.654266 ], [ -8.160218, 40.653274 ], [ -8.16121, 40.653274 ] ] ] } },
{ "type": "Feature", "properties": { "value_per_ha": 3350, "exposure_id": 377, "area_ha": 1.8486, "ael_bau": 188.76, "ael_primary_full": 129.34, "ael_primary_partial": 183.38, "ael_secondary_full": 5.48, "ael_secondary_partial": 158.89, "ael_combined_full": 0.0, "ael_combined_partial": 146.0 }, "geometry": { "type": "Polygon", "coordinates": [ [ [ -8.152282, 40.653274 ], [ -8.152282, 40.654266 ], [ -8.150298, 40.654266 ], [ -8.150298, 40.653274 ], [ -8.152282, 40.653274 ] ] ] } },
{ "type": "Feature", "properties": { "value_per_ha": 3350, "exposure_id": 378, "area_ha": 0.9243, "ael_bau": 200.52, "ael_primary_full": 131.08, "ael_primary_partial": 198.84, "ael_secondary_full": 162.7, "ael_secondary_partial": 173.52, "ael_combined_full": 70.28, "ael_combined_partial": 159.83 }, "geometry": { "type": "Polygon", "coordinates": [ [ [ -8.141369, 40.653274 ], [ -8.140377, 40.653274 ], [ -8.140377, 40.652282 ], [ -8.141369, 40.652282 ], [ -8.141369, 40.653274 ] ] ] } },
{ "type": "Feature", "properties": { "value_per_ha": 3350, "exposure_id": 379, "area_ha": 1.8487, "ael_bau": 376.26, "ael_primary_full": 278.4, "ael_primary_partial": 374.18, "ael_secondary_full": 290.93, "ael_secondary_partial": 310.31, "ael_combined_full": 138.69, "ael_combined_partial": 296.23 }, "geometry": { "type": "Polygon", "coordinates": [ [ [ -8.16121, 40.65129 ], [ -8.160218, 40.65129 ], [ -8.160218, 40.649306 ], [ -8.16121, 40.649306 ], [ -8.16121, 40.65129 ] ] ] } },
{ "type": "Feature", "properties": { "value_per_ha": 3350, "exposure_id": 380, "area_ha": 0.9244, "ael_bau": 316.19, "ael_primary_full": 296.38, "ael_primary_partial": 316.19, "ael_secondary_full": 192.99, "ael_secondary_partial": 234.93, "ael_combined_full": 139.32, "ael_combined_partial": 233.99 }, "geometry": { "type": "Polygon", "coordinates": [ [ [ -8.191964, 40.647321 ], [ -8.190972, 40.647321 ], [ -8.190972, 40.646329 ], [ -8.191964, 40.646329 ], [ -8.191964, 40.647321 ] ] ] } },
{ "type": "Feature", "properties": { "value_per_ha": 3350, "exposure_id": 381, "area_ha": 0.924, "ael_bau": 145.23, "ael_primary_full": 145.23, "ael_primary_partial": 145.23, "ael_secondary_full": 99.88, "ael_secondary_partial": 116.65, "ael_combined_full": 72.15, "ael_combined_partial": 114.5 }, "geometry": { "type": "Polygon", "coordinates": [ [ [ -8.181052, 40.681052 ], [ -8.18006, 40.681052 ], [ -8.18006, 40.68006 ], [ -8.181052, 40.68006 ], [ -8.181052, 40.681052 ] ] ] } },
{ "type": "Feature", "properties": { "value_per_ha": 3350, "exposure_id": 382, "area_ha": 0.9242, "ael_bau": 146.18, "ael_primary_full": 141.52, "ael_primary_partial": 146.18, "ael_secondary_full": 101.17, "ael_secondary_partial": 117.3, "ael_combined_full": 63.44, "ael_combined_partial": 116.42 }, "geometry": { "type": "Polygon", "coordinates": [ [ [ -8.190972, 40.665179 ], [ -8.190972, 40.664187 ], [ -8.191964, 40.664187 ], [ -8.191964, 40.665179 ], [ -8.190972, 40.665179 ] ] ] } },
{ "type": "Feature", "properties": { "value_per_ha": 3350, "exposure_id": 383, "area_ha": 0.9241, "ael_bau": 171.6, "ael_primary_full": 171.6, "ael_primary_partial": 171.6, "ael_secondary_full": 120.82, "ael_secondary_partial": 140.37, "ael_combined_full": 86.45, "ael_combined_partial": 137.93 }, "geometry": { "type": "Polygon", "coordinates": [ [ [ -8.186012, 40.670139 ], [ -8.18502, 40.670139 ], [ -8.18502, 40.669147 ], [ -8.186012, 40.669147 ], [ -8.186012, 40.670139 ] ] ] } },
{ "type": "Feature", "properties": { "value_per_ha": 3350, "exposure_id": 384, "area_ha": 1.8481, "ael_bau": 320.33, "ael_primary_full": 320.33, "ael_primary_partial": 320.33, "ael_secondary_full": 176.56, "ael_secondary_partial": 224.86, "ael_combined_full": 22.39, "ael_combined_partial": 218.24 }, "geometry": { "type": "Polygon", "coordinates": [ [ [ -8.176091, 40.673115 ], [ -8.178075, 40.673115 ], [ -8.178075, 40.674107 ], [ -8.176091, 40.674107 ], [ -8.176091, 40.673115 ] ] ] } },
{ "type": "Feature", "properties": { "value_per_ha": 3350, "exposure_id": 385, "area_ha": 1.8477, "ael_bau": 0.0, "ael_primary_full": 0.0, "ael_primary_partial": 0.0, "ael_secondary_full": 0.0, "ael_secondary_partial": 0.0, "ael_combined_full": 0.0, "ael_combined_partial": 0.0 }, "geometry": { "type": "Polygon", "coordinates": [ [ [ -8.096726, 40.688988 ], [ -8.095734, 40.688988 ], [ -8.095734, 40.687004 ], [ -8.096726, 40.687004 ], [ -8.096726, 40.688988 ] ] ] } },
{ "type": "Feature", "properties": { "value_per_ha": 3350, "exposure_id": 386, "area_ha": 0.9238, "ael_bau": 0.0, "ael_primary_full": 0.0, "ael_primary_partial": 0.0, "ael_secondary_full": 0.0, "ael_secondary_partial": 0.0, "ael_combined_full": 0.0, "ael_combined_partial": 0.0 }, "geometry": { "type": "Polygon", "coordinates": [ [ [ -8.102679, 40.68998 ], [ -8.101687, 40.68998 ], [ -8.101687, 40.688988 ], [ -8.102679, 40.688988 ], [ -8.102679, 40.68998 ] ] ] } },
{ "type": "Feature", "properties": { "value_per_ha": 3350, "exposure_id": 387, "area_ha": 1.8476, "ael_bau": 345.43, "ael_primary_full": 345.43, "ael_primary_partial": 338.4, "ael_secondary_full": 277.4, "ael_secondary_partial": 294.72, "ael_combined_full": 121.28, "ael_combined_partial": 266.65 }, "geometry": { "type": "Polygon", "coordinates": [ [ [ -8.109623, 40.693948 ], [ -8.108631, 40.693948 ], [ -8.108631, 40.691964 ], [ -8.109623, 40.691964 ], [ -8.109623, 40.693948 ] ] ] } },
{ "type": "Feature", "properties": { "value_per_ha": 3350, "exposure_id": 388, "area_ha": 1.8476, "ael_bau": 284.1, "ael_primary_full": 114.84, "ael_primary_partial": 235.67, "ael_secondary_full": 97.94, "ael_secondary_partial": 174.17, "ael_combined_full": 0.0, "ael_combined_partial": 133.71 }, "geometry": { "type": "Polygon", "coordinates": [ [ [ -8.080853, 40.693948 ], [ -8.078869, 40.693948 ], [ -8.078869, 40.692956 ], [ -8.080853, 40.692956 ], [ -8.080853, 40.693948 ] ] ] } },
{ "type": "Feature", "properties": { "value_per_ha": 3350, "exposure_id": 389, "area_ha": 0.9238, "ael_bau": 169.06, "ael_primary_full": 169.06, "ael_primary_partial": 169.06, "ael_secondary_full": 133.38, "ael_secondary_partial": 139.4, "ael_combined_full": 63.44, "ael_combined_partial": 131.4 }, "geometry": { "type": "Polygon", "coordinates": [ [ [ -8.113591, 40.693948 ], [ -8.112599, 40.693948 ], [ -8.112599, 40.692956 ], [ -8.113591, 40.692956 ], [ -8.113591, 40.693948 ] ] ] } },
{ "type": "Feature", "properties": { "value_per_ha": 3350, "exposure_id": 390, "area_ha": 0.9238, "ael_bau": 142.05, "ael_primary_full": 57.42, "ael_primary_partial": 117.83, "ael_secondary_full": 48.97, "ael_secondary_partial": 87.08, "ael_combined_full": 0.0, "ael_combined_partial": 66.85 }, "geometry": { "type": "Polygon", "coordinates": [ [ [ -8.082837, 40.69494 ], [ -8.081845, 40.69494 ], [ -8.081845, 40.693948 ], [ -8.082837, 40.693948 ], [ -8.082837, 40.69494 ] ] ] } },
{ "type": "Feature", "properties": { "value_per_ha": 3350, "exposure_id": 391, "area_ha": 5.5425, "ael_bau": 1378.55, "ael_primary_full": 1378.55, "ael_primary_partial": 1360.97, "ael_secondary_full": 1068.36, "ael_secondary_partial": 1117.13, "ael_combined_full": 448.42, "ael_combined_partial": 1019.71 }, "geometry": { "type": "Polygon", "coordinates": [ [ [ -8.102679, 40.69494 ], [ -8.102679, 40.693948 ], [ -8.106647, 40.693948 ], [ -8.106647, 40.69494 ], [ -8.105655, 40.69494 ], [ -8.105655, 40.695933 ], [ -8.103671, 40.695933 ], [ -8.103671, 40.69494 ], [ -8.102679, 40.69494 ] ] ] } },
{ "type": "Feature", "properties": { "value_per_ha": 3350, "exposure_id": 392, "area_ha": 25.8644, "ael_bau": 5543.42, "ael_primary_full": 5339.57, "ael_primary_partial": 5247.23, "ael_secondary_full": 3176.41, "ael_secondary_partial": 3685.43, "ael_combined_full": 780.54, "ael_combined_partial": 3328.09 }, "geometry": { "type": "Polygon", "coordinates": [ [ [ -8.090774, 40.697917 ], [ -8.090774, 40.69494 ], [ -8.091766, 40.69494 ], [ -8.091766, 40.693948 ], [ -8.094742, 40.693948 ], [ -8.094742, 40.695933 ], [ -8.095734, 40.695933 ], [ -8.095734, 40.696925 ], [ -8.096726, 40.696925 ], [ -8.096726, 40.697917 ], [ -8.095734, 40.697917 ], [ -8.095734, 40.698909 ], [ -8.094742, 40.698909 ], [ -8.094742, 40.700893 ], [ -8.091766, 40.700893 ], [ -8.091766, 40.697917 ], [ -8.090774, 40.697917 ] ] ] } },
{ "type": "Feature", "properties": { "value_per_ha": 3350, "exposure_id": 393, "area_ha": 1.8475, "ael_bau": 721.05, "ael_primary_full": 596.82, "ael_primary_partial": 668.7, "ael_secondary_full": 401.44, "ael_secondary_partial": 564.74, "ael_combined_full": 83.34, "ael_combined_partial": 474.51 }, "geometry": { "type": "Polygon", "coordinates": [ [ [ -8.087798, 40.695933 ], [ -8.085813, 40.695933 ], [ -8.085813, 40.69494 ], [ -8.087798, 40.69494 ], [ -8.087798, 40.695933 ] ] ] } },
{ "type": "Feature", "properties": { "value_per_ha": 3350, "exposure_id": 394, "area_ha": 14.7795, "ael_bau": 2343.66, "ael_primary_full": 2343.66, "ael_primary_partial": 2343.66, "ael_secondary_full": 1695.33, "ael_secondary_partial": 1785.85, "ael_combined_full": 888.76, "ael_combined_partial": 1740.12 }, "geometry": { "type": "Polygon", "coordinates": [ [ [ -8.108631, 40.698909 ], [ -8.108631, 40.697917 ], [ -8.107639, 40.697917 ], [ -8.107639, 40.696925 ], [ -8.108631, 40.696925 ], [ -8.108631, 40.695933 ], [ -8.112599, 40.695933 ], [ -8.112599, 40.699901 ], [ -8.109623, 40.699901 ], [ -8.109623, 40.698909 ], [ -8.108631, 40.698909 ] ] ] } },
{ "type": "Feature", "properties": { "value_per_ha": 3350, "exposure_id": 395, "area_ha": 1.8474, "ael_bau": 307.93, "ael_primary_full": 307.93, "ael_primary_partial": 307.93, "ael_secondary_full": 156.58, "ael_secondary_partial": 207.96, "ael_combined_full": 56.6, "ael_combined_partial": 203.25 }, "geometry": { "type": "Polygon", "coordinates": [ [ [ -8.106647, 40.700893 ], [ -8.104663, 40.700893 ], [ -8.104663, 40.699901 ], [ -8.106647, 40.699901 ], [ -8.106647, 40.700893 ] ] ] } },
{ "type": "Feature", "properties": { "value_per_ha": 3350, "exposure_id": 396, "area_ha": 10.1604, "ael_bau": 1895.9, "ael_primary_full": 1895.9, "ael_primary_partial": 1888.15, "ael_secondary_full": 792.9, "ael_secondary_partial": 1071.32, "ael_combined_full": 137.45, "ael_combined_partial": 1002.42 }, "geometry": { "type": "Polygon", "coordinates": [ [ [ -8.101687, 40.700893 ], [ -8.100694, 40.700893 ], [ -8.100694, 40.701885 ], [ -8.09871, 40.701885 ], [ -8.09871, 40.702877 ], [ -8.097718, 40.702877 ], [ -8.097718, 40.703869 ], [ -8.096726, 40.703869 ], [ -8.096726, 40.700893 ], [ -8.097718, 40.700893 ], [ -8.097718, 40.699901 ], [ -8.101687, 40.699901 ], [ -8.101687, 40.700893 ] ] ] } },
{ "type": "Feature", "properties": { "value_per_ha": 3350, "exposure_id": 397, "area_ha": 0.0492, "ael_bau": 0.0, "ael_primary_full": 0.0, "ael_primary_partial": 0.0, "ael_secondary_full": 0.0, "ael_secondary_partial": 0.0, "ael_combined_full": 0.0, "ael_combined_partial": 0.0 }, "geometry": { "type": "Polygon", "coordinates": [ [ [ -8.077877, 40.701885 ], [ -8.077877, 40.702222 ], [ -8.077566, 40.701885 ], [ -8.077877, 40.701885 ] ] ] } },
{ "type": "Feature", "properties": { "value_per_ha": 3350, "exposure_id": 398, "area_ha": 0.1263, "ael_bau": 0.0, "ael_primary_full": 0.0, "ael_primary_partial": 0.0, "ael_secondary_full": 0.0, "ael_secondary_partial": 0.0, "ael_combined_full": 0.0, "ael_combined_partial": 0.0 }, "geometry": { "type": "Polygon", "coordinates": [ [ [ -8.078869, 40.70357 ], [ -8.07862, 40.7031 ], [ -8.078436, 40.702877 ], [ -8.078869, 40.702877 ], [ -8.078869, 40.70357 ] ] ] } },
{ "type": "Feature", "properties": { "value_per_ha": 3350, "exposure_id": 399, "area_ha": 4.7784, "ael_bau": 1395.39, "ael_primary_full": 776.62, "ael_primary_partial": 1262.28, "ael_secondary_full": 1012.3, "ael_secondary_partial": 1092.11, "ael_combined_full": 1.24, "ael_combined_partial": 839.9 }, "geometry": { "type": "Polygon", "coordinates": [ [ [ -8.081845, 40.705853 ], [ -8.079437, 40.705853 ], [ -8.079238, 40.704422 ], [ -8.079016, 40.703869 ], [ -8.081845, 40.703869 ], [ -8.081845, 40.705853 ] ] ] } },
{ "type": "Feature", "properties": { "value_per_ha": 3350, "exposure_id": 400, "area_ha": 0.9236, "ael_bau": 334.63, "ael_primary_full": 334.63, "ael_primary_partial": 334.63, "ael_secondary_full": 98.27, "ael_secondary_partial": 167.34, "ael_combined_full": 0.62, "ael_combined_partial": 157.91 }, "geometry": { "type": "Polygon", "coordinates": [ [ [ -8.097718, 40.705853 ], [ -8.096726, 40.705853 ], [ -8.096726, 40.704861 ], [ -8.097718, 40.704861 ], [ -8.097718, 40.705853 ] ] ] } },
{ "type": "Feature", "properties": { "value_per_ha": 3350, "exposure_id": 401, "area_ha": 2.7708, "ael_bau": 593.94, "ael_primary_full": 583.48, "ael_primary_partial": 553.81, "ael_secondary_full": 402.09, "ael_secondary_partial": 449.06, "ael_combined_full": 188.45, "ael_combined_partial": 379.61 }, "geometry": { "type": "Polygon", "coordinates": [ [ [ -8.083829, 40.706845 ], [ -8.084821, 40.706845 ], [ -8.084821, 40.705853 ], [ -8.085813, 40.705853 ], [ -8.085813, 40.707837 ], [ -8.083829, 40.707837 ], [ -8.083829, 40.706845 ] ] ] } },
{ "type": "Feature", "properties": { "value_per_ha": 3350, "exposure_id": 402, "area_ha": 4.6179, "ael_bau": 729.95, "ael_primary_full": 729.95, "ael_primary_partial": 729.95, "ael_secondary_full": 244.86, "ael_secondary_partial": 421.77, "ael_combined_full": 0.0, "ael_combined_partial": 403.43 }, "geometry": { "type": "Polygon", "coordinates": [ [ [ -8.106647, 40.706845 ], [ -8.106647, 40.707837 ], [ -8.107639, 40.707837 ], [ -8.107639, 40.708829 ], [ -8.104663, 40.708829 ], [ -8.104663, 40.706845 ], [ -8.106647, 40.706845 ] ] ] } },
{ "type": "Feature", "properties": { "value_per_ha": 3350, "exposure_id": 403, "area_ha": 25.5658, "ael_bau": 4702.57, "ael_primary_full": 3049.86, "ael_primary_partial": 4314.51, "ael_secondary_full": 3189.94, "ael_secondary_partial": 3671.13, "ael_combined_full": 738.25, "ael_combined_partial": 3181.7 }, "geometry": { "type": "Polygon", "coordinates": [ [ [ -8.084821, 40.709821 ], [ -8.084821, 40.708829 ], [ -8.085813, 40.708829 ], [ -8.085813, 40.707837 ], [ -8.086806, 40.707837 ], [ -8.086806, 40.708829 ], [ -8.08879, 40.708829 ], [ -8.08879, 40.709821 ], [ -8.092758, 40.709821 ], [ -8.092758, 40.710813 ], [ -8.086806, 40.710813 ], [ -8.086806, 40.711806 ], [ -8.085813, 40.711806 ], [ -8.085813, 40.712798 ], [ -8.084821, 40.712798 ], [ -8.084821, 40.71379 ], [ -8.083295, 40.71379 ], [ -8.082837, 40.71316 ], [ -8.082837, 40.712798 ], [ -8.082575, 40.712798 ], [ -8.081296, 40.710978 ], [ -8.0807, 40.709821 ], [ -8.084821, 40.709821 ] ] ] } },
{ "type": "Feature", "properties": { "value_per_ha": 3350, "exposure_id": 404, "area_ha": 0.9235, "ael_bau": 0.0, "ael_primary_full": 0.0, "ael_primary_partial": 0.0, "ael_secondary_full": 0.0, "ael_secondary_partial": 0.0, "ael_combined_full": 0.0, "ael_combined_partial": 0.0 }, "geometry": { "type": "Polygon", "coordinates": [ [ [ -8.114583, 40.710813 ], [ -8.114583, 40.711806 ], [ -8.113591, 40.711806 ], [ -8.113591, 40.710813 ], [ -8.114583, 40.710813 ] ] ] } },
{ "type": "Feature", "properties": { "value_per_ha": 3350, "exposure_id": 405, "area_ha": 14.9806, "ael_bau": 2188.26, "ael_primary_full": 2188.26, "ael_primary_partial": 2187.45, "ael_secondary_full": 801.92, "ael_secondary_partial": 1325.09, "ael_combined_full": 251.27, "ael_combined_partial": 1259.85 }, "geometry": { "type": "Polygon", "coordinates": [ [ [ -8.094742, 40.712798 ], [ -8.095734, 40.712798 ], [ -8.095734, 40.710813 ], [ -8.099702, 40.710813 ], [ -8.099702, 40.711806 ], [ -8.102679, 40.711806 ], [ -8.102679, 40.712798 ], [ -8.09871, 40.712798 ], [ -8.09871, 40.71379 ], [ -8.095734, 40.71379 ], [ -8.095734, 40.715017 ], [ -8.094742, 40.714989 ], [ -8.094742, 40.712798 ] ] ] } },
{ "type": "Feature", "properties": { "value_per_ha": 3350, "exposure_id": 406, "area_ha": 21.3387, "ael_bau": 3416.18, "ael_primary_full": 3416.18, "ael_primary_partial": 3415.02, "ael_secondary_full": 1637.34, "ael_secondary_partial": 2319.72, "ael_combined_full": 941.63, "ael_combined_partial": 2277.64 }, "geometry": { "type": "MultiPolygon", "coordinates": [ [ [ [ -8.111607, 40.712798 ], [ -8.111607, 40.71379 ], [ -8.113591, 40.71379 ], [ -8.113591, 40.714368 ], [ -8.113502, 40.714513 ], [ -8.108631, 40.715165 ], [ -8.108631, 40.714782 ], [ -8.107639, 40.714782 ], [ -8.107639, 40.71379 ], [ -8.103671, 40.71379 ], [ -8.103671, 40.711806 ], [ -8.106647, 40.711806 ], [ -8.106647, 40.712798 ], [ -8.108631, 40.712798 ], [ -8.108631, 40.711806 ], [ -8.113591, 40.711806 ], [ -8.113591, 40.712798 ], [ -8.111607, 40.712798 ] ] ], [ [ [ -8.104663, 40.714782 ], [ -8.105655, 40.714782 ], [ -8.105655, 40.715563 ], [ -8.10479, 40.715679 ], [ -8.104663, 40.715673 ], [ -8.104663, 40.714782 ] ] ] ] } },
{ "type": "Feature", "properties": { "value_per_ha": 3350, "exposure_id": 407, "area_ha": 13.092, "ael_bau": 2984.94, "ael_primary_full": 1418.45, "ael_primary_partial": 2855.54, "ael_secondary_full": 2249.81, "ael_secondary_partial": 2439.62, "ael_combined_full": 357.62, "ael_combined_partial": 2264.19 }, "geometry": { "type": "Polygon", "coordinates": [ [ [ -8.08879, 40.716766 ], [ -8.085813, 40.716766 ], [ -8.085813, 40.715774 ], [ -8.084888, 40.715774 ], [ -8.084086, 40.714782 ], [ -8.085813, 40.714782 ], [ -8.085813, 40.71379 ], [ -8.08879, 40.71379 ], [ -8.08879, 40.712798 ], [ -8.089782, 40.712798 ], [ -8.089782, 40.716442 ], [ -8.08879, 40.716766 ] ] ] } },
{ "type": "Feature", "properties": { "value_per_ha": 3350, "exposure_id": 408, "area_ha": 9.2924, "ael_bau": 849.12, "ael_primary_full": 124.12, "ael_primary_partial": 772.54, "ael_secondary_full": 546.1, "ael_secondary_partial": 687.57, "ael_combined_full": 0.0, "ael_combined_partial": 543.67 }, "geometry": { "type": "Polygon", "coordinates": [ [ [ -8.136409, 40.687004 ], [ -8.137401, 40.687004 ], [ -8.137401, 40.687996 ], [ -8.139385, 40.687996 ], [ -8.139385, 40.687004 ], [ -8.140377, 40.687004 ], [ -8.140377, 40.68998 ], [ -8.137401, 40.68998 ], [ -8.137401, 40.690194 ], [ -8.136409, 40.689895 ], [ -8.136409, 40.687004 ] ] ] } },
{ "type": "Feature", "properties": { "value_per_ha": 3350, "exposure_id": 409, "area_ha": 1.8477, "ael_bau": 300.94, "ael_primary_full": 300.94, "ael_primary_partial": 300.94, "ael_secondary_full": 71.52, "ael_secondary_partial": 203.09, "ael_combined_full": 70.28, "ael_combined_partial": 204.79 }, "geometry": { "type": "Polygon", "coordinates": [ [ [ -8.171131, 40.688988 ], [ -8.171131, 40.687996 ], [ -8.173115, 40.687996 ], [ -8.173115, 40.688988 ], [ -8.171131, 40.688988 ] ] ] } },
{ "type": "Feature", "properties": { "value_per_ha": 3350, "exposure_id": 410, "area_ha": 41.5708, "ael_bau": 5374.36, "ael_primary_full": 5374.36, "ael_primary_partial": 5374.36, "ael_secondary_full": 1316.44, "ael_secondary_partial": 3704.93, "ael_combined_full": 1270.01, "ael_combined_partial": 3796.45 }, "geometry": { "type": "Polygon", "coordinates": [ [ [ -8.169147, 40.693948 ], [ -8.169147, 40.692956 ], [ -8.167163, 40.692956 ], [ -8.167163, 40.693948 ], [ -8.165179, 40.693948 ], [ -8.165179, 40.692956 ], [ -8.163194, 40.692956 ], [ -8.163194, 40.688988 ], [ -8.164187, 40.688988 ], [ -8.164187, 40.68998 ], [ -8.165179, 40.68998 ], [ -8.165179, 40.690972 ], [ -8.167163, 40.690972 ], [ -8.167163, 40.68998 ], [ -8.174107, 40.68998 ], [ -8.174107, 40.692956 ], [ -8.175099, 40.692956 ], [ -8.175099, 40.69494 ], [ -8.170139, 40.69494 ], [ -8.170139, 40.693948 ], [ -8.169147, 40.693948 ] ] ] } },
{ "type": "Feature", "properties": { "value_per_ha": 3350, "exposure_id": 411, "area_ha": 71.5401, "ael_bau": 10604.13, "ael_primary_full": 10598.07, "ael_primary_partial": 10602.97, "ael_secondary_full": 4182.59, "ael_secondary_partial": 8128.94, "ael_combined_full": 3930.7, "ael_combined_partial": 8577.27 }, "geometry": { "type": "Polygon", "coordinates": [ [ [ -8.144345, 40.690972 ], [ -8.146329, 40.690972 ], [ -8.146329, 40.691964 ], [ -8.148313, 40.691964 ], [ -8.148313, 40.693948 ], [ -8.149306, 40.693948 ], [ -8.149306, 40.69494 ], [ -8.150298, 40.69494 ], [ -8.150298, 40.693948 ], [ -8.153274, 40.693948 ], [ -8.153274, 40.69494 ], [ -8.15625, 40.69494 ], [ -8.15625, 40.695933 ], [ -8.158234, 40.695933 ], [ -8.158234, 40.69494 ], [ -8.159226, 40.69494 ], [ -8.159226, 40.693948 ], [ -8.162202, 40.693948 ], [ -8.162202, 40.69494 ], [ -8.163194, 40.69494 ], [ -8.163194, 40.695933 ], [ -8.164187, 40.695933 ], [ -8.164187, 40.696925 ], [ -8.163194, 40.696925 ], [ -8.163194, 40.699014 ], [ -8.163049, 40.698927 ], [ -8.161846, 40.698405 ], [ -8.160487, 40.697822 ], [ -8.159334, 40.697353 ], [ -8.15886, 40.697301 ], [ -8.158234, 40.697128 ], [ -8.158234, 40.696925 ], [ -8.157494, 40.696925 ], [ -8.156367, 40.696614 ], [ -8.15531, 40.699187 ], [ -8.155056, 40.701843 ], [ -8.154843, 40.702608 ], [ -8.154486, 40.703018 ], [ -8.150819, 40.703388 ], [ -8.150756, 40.703107 ], [ -8.150647, 40.702742 ], [ -8.150559, 40.701885 ], [ -8.152282, 40.701885 ], [ -8.152282, 40.700893 ], [ -8.15129, 40.700893 ], [ -8.15129, 40.699901 ], [ -8.150298, 40.699901 ], [ -8.150298, 40.70034 ], [ -8.150079, 40.699704 ], [ -8.149926, 40.699356 ], [ -8.149272, 40.698343 ], [ -8.14877, 40.697613 ], [ -8.148511, 40.696925 ], [ -8.149306, 40.696925 ], [ -8.149306, 40.697917 ], [ -8.15129, 40.697917 ], [ -8.15129, 40.696925 ], [ -8.150298, 40.696925 ], [ -8.150298, 40.695933 ], [ -8.148003, 40.695933 ], [ -8.14709, 40.694493 ], [ -8.146435, 40.693497 ], [ -8.145977, 40.692999 ], [ -8.144843, 40.692119 ], [ -8.144385, 40.691804 ], [ -8.144345, 40.691796 ], [ -8.144345, 40.690972 ] ] ] } },
{ "type": "Feature", "properties": { "value_per_ha": 3350, "exposure_id": 412, "area_ha": 0.9238, "ael_bau": 273.93, "ael_primary_full": 273.93, "ael_primary_partial": 273.93, "ael_secondary_full": 78.61, "ael_secondary_partial": 194.96, "ael_combined_full": 78.37, "ael_combined_partial": 202.1 }, "geometry": { "type": "Polygon", "coordinates": [ [ [ -8.169147, 40.695933 ], [ -8.168155, 40.695933 ], [ -8.168155, 40.69494 ], [ -8.169147, 40.69494 ], [ -8.169147, 40.695933 ] ] ] } },
{ "type": "Feature", "properties": { "value_per_ha": 3350, "exposure_id": 413, "area_ha": 2.7712, "ael_bau": 398.82, "ael_primary_full": 398.82, "ael_primary_partial": 398.82, "ael_secondary_full": 106.0, "ael_secondary_partial": 275.87, "ael_combined_full": 99.51, "ael_combined_partial": 288.93 }, "geometry": { "type": "Polygon", "coordinates": [ [ [ -8.168155, 40.697917 ], [ -8.165179, 40.697917 ], [ -8.165179, 40.696925 ], [ -8.168155, 40.696925 ], [ -8.168155, 40.697917 ] ] ] } },
{ "type": "Feature", "properties": { "value_per_ha": 3350, "exposure_id": 414, "area_ha": 2.7711, "ael_bau": 250.73, "ael_primary_full": 250.73, "ael_primary_partial": 250.73, "ael_secondary_full": 47.04, "ael_secondary_partial": 181.96, "ael_combined_full": 45.4, "ael_combined_partial": 194.8 }, "geometry": { "type": "Polygon", "coordinates": [ [ [ -8.170139, 40.700893 ], [ -8.167163, 40.700893 ], [ -8.167163, 40.699901 ], [ -8.170139, 40.699901 ], [ -8.170139, 40.700893 ] ] ] } },
{ "type": "Feature", "properties": { "value_per_ha": 3350, "exposure_id": 415, "area_ha": 1.8473, "ael_bau": 296.17, "ael_primary_full": 296.17, "ael_primary_partial": 296.17, "ael_secondary_full": 202.01, "ael_secondary_partial": 220.96, "ael_combined_full": 119.41, "ael_combined_partial": 218.24 }, "geometry": { "type": "Polygon", "coordinates": [ [ [ -8.116567, 40.702877 ], [ -8.114583, 40.702877 ], [ -8.114583, 40.701885 ], [ -8.116567, 40.701885 ], [ -8.116567, 40.702877 ] ] ] } },
{ "type": "Feature", "properties": { "value_per_ha": 3350, "exposure_id": 416, "area_ha": 0.9236, "ael_bau": 107.41, "ael_primary_full": 107.41, "ael_primary_partial": 107.41, "ael_secondary_full": 48.97, "ael_secondary_partial": 64.01, "ael_combined_full": 0.0, "ael_combined_partial": 61.47 }, "geometry": { "type": "Polygon", "coordinates": [ [ [ -8.116567, 40.708829 ], [ -8.115575, 40.708829 ], [ -8.115575, 40.707837 ], [ -8.116567, 40.707837 ], [ -8.116567, 40.708829 ] ] ] } },
{ "type": "Feature", "properties": { "value_per_ha": 3350, "exposure_id": 417, "area_ha": 98.9597, "ael_bau": 8890.64, "ael_primary_full": 8890.64, "ael_primary_partial": 8888.37, "ael_secondary_full": 8751.71, "ael_secondary_partial": 8814.33, "ael_combined_full": 8890.64, "ael_combined_partial": 8889.14 }, "geometry": { "type": "MultiPolygon", "coordinates": [ [ [ [ -8.334139, 40.688988 ], [ -8.334244, 40.688757 ], [ -8.334366, 40.688619 ], [ -8.334489, 40.688545 ], [ -8.334491, 40.688827 ], [ -8.334578, 40.688988 ], [ -8.334139, 40.688988 ] ] ], [ [ [ -8.330853, 40.688988 ], [ -8.330853, 40.687996 ], [ -8.329861, 40.687996 ], [ -8.329861, 40.688988 ], [ -8.328869, 40.688988 ], [ -8.328869, 40.687996 ], [ -8.326885, 40.687996 ], [ -8.326885, 40.686012 ], [ -8.327877, 40.686012 ], [ -8.327877, 40.68502 ], [ -8.325893, 40.68502 ], [ -8.325893, 40.686012 ], [ -8.323909, 40.686012 ], [ -8.323909, 40.68502 ], [ -8.321925, 40.68502 ], [ -8.321925, 40.684028 ], [ -8.322917, 40.684028 ], [ -8.322917, 40.682044 ], [ -8.325893, 40.682044 ], [ -8.325893, 40.681052 ], [ -8.326885, 40.681052 ], [ -8.326885, 40.679067 ], [ -8.327877, 40.679067 ], [ -8.327877, 40.681052 ], [ -8.328869, 40.681052 ], [ -8.328869, 40.683036 ], [ -8.329861, 40.683036 ], [ -8.329861, 40.684028 ], [ -8.332043, 40.684028 ], [ -8.331853, 40.684262 ], [ -8.331712, 40.684468 ], [ -8.331693, 40.684534 ], [ -8.332956, 40.688988 ], [ -8.330853, 40.688988 ] ], [ [ -8.329861, 40.687004 ], [ -8.329861, 40.68502 ], [ -8.328869, 40.68502 ], [ -8.328869, 40.687004 ], [ -8.329861, 40.687004 ] ] ], [ [ [ -8.331845, 40.683036 ], [ -8.331845, 40.682125 ], [ -8.332092, 40.682351 ], [ -8.332146, 40.682429 ], [ -8.332257, 40.682669 ], [ -8.332461, 40.683036 ], [ -8.331845, 40.683036 ] ] ], [ [ [ -8.332837, 40.679067 ], [ -8.329861, 40.679067 ], [ -8.329861, 40.678075 ], [ -8.328869, 40.678075 ], [ -8.328869, 40.673115 ], [ -8.329861, 40.673115 ], [ -8.329861, 40.672123 ], [ -8.333829, 40.672123 ], [ -8.333829, 40.671131 ], [ -8.334821, 40.671131 ], [ -8.334821, 40.672123 ], [ -8.335813, 40.672123 ], [ -8.335813, 40.673115 ], [ -8.33879, 40.673115 ], [ -8.33879, 40.674107 ], [ -8.339782, 40.674107 ], [ -8.339782, 40.675099 ], [ -8.33879, 40.675099 ], [ -8.33879, 40.677083 ], [ -8.339782, 40.677083 ], [ -8.339782, 40.677396 ], [ -8.33594, 40.67746 ], [ -8.334331, 40.678327 ], [ -8.332837, 40.679429 ], [ -8.332837, 40.679067 ] ] ], [ [ [ -8.34375, 40.678075 ], [ -8.34375, 40.678325 ], [ -8.343009, 40.678075 ], [ -8.34375, 40.678075 ] ] ] ] } },
{ "type": "Feature", "properties": { "value_per_ha": 3350, "exposure_id": 418, "area_ha": 161.7255, "ael_bau": 20949.58, "ael_primary_full": 14062.65, "ael_primary_partial": 19279.25, "ael_secondary_full": 14411.29, "ael_secondary_partial": 17421.47, "ael_combined_full": 4193.78, "ael_combined_partial": 15238.06 }, "geometry": { "type": "Polygon", "coordinates": [ [ [ -8.226687, 40.672123 ], [ -8.226687, 40.670139 ], [ -8.222718, 40.670139 ], [ -8.222718, 40.668155 ], [ -8.22371, 40.668155 ], [ -8.22371, 40.667163 ], [ -8.224702, 40.667163 ], [ -8.224702, 40.666171 ], [ -8.227679, 40.666171 ], [ -8.227679, 40.664187 ], [ -8.228671, 40.664187 ], [ -8.228671, 40.663194 ], [ -8.234623, 40.663194 ], [ -8.234623, 40.662202 ], [ -8.239583, 40.662202 ], [ -8.239583, 40.66121 ], [ -8.240575, 40.66121 ], [ -8.240575, 40.660218 ], [ -8.24256, 40.660218 ], [ -8.24256, 40.659226 ], [ -8.244544, 40.659226 ], [ -8.244544, 40.663194 ], [ -8.246528, 40.663194 ], [ -8.246528, 40.664187 ], [ -8.254464, 40.664187 ], [ -8.254464, 40.666171 ], [ -8.253472, 40.666171 ], [ -8.253472, 40.668155 ], [ -8.25248, 40.668155 ], [ -8.25248, 40.669147 ], [ -8.24752, 40.669147 ], [ -8.24752, 40.668155 ], [ -8.249504, 40.668155 ], [ -8.249504, 40.667163 ], [ -8.251488, 40.667163 ], [ -8.251488, 40.666171 ], [ -8.246528, 40.666171 ], [ -8.246528, 40.667163 ], [ -8.243552, 40.667163 ], [ -8.243552, 40.665179 ], [ -8.240575, 40.665179 ], [ -8.240575, 40.664187 ], [ -8.239583, 40.664187 ], [ -8.239583, 40.665179 ], [ -8.235615, 40.665179 ], [ -8.235615, 40.666171 ], [ -8.228671, 40.666171 ], [ -8.228671, 40.667163 ], [ -8.229663, 40.667163 ], [ -8.229663, 40.669147 ], [ -8.232639, 40.669147 ], [ -8.232639, 40.668155 ], [ -8.233631, 40.668155 ], [ -8.233631, 40.670139 ], [ -8.234623, 40.670139 ], [ -8.234623, 40.669147 ], [ -8.236607, 40.669147 ], [ -8.236607, 40.670139 ], [ -8.237599, 40.670139 ], [ -8.237599, 40.669147 ], [ -8.239583, 40.669147 ], [ -8.239583, 40.668155 ], [ -8.241567, 40.668155 ], [ -8.241567, 40.667163 ], [ -8.24256, 40.667163 ], [ -8.24256, 40.668155 ], [ -8.245536, 40.668155 ], [ -8.245536, 40.669147 ], [ -8.246528, 40.669147 ], [ -8.246528, 40.670139 ], [ -8.24256, 40.670139 ], [ -8.24256, 40.671131 ], [ -8.240575, 40.671131 ], [ -8.240575, 40.672123 ], [ -8.236607, 40.672123 ], [ -8.236607, 40.671131 ], [ -8.234623, 40.671131 ], [ -8.234623, 40.672123 ], [ -8.229663, 40.672123 ], [ -8.229663, 40.671131 ], [ -8.227679, 40.671131 ], [ -8.227679, 40.672123 ], [ -8.228671, 40.672123 ], [ -8.228671, 40.673115 ], [ -8.224702, 40.673115 ], [ -8.224702, 40.672123 ], [ -8.226687, 40.672123 ] ] ] } },
{ "type": "Feature", "properties": { "value_per_ha": 3350, "exposure_id": 419, "area_ha": 1.8483, "ael_bau": 108.05, "ael_primary_full": 67.28, "ael_primary_partial": 94.27, "ael_secondary_full": 91.18, "ael_secondary_partial": 95.53, "ael_combined_full": 24.26, "ael_combined_partial": 78.0 }, "geometry": { "type": "Polygon", "coordinates": [ [ [ -8.25744, 40.668155 ], [ -8.255456, 40.668155 ], [ -8.255456, 40.667163 ], [ -8.25744, 40.667163 ], [ -8.25744, 40.668155 ] ] ] } },
{ "type": "Feature", "properties": { "value_per_ha": 3350, "exposure_id": 420, "area_ha": 0.9241, "ael_bau": 80.72, "ael_primary_full": 55.1, "ael_primary_partial": 75.12, "ael_secondary_full": 5.48, "ael_secondary_partial": 63.69, "ael_combined_full": 0.0, "ael_combined_partial": 50.72 }, "geometry": { "type": "Polygon", "coordinates": [ [ [ -8.280258, 40.669147 ], [ -8.279266, 40.669147 ], [ -8.279266, 40.668155 ], [ -8.280258, 40.668155 ], [ -8.280258, 40.669147 ] ] ] } },
{ "type": "Feature", "properties": { "value_per_ha": 3350, "exposure_id": 421, "area_ha": 0.9241, "ael_bau": 80.72, "ael_primary_full": 39.44, "ael_primary_partial": 70.7, "ael_secondary_full": 61.54, "ael_secondary_partial": 67.59, "ael_combined_full": 3.73, "ael_combined_partial": 52.64 }, "geometry": { "type": "Polygon", "coordinates": [ [ [ -8.266369, 40.673115 ], [ -8.265377, 40.673115 ], [ -8.265377, 40.672123 ], [ -8.266369, 40.672123 ], [ -8.266369, 40.673115 ] ] ] } },
{ "type": "Feature", "properties": { "value_per_ha": 3350, "exposure_id": 422, "area_ha": 1.8481, "ael_bau": 309.84, "ael_primary_full": 227.36, "ael_primary_partial": 284.64, "ael_secondary_full": 160.45, "ael_secondary_partial": 287.89, "ael_combined_full": 70.28, "ael_combined_partial": 237.83 }, "geometry": { "type": "Polygon", "coordinates": [ [ [ -8.292163, 40.675099 ], [ -8.290179, 40.675099 ], [ -8.290179, 40.674107 ], [ -8.292163, 40.674107 ], [ -8.292163, 40.675099 ] ] ] } },
{ "type": "Feature", "properties": { "value_per_ha": 3350, "exposure_id": 423, "area_ha": 0.924, "ael_bau": 76.27, "ael_primary_full": 41.76, "ael_primary_partial": 65.54, "ael_secondary_full": 51.55, "ael_secondary_partial": 59.46, "ael_combined_full": 4.35, "ael_combined_partial": 45.34 }, "geometry": { "type": "Polygon", "coordinates": [ [ [ -8.265377, 40.676091 ], [ -8.266369, 40.676091 ], [ -8.266369, 40.677083 ], [ -8.265377, 40.677083 ], [ -8.265377, 40.676091 ] ] ] } },
{ "type": "Feature", "properties": { "value_per_ha": 3350, "exposure_id": 424, "area_ha": 5.544, "ael_bau": 345.75, "ael_primary_full": 245.92, "ael_primary_partial": 316.31, "ael_secondary_full": 183.64, "ael_secondary_partial": 294.07, "ael_combined_full": 113.82, "ael_combined_partial": 275.1 }, "geometry": { "type": "Polygon", "coordinates": [ [ [ -8.289187, 40.677083 ], [ -8.287202, 40.677083 ], [ -8.287202, 40.678075 ], [ -8.28621, 40.678075 ], [ -8.28621, 40.679067 ], [ -8.285218, 40.679067 ], [ -8.285218, 40.677083 ], [ -8.28621, 40.677083 ], [ -8.28621, 40.676091 ], [ -8.289187, 40.676091 ], [ -8.289187, 40.677083 ] ] ] } },
{ "type": "Feature", "properties": { "value_per_ha": 3350, "exposure_id": 425, "area_ha": 39.7289, "ael_bau": 3242.67, "ael_primary_full": 2495.15, "ael_primary_partial": 2965.7, "ael_secondary_full": 1519.42, "ael_secondary_partial": 2199.17, "ael_combined_full": 253.75, "ael_combined_partial": 1761.25 }, "geometry": { "type": "Polygon", "coordinates": [ [ [ -8.260417, 40.68006 ], [ -8.264385, 40.68006 ], [ -8.264385, 40.679067 ], [ -8.265377, 40.679067 ], [ -8.265377, 40.678075 ], [ -8.266369, 40.678075 ], [ -8.266369, 40.677083 ], [ -8.267361, 40.677083 ], [ -8.267361, 40.678075 ], [ -8.268353, 40.678075 ], [ -8.268353, 40.68006 ], [ -8.267361, 40.68006 ], [ -8.267361, 40.681052 ], [ -8.264385, 40.681052 ], [ -8.264385, 40.684028 ], [ -8.262401, 40.684028 ], [ -8.262401, 40.683036 ], [ -8.261409, 40.683036 ], [ -8.261409, 40.68502 ], [ -8.260417, 40.68502 ], [ -8.260417, 40.686012 ], [ -8.259425, 40.686012 ], [ -8.259425, 40.687996 ], [ -8.256448, 40.687996 ], [ -8.256448, 40.687004 ], [ -8.255456, 40.687004 ], [ -8.255456, 40.68502 ], [ -8.258433, 40.68502 ], [ -8.258433, 40.683036 ], [ -8.260417, 40.683036 ], [ -8.260417, 40.68006 ] ] ] } },
{ "type": "Feature", "properties": { "value_per_ha": 3350, "exposure_id": 426, "area_ha": 0.924, "ael_bau": 0.0, "ael_primary_full": 0.0, "ael_primary_partial": 0.0, "ael_secondary_full": 0.0, "ael_secondary_partial": 0.0, "ael_combined_full": 0.0, "ael_combined_partial": 0.0 }, "geometry": { "type": "Polygon", "coordinates": [ [ [ -8.219742, 40.681052 ], [ -8.21875, 40.681052 ], [ -8.21875, 40.68006 ], [ -8.219742, 40.68006 ], [ -8.219742, 40.681052 ] ] ] } },
{ "type": "Feature", "properties": { "value_per_ha": 3350, "exposure_id": 427, "area_ha": 3.6958, "ael_bau": 425.83, "ael_primary_full": 337.56, "ael_primary_partial": 400.26, "ael_secondary_full": 293.19, "ael_secondary_partial": 394.47, "ael_combined_full": 183.47, "ael_combined_partial": 374.61 }, "geometry": { "type": "Polygon", "coordinates": [ [ [ -8.284226, 40.68006 ], [ -8.284226, 40.681052 ], [ -8.285218, 40.681052 ], [ -8.285218, 40.682044 ], [ -8.284226, 40.682044 ], [ -8.284226, 40.683036 ], [ -8.283234, 40.683036 ], [ -8.283234, 40.68006 ], [ -8.284226, 40.68006 ] ] ] } },
{ "type": "Feature", "properties": { "value_per_ha": 3350, "exposure_id": 428, "area_ha": 0.9239, "ael_bau": 215.46, "ael_primary_full": 177.48, "ael_primary_partial": 204.37, "ael_secondary_full": 176.88, "ael_secondary_partial": 202.11, "ael_combined_full": 118.79, "ael_combined_partial": 192.49 }, "geometry": { "type": "Polygon", "coordinates": [ [ [ -8.283234, 40.684028 ], [ -8.284226, 40.684028 ], [ -8.284226, 40.68502 ], [ -8.283234, 40.68502 ], [ -8.283234, 40.684028 ] ] ] } },
{ "type": "Feature", "properties": { "value_per_ha": 3350, "exposure_id": 429, "area_ha": 4.6195, "ael_bau": 381.98, "ael_primary_full": 314.94, "ael_primary_partial": 360.13, "ael_secondary_full": 136.93, "ael_secondary_partial": 262.87, "ael_combined_full": 21.15, "ael_combined_partial": 216.7 }, "geometry": { "type": "Polygon", "coordinates": [ [ [ -8.264385, 40.684028 ], [ -8.265377, 40.684028 ], [ -8.265377, 40.686012 ], [ -8.261409, 40.686012 ], [ -8.261409, 40.68502 ], [ -8.264385, 40.68502 ], [ -8.264385, 40.684028 ] ] ] } },
{ "type": "Feature", "properties": { "value_per_ha": 3350, "exposure_id": 430, "area_ha": 10.1627, "ael_bau": 1665.19, "ael_primary_full": 693.1, "ael_primary_partial": 1562.75, "ael_secondary_full": 453.96, "ael_secondary_partial": 1169.45, "ael_combined_full": 100.13, "ael_combined_partial": 991.67 }, "geometry": { "type": "Polygon", "coordinates": [ [ [ -8.238591, 40.687004 ], [ -8.238591, 40.686012 ], [ -8.237599, 40.686012 ], [ -8.237599, 40.684028 ], [ -8.240575, 40.684028 ], [ -8.240575, 40.686012 ], [ -8.241567, 40.686012 ], [ -8.241567, 40.687004 ], [ -8.24256, 40.687004 ], [ -8.24256, 40.687996 ], [ -8.240575, 40.687996 ], [ -8.240575, 40.687004 ], [ -8.238591, 40.687004 ] ] ] } },
{ "type": "Feature", "properties": { "value_per_ha": 3350, "exposure_id": 431, "area_ha": 1.8478, "ael_bau": 236.75, "ael_primary_full": 186.76, "ael_primary_partial": 219.46, "ael_secondary_full": 204.59, "ael_secondary_partial": 214.13, "ael_combined_full": 131.23, "ael_combined_partial": 205.17 }, "geometry": { "type": "Polygon", "coordinates": [ [ [ -8.28621, 40.686012 ], [ -8.284226, 40.686012 ], [ -8.284226, 40.68502 ], [ -8.28621, 40.68502 ], [ -8.28621, 40.686012 ] ] ] } },
{ "type": "Feature", "properties": { "value_per_ha": 3350, "exposure_id": 432, "area_ha": 96.9978, "ael_bau": 9178.55, "ael_primary_full": 8803.09, "ael_primary_partial": 8878.02, "ael_secondary_full": 6191.41, "ael_secondary_partial": 7728.62, "ael_combined_full": 3853.58, "ael_combined_partial": 7503.0 }, "geometry": { "type": "Polygon", "coordinates": [ [ [ -8.269345, 40.693948 ], [ -8.269345, 40.695933 ], [ -8.268353, 40.695933 ], [ -8.268353, 40.696925 ], [ -8.267361, 40.696925 ], [ -8.267361, 40.698909 ], [ -8.265377, 40.698909 ], [ -8.265377, 40.699901 ], [ -8.261409, 40.699901 ], [ -8.261409, 40.700893 ], [ -8.259425, 40.700893 ], [ -8.259425, 40.699901 ], [ -8.25744, 40.699901 ], [ -8.25744, 40.698909 ], [ -8.259425, 40.698909 ], [ -8.259425, 40.695933 ], [ -8.260417, 40.695933 ], [ -8.260417, 40.69494 ], [ -8.261409, 40.69494 ], [ -8.261409, 40.693948 ], [ -8.262401, 40.693948 ], [ -8.262401, 40.69494 ], [ -8.266369, 40.69494 ], [ -8.266369, 40.693948 ], [ -8.265377, 40.693948 ], [ -8.265377, 40.68998 ], [ -8.267361, 40.68998 ], [ -8.267361, 40.688988 ], [ -8.268353, 40.688988 ], [ -8.268353, 40.686012 ], [ -8.269345, 40.686012 ], [ -8.269345, 40.68502 ], [ -8.273313, 40.68502 ], [ -8.273313, 40.686012 ], [ -8.274306, 40.686012 ], [ -8.274306, 40.687004 ], [ -8.275298, 40.687004 ], [ -8.275298, 40.687996 ], [ -8.274306, 40.687996 ], [ -8.274306, 40.688988 ], [ -8.277282, 40.688988 ], [ -8.277282, 40.68998 ], [ -8.273313, 40.68998 ], [ -8.273313, 40.690972 ], [ -8.272321, 40.690972 ], [ -8.272321, 40.692956 ], [ -8.271329, 40.692956 ], [ -8.271329, 40.693948 ], [ -8.269345, 40.693948 ] ], [ [ -8.271329, 40.690972 ], [ -8.269345, 40.690972 ], [ -8.269345, 40.692956 ], [ -8.271329, 40.692956 ], [ -8.271329, 40.690972 ] ] ] } },
{ "type": "Feature", "properties": { "value_per_ha": 3350, "exposure_id": 433, "area_ha": 0.9239, "ael_bau": 82.94, "ael_primary_full": 71.92, "ael_primary_partial": 77.7, "ael_secondary_full": 43.17, "ael_secondary_partial": 55.24, "ael_combined_full": 7.46, "ael_combined_partial": 45.34 }, "geometry": { "type": "Polygon", "coordinates": [ [ [ -8.261409, 40.687004 ], [ -8.260417, 40.687004 ], [ -8.260417, 40.686012 ], [ -8.261409, 40.686012 ], [ -8.261409, 40.687004 ] ] ] } },
{ "type": "Feature", "properties": { "value_per_ha": 3350, "exposure_id": 434, "area_ha": 0.9239, "ael_bau": 47.99, "ael_primary_full": 16.82, "ael_primary_partial": 40.14, "ael_secondary_full": 5.48, "ael_secondary_partial": 27.94, "ael_combined_full": 0.0, "ael_combined_partial": 19.98 }, "geometry": { "type": "Polygon", "coordinates": [ [ [ -8.266369, 40.688988 ], [ -8.265377, 40.688988 ], [ -8.265377, 40.687996 ], [ -8.266369, 40.687996 ], [ -8.266369, 40.688988 ] ] ] } },
{ "type": "Feature", "properties": { "value_per_ha": 3350, "exposure_id": 435, "area_ha": 12.0094, "ael_bau": 1166.27, "ael_primary_full": 1159.12, "ael_primary_partial": 1059.39, "ael_secondary_full": 179.78, "ael_secondary_partial": 552.72, "ael_combined_full": 118.79, "ael_combined_partial": 482.19 }, "geometry": { "type": "Polygon", "coordinates": [ [ [ -8.228671, 40.692956 ], [ -8.228671, 40.690972 ], [ -8.226687, 40.690972 ], [ -8.226687, 40.68998 ], [ -8.229663, 40.68998 ], [ -8.229663, 40.691964 ], [ -8.231647, 40.691964 ], [ -8.231647, 40.690972 ], [ -8.234623, 40.690972 ], [ -8.234623, 40.691964 ], [ -8.232639, 40.691964 ], [ -8.232639, 40.692956 ], [ -8.231647, 40.692956 ], [ -8.231647, 40.693948 ], [ -8.229663, 40.693948 ], [ -8.229663, 40.692956 ], [ -8.228671, 40.692956 ] ] ] } },
{ "type": "Feature", "properties": { "value_per_ha": 3350, "exposure_id": 436, "area_ha": 8.313, "ael_bau": 750.61, "ael_primary_full": 750.61, "ael_primary_partial": 713.62, "ael_secondary_full": 48.97, "ael_secondary_partial": 306.74, "ael_combined_full": 9.95, "ael_combined_partial": 277.4 }, "geometry": { "type": "Polygon", "coordinates": [ [ [ -8.231647, 40.701885 ], [ -8.230655, 40.701885 ], [ -8.230655, 40.702877 ], [ -8.226687, 40.702877 ], [ -8.226687, 40.700893 ], [ -8.231647, 40.700893 ], [ -8.231647, 40.701885 ] ] ] } },
{ "type": "Feature", "properties": { "value_per_ha": 3350, "exposure_id": 437, "area_ha": 0.9237, "ael_bau": 110.27, "ael_primary_full": 96.86, "ael_primary_partial": 94.63, "ael_secondary_full": 74.1, "ael_secondary_partial": 87.73, "ael_combined_full": 32.34, "ael_combined_partial": 72.62 }, "geometry": { "type": "Polygon", "coordinates": [ [ [ -8.255456, 40.702877 ], [ -8.254464, 40.702877 ], [ -8.254464, 40.701885 ], [ -8.255456, 40.701885 ], [ -8.255456, 40.702877 ] ] ] } },
{ "type": "Feature", "properties": { "value_per_ha": 3350, "exposure_id": 438, "area_ha": 148.7663, "ael_bau": 12453.0, "ael_primary_full": 11784.02, "ael_primary_partial": 11902.01, "ael_secondary_full": 11973.04, "ael_secondary_partial": 12181.73, "ael_combined_full": 11528.24, "ael_combined_partial": 11890.91 }, "geometry": { "type": "Polygon", "coordinates": [ [ [ -8.311012, 40.68006 ], [ -8.311012, 40.678075 ], [ -8.309028, 40.678075 ], [ -8.309028, 40.677083 ], [ -8.31002, 40.677083 ], [ -8.31002, 40.674107 ], [ -8.312996, 40.674107 ], [ -8.312996, 40.673115 ], [ -8.313988, 40.673115 ], [ -8.313988, 40.672123 ], [ -8.315972, 40.672123 ], [ -8.315972, 40.671131 ], [ -8.318948, 40.671131 ], [ -8.318948, 40.669147 ], [ -8.320933, 40.669147 ], [ -8.320933, 40.668155 ], [ -8.322917, 40.668155 ], [ -8.322917, 40.669147 ], [ -8.324901, 40.669147 ], [ -8.324901, 40.668155 ], [ -8.326885, 40.668155 ], [ -8.326885, 40.670139 ], [ -8.325893, 40.670139 ], [ -8.325893, 40.671131 ], [ -8.323909, 40.671131 ], [ -8.323909, 40.672123 ], [ -8.321925, 40.672123 ], [ -8.321925, 40.673115 ], [ -8.322917, 40.673115 ], [ -8.322917, 40.678075 ], [ -8.323909, 40.678075 ], [ -8.323909, 40.681052 ], [ -8.322917, 40.681052 ], [ -8.322917, 40.68006 ], [ -8.321925, 40.68006 ], [ -8.321925, 40.679067 ], [ -8.31994, 40.679067 ], [ -8.31994, 40.68006 ], [ -8.320933, 40.68006 ], [ -8.320933, 40.682044 ], [ -8.31994, 40.682044 ], [ -8.31994, 40.683036 ], [ -8.317956, 40.683036 ], [ -8.317956, 40.68502 ], [ -8.316964, 40.68502 ], [ -8.316964, 40.684028 ], [ -8.31002, 40.684028 ], [ -8.31002, 40.683036 ], [ -8.309028, 40.683036 ], [ -8.309028, 40.681052 ], [ -8.31002, 40.681052 ], [ -8.31002, 40.68006 ], [ -8.311012, 40.68006 ] ], [ [ -8.31002, 40.682044 ], [ -8.312004, 40.682044 ], [ -8.312004, 40.681052 ], [ -8.31002, 40.681052 ], [ -8.31002, 40.682044 ] ], [ [ -8.311012, 40.676091 ], [ -8.311012, 40.677083 ], [ -8.312996, 40.677083 ], [ -8.312996, 40.676091 ], [ -8.311012, 40.676091 ] ], [ [ -8.31498, 40.677083 ], [ -8.31498, 40.676091 ], [ -8.313988, 40.676091 ], [ -8.313988, 40.677083 ], [ -8.31498, 40.677083 ] ] ] } },
{ "type": "Feature", "properties": { "value_per_ha": 3350, "exposure_id": 439, "area_ha": 0.9514, "ael_bau": 41.63, "ael_primary_full": 41.63, "ael_primary_partial": 41.63, "ael_secondary_full": 37.7, "ael_secondary_partial": 38.99, "ael_combined_full": 41.63, "ael_combined_partial": 41.63 }, "geometry": { "type": "MultiPolygon", "coordinates": [ [ [ [ -8.323909, 40.740575 ], [ -8.324015, 40.740575 ], [ -8.323955, 40.740787 ], [ -8.323909, 40.740882 ], [ -8.323909, 40.740575 ] ] ], [ [ [ -8.324901, 40.739583 ], [ -8.325034, 40.739583 ], [ -8.324901, 40.739672 ], [ -8.324901, 40.739583 ] ] ], [ [ [ -8.325893, 40.738591 ], [ -8.326885, 40.738591 ], [ -8.326885, 40.739327 ], [ -8.32652, 40.739258 ], [ -8.325893, 40.739271 ], [ -8.325893, 40.738591 ] ] ], [ [ [ -8.328869, 40.739583 ], [ -8.328869, 40.74008 ], [ -8.328231, 40.739836 ], [ -8.327667, 40.739583 ], [ -8.328869, 40.739583 ] ] ] ] } },
{ "type": "Feature", "properties": { "value_per_ha": 3350, "exposure_id": 440, "area_ha": 12.0135, "ael_bau": 739.48, "ael_primary_full": 739.48, "ael_primary_partial": 739.48, "ael_secondary_full": 738.42, "ael_secondary_partial": 739.48, "ael_combined_full": 739.48, "ael_combined_partial": 739.48 }, "geometry": { "type": "Polygon", "coordinates": [ [ [ -8.364583, 40.668155 ], [ -8.366567, 40.668155 ], [ -8.366567, 40.667163 ], [ -8.368552, 40.667163 ], [ -8.368552, 40.671131 ], [ -8.366567, 40.671131 ], [ -8.366567, 40.672123 ], [ -8.365575, 40.672123 ], [ -8.365575, 40.670139 ], [ -8.364583, 40.670139 ], [ -8.364583, 40.668155 ] ], [ [ -8.366567, 40.670139 ], [ -8.366567, 40.669147 ], [ -8.365575, 40.669147 ], [ -8.365575, 40.670139 ], [ -8.366567, 40.670139 ] ] ] } },
{ "type": "Feature", "properties": { "value_per_ha": 3350, "exposure_id": 441, "area_ha": 9.2406, "ael_bau": 1144.98, "ael_primary_full": 791.7, "ael_primary_partial": 999.0, "ael_secondary_full": 1079.32, "ael_secondary_partial": 1118.43, "ael_combined_full": 666.1, "ael_combined_partial": 993.2 }, "geometry": { "type": "Polygon", "coordinates": [ [ [ -8.304067, 40.672123 ], [ -8.30506, 40.672123 ], [ -8.30506, 40.674107 ], [ -8.308036, 40.674107 ], [ -8.308036, 40.675099 ], [ -8.303075, 40.675099 ], [ -8.303075, 40.671131 ], [ -8.304067, 40.671131 ], [ -8.304067, 40.672123 ] ] ] } },
{ "type": "Feature", "properties": { "value_per_ha": 3350, "exposure_id": 442, "area_ha": 8.309, "ael_bau": 425.19, "ael_primary_full": 425.19, "ael_primary_partial": 425.19, "ael_secondary_full": 278.69, "ael_secondary_partial": 334.68, "ael_combined_full": 372.08, "ael_combined_partial": 376.15 }, "geometry": { "type": "Polygon", "coordinates": [ [ [ -8.324901, 40.733631 ], [ -8.323909, 40.733631 ], [ -8.323909, 40.734623 ], [ -8.320933, 40.734623 ], [ -8.320933, 40.735615 ], [ -8.31994, 40.735615 ], [ -8.31994, 40.736607 ], [ -8.318948, 40.736607 ], [ -8.318948, 40.734623 ], [ -8.31994, 40.734623 ], [ -8.31994, 40.733631 ], [ -8.322917, 40.733631 ], [ -8.322917, 40.732639 ], [ -8.324901, 40.732639 ], [ -8.324901, 40.733631 ] ] ] } },
{ "type": "Feature", "properties": { "value_per_ha": 3350, "exposure_id": 443, "area_ha": 3.6928, "ael_bau": 168.43, "ael_primary_full": 168.43, "ael_primary_partial": 168.43, "ael_secondary_full": 124.04, "ael_secondary_partial": 154.99, "ael_combined_full": 149.85, "ael_combined_partial": 164.9 }, "geometry": { "type": "Polygon", "coordinates": [ [ [ -8.329861, 40.735615 ], [ -8.329861, 40.737599 ], [ -8.330853, 40.737599 ], [ -8.330853, 40.738591 ], [ -8.328869, 40.738591 ], [ -8.328869, 40.735615 ], [ -8.329861, 40.735615 ] ] ] } },
{ "type": "Feature", "properties": { "value_per_ha": 3350, "exposure_id": 444, "area_ha": 19.4066, "ael_bau": 1545.38, "ael_primary_full": 1545.38, "ael_primary_partial": 1545.38, "ael_secondary_full": 1540.44, "ael_secondary_partial": 1545.23, "ael_combined_full": 1545.38, "ael_combined_partial": 1545.38 }, "geometry": { "type": "Polygon", "coordinates": [ [ [ -8.353671, 40.667163 ], [ -8.355655, 40.667163 ], [ -8.355655, 40.668155 ], [ -8.356647, 40.668155 ], [ -8.356647, 40.667163 ], [ -8.358631, 40.667163 ], [ -8.358631, 40.669147 ], [ -8.359623, 40.669147 ], [ -8.359623, 40.670139 ], [ -8.358631, 40.670139 ], [ -8.358631, 40.671131 ], [ -8.353671, 40.671131 ], [ -8.353671, 40.669147 ], [ -8.352679, 40.669147 ], [ -8.352679, 40.668155 ], [ -8.353671, 40.668155 ], [ -8.353671, 40.667163 ] ] ] } },
{ "type": "Feature", "properties": { "value_per_ha": 3350, "exposure_id": 445, "area_ha": 6.4671, "ael_bau": 453.8, "ael_primary_full": 453.8, "ael_primary_partial": 453.8, "ael_secondary_full": 429.15, "ael_secondary_partial": 437.36, "ael_combined_full": 453.8, "ael_combined_partial": 453.8 }, "geometry": { "type": "Polygon", "coordinates": [ [ [ -8.323909, 40.686012 ], [ -8.323909, 40.687996 ], [ -8.320933, 40.687996 ], [ -8.320933, 40.68502 ], [ -8.321925, 40.68502 ], [ -8.321925, 40.686012 ], [ -8.323909, 40.686012 ] ] ] } },
{ "type": "Feature", "properties": { "value_per_ha": 3350, "exposure_id": 446, "area_ha": 4.6204, "ael_bau": 525.93, "ael_primary_full": 525.93, "ael_primary_partial": 525.93, "ael_secondary_full": 525.47, "ael_secondary_partial": 525.93, "ael_combined_full": 525.93, "ael_combined_partial": 525.93 }, "geometry": { "type": "Polygon", "coordinates": [ [ [ -8.369544, 40.672123 ], [ -8.371528, 40.672123 ], [ -8.371528, 40.673115 ], [ -8.370536, 40.673115 ], [ -8.370536, 40.674107 ], [ -8.369544, 40.674107 ], [ -8.369544, 40.673115 ], [ -8.368552, 40.673115 ], [ -8.368552, 40.671131 ], [ -8.369544, 40.671131 ], [ -8.369544, 40.672123 ] ] ] } },
{ "type": "Feature", "properties": { "value_per_ha": 3350, "exposure_id": 447, "area_ha": 5.5447, "ael_bau": 592.35, "ael_primary_full": 462.84, "ael_primary_partial": 531.35, "ael_secondary_full": 571.88, "ael_secondary_partial": 583.26, "ael_combined_full": 416.7, "ael_combined_partial": 527.15 }, "geometry": { "type": "Polygon", "coordinates": [ [ [ -8.30506, 40.669147 ], [ -8.304067, 40.669147 ], [ -8.304067, 40.670139 ], [ -8.303075, 40.670139 ], [ -8.303075, 40.671131 ], [ -8.302083, 40.671131 ], [ -8.302083, 40.668155 ], [ -8.30506, 40.668155 ], [ -8.30506, 40.669147 ] ] ] } },
{ "type": "Feature", "properties": { "value_per_ha": 3350, "exposure_id": 448, "area_ha": 2.6183, "ael_bau": 82.62, "ael_primary_full": 82.62, "ael_primary_partial": 82.62, "ael_secondary_full": 43.82, "ael_secondary_partial": 77.33, "ael_combined_full": 64.68, "ael_combined_partial": 82.62 }, "geometry": { "type": "Polygon", "coordinates": [ [ [ -8.332447, 40.732639 ], [ -8.332704, 40.733095 ], [ -8.332897, 40.733367 ], [ -8.333197, 40.733939 ], [ -8.333351, 40.734268 ], [ -8.333364, 40.734373 ], [ -8.333316, 40.734943 ], [ -8.333321, 40.735177 ], [ -8.333422, 40.735615 ], [ -8.332837, 40.735615 ], [ -8.332837, 40.734623 ], [ -8.331845, 40.734623 ], [ -8.331845, 40.732639 ], [ -8.332447, 40.732639 ] ] ] } },
{ "type": "Feature", "properties": { "value_per_ha": 3350, "exposure_id": 449, "area_ha": 7.3928, "ael_bau": 382.93, "ael_primary_full": 340.62, "ael_primary_partial": 368.47, "ael_secondary_full": 381.71, "ael_secondary_partial": 382.93, "ael_combined_full": 283.78, "ael_combined_partial": 369.08 }, "geometry": { "type": "Polygon", "coordinates": [ [ [ -8.335813, 40.670139 ], [ -8.335813, 40.669147 ], [ -8.337798, 40.669147 ], [ -8.337798, 40.671131 ], [ -8.33879, 40.671131 ], [ -8.33879, 40.672123 ], [ -8.335813, 40.672123 ], [ -8.335813, 40.671131 ], [ -8.334821, 40.671131 ], [ -8.334821, 40.670139 ], [ -8.335813, 40.670139 ] ] ] } },
{ "type": "Feature", "properties": { "value_per_ha": 3350, "exposure_id": 450, "area_ha": 8.3094, "ael_bau": 360.37, "ael_primary_full": 360.37, "ael_primary_partial": 360.37, "ael_secondary_full": 137.25, "ael_secondary_partial": 269.7, "ael_combined_full": 159.27, "ael_combined_partial": 302.76 }, "geometry": { "type": "Polygon", "coordinates": [ [ [ -8.31994, 40.729663 ], [ -8.31994, 40.730655 ], [ -8.321925, 40.730655 ], [ -8.321925, 40.731647 ], [ -8.318948, 40.731647 ], [ -8.318948, 40.732639 ], [ -8.316964, 40.732639 ], [ -8.316964, 40.730655 ], [ -8.317956, 40.730655 ], [ -8.317956, 40.729663 ], [ -8.31994, 40.729663 ] ] ] } },
{ "type": "Feature", "properties": { "value_per_ha": 3350, "exposure_id": 451, "area_ha": 0.068, "ael_bau": 0.0, "ael_primary_full": 0.0, "ael_primary_partial": 0.0, "ael_secondary_full": 0.0, "ael_secondary_partial": 0.0, "ael_combined_full": 0.0, "ael_combined_partial": 0.0 }, "geometry": { "type": "Polygon", "coordinates": [ [ [ -8.321925, 40.706845 ], [ -8.321925, 40.706411 ], [ -8.322258, 40.706845 ], [ -8.321925, 40.706845 ] ] ] } },
{ "type": "Feature", "properties": { "value_per_ha": 3350, "exposure_id": 452, "area_ha": 2.7722, "ael_bau": 94.7, "ael_primary_full": 94.7, "ael_primary_partial": 94.7, "ael_secondary_full": 93.76, "ael_secondary_partial": 94.7, "ael_combined_full": 94.7, "ael_combined_partial": 94.7 }, "geometry": { "type": "Polygon", "coordinates": [ [ [ -8.360615, 40.673115 ], [ -8.359623, 40.673115 ], [ -8.359623, 40.672123 ], [ -8.358631, 40.672123 ], [ -8.358631, 40.671131 ], [ -8.360615, 40.671131 ], [ -8.360615, 40.673115 ] ] ] } },
{ "type": "Feature", "properties": { "value_per_ha": 3350, "exposure_id": 453, "area_ha": 3.6964, "ael_bau": 329.86, "ael_primary_full": 329.86, "ael_primary_partial": 329.86, "ael_secondary_full": 328.63, "ael_secondary_partial": 329.86, "ael_combined_full": 329.86, "ael_combined_partial": 329.86 }, "geometry": { "type": "Polygon", "coordinates": [ [ [ -8.362599, 40.669147 ], [ -8.362599, 40.671131 ], [ -8.360615, 40.671131 ], [ -8.360615, 40.669147 ], [ -8.362599, 40.669147 ] ] ] } },
{ "type": "Feature", "properties": { "value_per_ha": 3350, "exposure_id": 454, "area_ha": 0.9242, "ael_bau": 84.85, "ael_primary_full": 84.85, "ael_primary_partial": 84.85, "ael_secondary_full": 84.09, "ael_secondary_partial": 84.85, "ael_combined_full": 84.85, "ael_combined_partial": 84.85 }, "geometry": { "type": "Polygon", "coordinates": [ [ [ -8.355655, 40.666171 ], [ -8.356647, 40.666171 ], [ -8.356647, 40.667163 ], [ -8.355655, 40.667163 ], [ -8.355655, 40.666171 ] ] ] } },
{ "type": "Feature", "properties": { "value_per_ha": 3350, "exposure_id": 455, "area_ha": 0.9242, "ael_bau": 81.35, "ael_primary_full": 81.35, "ael_primary_partial": 81.35, "ael_secondary_full": 81.35, "ael_secondary_partial": 81.35, "ael_combined_full": 81.35, "ael_combined_partial": 81.35 }, "geometry": { "type": "Polygon", "coordinates": [ [ [ -8.369544, 40.666171 ], [ -8.369544, 40.667163 ], [ -8.368552, 40.667163 ], [ -8.368552, 40.666171 ], [ -8.369544, 40.666171 ] ] ] } },
{ "type": "Feature", "properties": { "value_per_ha": 3350, "exposure_id": 456, "area_ha": 0.6181, "ael_bau": 0.0, "ael_primary_full": 0.0, "ael_primary_partial": 0.0, "ael_secondary_full": 0.0, "ael_secondary_partial": 0.0, "ael_combined_full": 0.0, "ael_combined_partial": 0.0 }, "geometry": { "type": "Polygon", "coordinates": [ [ [ -8.37252, 40.667163 ], [ -8.371528, 40.667163 ], [ -8.371528, 40.666171 ], [ -8.371728, 40.666171 ], [ -8.372192, 40.666677 ], [ -8.37252, 40.666938 ], [ -8.37252, 40.667163 ] ] ] } },
{ "type": "Feature", "properties": { "value_per_ha": 3350, "exposure_id": 457, "area_ha": 0.9241, "ael_bau": 98.51, "ael_primary_full": 98.51, "ael_primary_partial": 98.51, "ael_secondary_full": 98.51, "ael_secondary_partial": 98.51, "ael_combined_full": 98.51, "ael_combined_partial": 98.51 }, "geometry": { "type": "Polygon", "coordinates": [ [ [ -8.351687, 40.667163 ], [ -8.352679, 40.667163 ], [ -8.352679, 40.668155 ], [ -8.351687, 40.668155 ], [ -8.351687, 40.667163 ] ] ] } },
{ "type": "Feature", "properties": { "value_per_ha": 3350, "exposure_id": 458, "area_ha": 0.9233, "ael_bau": 45.44, "ael_primary_full": 45.44, "ael_primary_partial": 45.44, "ael_secondary_full": 36.41, "ael_secondary_partial": 37.04, "ael_combined_full": 45.44, "ael_combined_partial": 40.73 }, "geometry": { "type": "Polygon", "coordinates": [ [ [ -8.323909, 40.731647 ], [ -8.322917, 40.731647 ], [ -8.322917, 40.730655 ], [ -8.323909, 40.730655 ], [ -8.323909, 40.731647 ] ] ] } },
{ "type": "Feature", "properties": { "value_per_ha": 3350, "exposure_id": 459, "area_ha": 0.9233, "ael_bau": 46.4, "ael_primary_full": 46.4, "ael_primary_partial": 46.4, "ael_secondary_full": 21.91, "ael_secondary_partial": 34.12, "ael_combined_full": 32.34, "ael_combined_partial": 37.65 }, "geometry": { "type": "Polygon", "coordinates": [ [ [ -8.324901, 40.730655 ], [ -8.325893, 40.730655 ], [ -8.325893, 40.731647 ], [ -8.324901, 40.731647 ], [ -8.324901, 40.730655 ] ] ] } },
{ "type": "Feature", "properties": { "value_per_ha": 3350, "exposure_id": 460, "area_ha": 0.9233, "ael_bau": 31.78, "ael_primary_full": 31.78, "ael_primary_partial": 31.78, "ael_secondary_full": 21.91, "ael_secondary_partial": 22.75, "ael_combined_full": 31.78, "ael_combined_partial": 26.13 }, "geometry": { "type": "Polygon", "coordinates": [ [ [ -8.330853, 40.731647 ], [ -8.329861, 40.731647 ], [ -8.329861, 40.730655 ], [ -8.330853, 40.730655 ], [ -8.330853, 40.731647 ] ] ] } },
{ "type": "Feature", "properties": { "value_per_ha": 3350, "exposure_id": 461, "area_ha": 0.9241, "ael_bau": 84.85, "ael_primary_full": 84.85, "ael_primary_partial": 84.85, "ael_secondary_full": 84.85, "ael_secondary_partial": 84.85, "ael_combined_full": 84.85, "ael_combined_partial": 84.85 }, "geometry": { "type": "Polygon", "coordinates": [ [ [ -8.37252, 40.669147 ], [ -8.371528, 40.669147 ], [ -8.371528, 40.668155 ], [ -8.37252, 40.668155 ], [ -8.37252, 40.669147 ] ] ] } },
{ "type": "Feature", "properties": { "value_per_ha": 3350, "exposure_id": 462, "area_ha": 0.9232, "ael_bau": 40.68, "ael_primary_full": 40.68, "ael_primary_partial": 40.68, "ael_secondary_full": 21.91, "ael_secondary_partial": 39.64, "ael_combined_full": 32.34, "ael_combined_partial": 40.68 }, "geometry": { "type": "Polygon", "coordinates": [ [ [ -8.330853, 40.735615 ], [ -8.330853, 40.734623 ], [ -8.331845, 40.734623 ], [ -8.331845, 40.735615 ], [ -8.330853, 40.735615 ] ] ] } },
{ "type": "Feature", "properties": { "value_per_ha": 3350, "exposure_id": 463, "area_ha": 0.9238, "ael_bau": 78.49, "ael_primary_full": 78.49, "ael_primary_partial": 78.49, "ael_secondary_full": 76.68, "ael_secondary_partial": 77.98, "ael_combined_full": 78.49, "ael_combined_partial": 78.49 }, "geometry": { "type": "Polygon", "coordinates": [ [ [ -8.327877, 40.68998 ], [ -8.327877, 40.688988 ], [ -8.328869, 40.688988 ], [ -8.328869, 40.68998 ], [ -8.327877, 40.68998 ] ] ] } },
{ "type": "Feature", "properties": { "value_per_ha": 3350, "exposure_id": 464, "area_ha": 0.9241, "ael_bau": 88.34, "ael_primary_full": 88.34, "ael_primary_partial": 88.34, "ael_secondary_full": 88.28, "ael_secondary_partial": 88.34, "ael_combined_full": 88.34, "ael_combined_partial": 88.34 }, "geometry": { "type": "Polygon", "coordinates": [ [ [ -8.328869, 40.670139 ], [ -8.327877, 40.670139 ], [ -8.327877, 40.669147 ], [ -8.328869, 40.669147 ], [ -8.328869, 40.670139 ] ] ] } },
{ "type": "Feature", "properties": { "value_per_ha": 3350, "exposure_id": 465, "area_ha": 1.8482, "ael_bau": 170.97, "ael_primary_full": 170.97, "ael_primary_partial": 170.97, "ael_secondary_full": 170.97, "ael_secondary_partial": 170.97, "ael_combined_full": 170.97, "ael_combined_partial": 170.97 }, "geometry": { "type": "Polygon", "coordinates": [ [ [ -8.339782, 40.668155 ], [ -8.339782, 40.669147 ], [ -8.337798, 40.669147 ], [ -8.337798, 40.668155 ], [ -8.339782, 40.668155 ] ] ] } },
{ "type": "Feature", "properties": { "value_per_ha": 3350, "exposure_id": 466, "area_ha": 1.8481, "ael_bau": 195.44, "ael_primary_full": 195.44, "ael_primary_partial": 195.44, "ael_secondary_full": 194.92, "ael_secondary_partial": 195.44, "ael_combined_full": 195.44, "ael_combined_partial": 195.44 }, "geometry": { "type": "Polygon", "coordinates": [ [ [ -8.362599, 40.675099 ], [ -8.360615, 40.675099 ], [ -8.360615, 40.674107 ], [ -8.362599, 40.674107 ], [ -8.362599, 40.675099 ] ] ] } },
{ "type": "Feature", "properties": { "value_per_ha": 3350, "exposure_id": 467, "area_ha": 2.7698, "ael_bau": 75.95, "ael_primary_full": 75.95, "ael_primary_partial": 75.95, "ael_secondary_full": 43.82, "ael_secondary_partial": 49.72, "ael_combined_full": 64.12, "ael_combined_partial": 56.48 }, "geometry": { "type": "Polygon", "coordinates": [ [ [ -8.328869, 40.732639 ], [ -8.325893, 40.732639 ], [ -8.325893, 40.731647 ], [ -8.328869, 40.731647 ], [ -8.328869, 40.732639 ] ] ] } },
{ "type": "Feature", "properties": { "value_per_ha": 3350, "exposure_id": 468, "area_ha": 0.9231, "ael_bau": 70.55, "ael_primary_full": 70.55, "ael_primary_partial": 70.55, "ael_secondary_full": 13.53, "ael_secondary_partial": 18.2, "ael_combined_full": 12.44, "ael_combined_partial": 18.44 }, "geometry": { "type": "Polygon", "coordinates": [ [ [ -8.302083, 40.743552 ], [ -8.301091, 40.743552 ], [ -8.301091, 40.74256 ], [ -8.302083, 40.74256 ], [ -8.302083, 40.743552 ] ] ] } },
{ "type": "Feature", "properties": { "value_per_ha": 3350, "exposure_id": 469, "area_ha": 3.6923, "ael_bau": 95.65, "ael_primary_full": 95.65, "ael_primary_partial": 95.65, "ael_secondary_full": 20.3, "ael_secondary_partial": 27.62, "ael_combined_full": 18.66, "ael_combined_partial": 27.66 }, "geometry": { "type": "Polygon", "coordinates": [ [ [ -8.299107, 40.745536 ], [ -8.295139, 40.745536 ], [ -8.295139, 40.744544 ], [ -8.299107, 40.744544 ], [ -8.299107, 40.745536 ] ] ] } },
{ "type": "Feature", "properties": { "value_per_ha": 3350, "exposure_id": 470, "area_ha": 15.6939, "ael_bau": 732.49, "ael_primary_full": 732.49, "ael_primary_partial": 732.49, "ael_secondary_full": 103.1, "ael_secondary_partial": 252.15, "ael_combined_full": 96.4, "ael_combined_partial": 250.51 }, "geometry": { "type": "Polygon", "coordinates": [ [ [ -8.296131, 40.737599 ], [ -8.298115, 40.737599 ], [ -8.298115, 40.739583 ], [ -8.295139, 40.739583 ], [ -8.295139, 40.740575 ], [ -8.293155, 40.740575 ], [ -8.293155, 40.738591 ], [ -8.292163, 40.738591 ], [ -8.292163, 40.736607 ], [ -8.296131, 40.736607 ], [ -8.296131, 40.737599 ] ] ] } },
{ "type": "Feature", "properties": { "value_per_ha": 3350, "exposure_id": 471, "area_ha": 1.8462, "ael_bau": 166.84, "ael_primary_full": 166.84, "ael_primary_partial": 166.84, "ael_secondary_full": 29.0, "ael_secondary_partial": 66.94, "ael_combined_full": 28.61, "ael_combined_partial": 64.93 }, "geometry": { "type": "Polygon", "coordinates": [ [ [ -8.294147, 40.743552 ], [ -8.292163, 40.743552 ], [ -8.292163, 40.74256 ], [ -8.294147, 40.74256 ], [ -8.294147, 40.743552 ] ] ] } },
{ "type": "Feature", "properties": { "value_per_ha": 3350, "exposure_id": 472, "area_ha": 0.9233, "ael_bau": 40.68, "ael_primary_full": 40.68, "ael_primary_partial": 40.68, "ael_secondary_full": 6.77, "ael_secondary_partial": 17.87, "ael_combined_full": 6.22, "ael_combined_partial": 16.91 }, "geometry": { "type": "Polygon", "coordinates": [ [ [ -8.299107, 40.729663 ], [ -8.299107, 40.728671 ], [ -8.300099, 40.728671 ], [ -8.300099, 40.729663 ], [ -8.299107, 40.729663 ] ] ] } },
{ "type": "Feature", "properties": { "value_per_ha": 3350, "exposure_id": 473, "area_ha": 0.9233, "ael_bau": 48.62, "ael_primary_full": 48.62, "ael_primary_partial": 48.62, "ael_secondary_full": 6.77, "ael_secondary_partial": 37.69, "ael_combined_full": 6.22, "ael_combined_partial": 39.96 }, "geometry": { "type": "Polygon", "coordinates": [ [ [ -8.301091, 40.727679 ], [ -8.301091, 40.728671 ], [ -8.300099, 40.728671 ], [ -8.300099, 40.727679 ], [ -8.301091, 40.727679 ] ] ] } },
{ "type": "Feature", "properties": { "value_per_ha": 3350, "exposure_id": 474, "area_ha": 3.6933, "ael_bau": 160.16, "ael_primary_full": 160.16, "ael_primary_partial": 160.16, "ael_secondary_full": 27.06, "ael_secondary_partial": 46.14, "ael_combined_full": 24.88, "ael_combined_partial": 47.64 }, "geometry": { "type": "Polygon", "coordinates": [ [ [ -8.31002, 40.727679 ], [ -8.308036, 40.727679 ], [ -8.308036, 40.728671 ], [ -8.307044, 40.728671 ], [ -8.307044, 40.726687 ], [ -8.31002, 40.726687 ], [ -8.31002, 40.727679 ] ] ] } },
{ "type": "Feature", "properties": { "value_per_ha": 3350, "exposure_id": 475, "area_ha": 1.8468, "ael_bau": 0.0, "ael_primary_full": 0.0, "ael_primary_partial": 0.0, "ael_secondary_full": 0.0, "ael_secondary_partial": 0.0, "ael_combined_full": 0.0, "ael_combined_partial": 0.0 }, "geometry": { "type": "Polygon", "coordinates": [ [ [ -8.30506, 40.721726 ], [ -8.304067, 40.721726 ], [ -8.304067, 40.719742 ], [ -8.30506, 40.719742 ], [ -8.30506, 40.721726 ] ] ] } },
{ "type": "Feature", "properties": { "value_per_ha": 3350, "exposure_id": 476, "area_ha": 2.7702, "ael_bau": 232.3, "ael_primary_full": 232.3, "ael_primary_partial": 232.3, "ael_secondary_full": 72.81, "ael_secondary_partial": 184.56, "ael_combined_full": 89.34, "ael_combined_partial": 199.41 }, "geometry": { "type": "Polygon", "coordinates": [ [ [ -8.289187, 40.721726 ], [ -8.287202, 40.721726 ], [ -8.287202, 40.720734 ], [ -8.288194, 40.720734 ], [ -8.288194, 40.719742 ], [ -8.289187, 40.719742 ], [ -8.289187, 40.721726 ] ] ] } },
{ "type": "Feature", "properties": { "value_per_ha": 3350, "exposure_id": 477, "area_ha": 2.7703, "ael_bau": 156.67, "ael_primary_full": 156.67, "ael_primary_partial": 156.67, "ael_secondary_full": 13.53, "ael_secondary_partial": 117.63, "ael_combined_full": 12.44, "ael_combined_partial": 124.1 }, "geometry": { "type": "Polygon", "coordinates": [ [ [ -8.283234, 40.720734 ], [ -8.283234, 40.719742 ], [ -8.28621, 40.719742 ], [ -8.28621, 40.720734 ], [ -8.283234, 40.720734 ] ] ] } },
{ "type": "Feature", "properties": { "value_per_ha": 3350, "exposure_id": 478, "area_ha": 1.8469, "ael_bau": 163.02, "ael_primary_full": 163.02, "ael_primary_partial": 163.02, "ael_secondary_full": 13.53, "ael_secondary_partial": 126.4, "ael_combined_full": 12.44, "ael_combined_partial": 130.25 }, "geometry": { "type": "Polygon", "coordinates": [ [ [ -8.28621, 40.719742 ], [ -8.28621, 40.71875 ], [ -8.288194, 40.71875 ], [ -8.288194, 40.719742 ], [ -8.28621, 40.719742 ] ] ] } },
{ "type": "Feature", "properties": { "value_per_ha": 3350, "exposure_id": 479, "area_ha": 0.9234, "ael_bau": 81.99, "ael_primary_full": 81.99, "ael_primary_partial": 81.99, "ael_secondary_full": 6.77, "ael_secondary_partial": 60.11, "ael_combined_full": 6.22, "ael_combined_partial": 63.01 }, "geometry": { "type": "Polygon", "coordinates": [ [ [ -8.289187, 40.71875 ], [ -8.288194, 40.71875 ], [ -8.288194, 40.717758 ], [ -8.289187, 40.717758 ], [ -8.289187, 40.71875 ] ] ] } },
{ "type": "Feature", "properties": { "value_per_ha": 3350, "exposure_id": 480, "area_ha": 10.1582, "ael_bau": 815.12, "ael_primary_full": 815.12, "ael_primary_partial": 815.12, "ael_secondary_full": 160.45, "ael_secondary_partial": 618.35, "ael_combined_full": 148.65, "ael_combined_partial": 639.34 }, "geometry": { "type": "Polygon", "coordinates": [ [ [ -8.283234, 40.715774 ], [ -8.287202, 40.715774 ], [ -8.287202, 40.714782 ], [ -8.288194, 40.714782 ], [ -8.288194, 40.717758 ], [ -8.283234, 40.717758 ], [ -8.283234, 40.715774 ] ] ] } },
{ "type": "Feature", "properties": { "value_per_ha": 3350, "exposure_id": 481, "area_ha": 0.9236, "ael_bau": 107.73, "ael_primary_full": 107.73, "ael_primary_partial": 107.73, "ael_secondary_full": 93.43, "ael_secondary_partial": 98.78, "ael_combined_full": 107.73, "ael_combined_partial": 107.73 }, "geometry": { "type": "Polygon", "coordinates": [ [ [ -8.307044, 40.704861 ], [ -8.306052, 40.704861 ], [ -8.306052, 40.703869 ], [ -8.307044, 40.703869 ], [ -8.307044, 40.704861 ] ] ] } },
{ "type": "Feature", "properties": { "value_per_ha": 3350, "exposure_id": 482, "area_ha": 541.4102, "ael_bau": 47427.33, "ael_primary_full": 46601.71, "ael_primary_partial": 47066.71, "ael_secondary_full": 36795.36, "ael_secondary_partial": 42099.75, "ael_combined_full": 40927.12, "ael_combined_partial": 44139.91 }, "geometry": { "type": "Polygon", "coordinates": [ [ [ -8.28125, 40.734623 ], [ -8.28125, 40.732639 ], [ -8.282242, 40.732639 ], [ -8.282242, 40.726687 ], [ -8.28125, 40.726687 ], [ -8.28125, 40.725694 ], [ -8.28621, 40.725694 ], [ -8.28621, 40.724702 ], [ -8.289187, 40.724702 ], [ -8.289187, 40.72371 ], [ -8.292163, 40.72371 ], [ -8.292163, 40.720734 ], [ -8.293155, 40.720734 ], [ -8.293155, 40.715774 ], [ -8.297123, 40.715774 ], [ -8.297123, 40.714782 ], [ -8.298115, 40.714782 ], [ -8.298115, 40.712798 ], [ -8.300099, 40.712798 ], [ -8.300099, 40.710813 ], [ -8.297123, 40.710813 ], [ -8.297123, 40.712798 ], [ -8.295139, 40.712798 ], [ -8.295139, 40.711806 ], [ -8.294147, 40.711806 ], [ -8.294147, 40.710813 ], [ -8.293155, 40.710813 ], [ -8.293155, 40.711806 ], [ -8.291171, 40.711806 ], [ -8.291171, 40.709821 ], [ -8.290179, 40.709821 ], [ -8.290179, 40.707837 ], [ -8.287202, 40.707837 ], [ -8.287202, 40.706845 ], [ -8.285218, 40.706845 ], [ -8.285218, 40.705853 ], [ -8.282242, 40.705853 ], [ -8.282242, 40.706845 ], [ -8.280258, 40.706845 ], [ -8.280258, 40.704861 ], [ -8.28125, 40.704861 ], [ -8.28125, 40.702877 ], [ -8.284226, 40.702877 ], [ -8.284226, 40.703869 ], [ -8.285218, 40.703869 ], [ -8.285218, 40.704861 ], [ -8.290179, 40.704861 ], [ -8.290179, 40.705853 ], [ -8.294147, 40.705853 ], [ -8.294147, 40.704861 ], [ -8.297123, 40.704861 ], [ -8.297123, 40.705853 ], [ -8.298115, 40.705853 ], [ -8.298115, 40.706845 ], [ -8.299107, 40.706845 ], [ -8.299107, 40.708829 ], [ -8.307044, 40.708829 ], [ -8.307044, 40.709821 ], [ -8.309028, 40.709821 ], [ -8.309028, 40.710813 ], [ -8.311012, 40.710813 ], [ -8.311012, 40.709821 ], [ -8.312004, 40.709821 ], [ -8.312004, 40.708829 ], [ -8.316964, 40.708829 ], [ -8.316964, 40.709821 ], [ -8.318948, 40.709821 ], [ -8.318948, 40.708829 ], [ -8.320933, 40.708829 ], [ -8.320933, 40.707837 ], [ -8.321925, 40.707837 ], [ -8.321925, 40.709821 ], [ -8.322917, 40.709821 ], [ -8.322917, 40.711806 ], [ -8.324901, 40.711806 ], [ -8.324901, 40.709821 ], [ -8.325101, 40.709821 ], [ -8.325818, 40.710565 ], [ -8.326331, 40.711193 ], [ -8.325794, 40.712208 ], [ -8.324731, 40.714488 ], [ -8.324439, 40.715057 ], [ -8.323848, 40.716866 ], [ -8.323551, 40.719464 ], [ -8.323713, 40.719927 ], [ -8.32401, 40.720505 ], [ -8.324164, 40.721288 ], [ -8.324683, 40.722016 ], [ -8.325537, 40.72307 ], [ -8.326148, 40.723985 ], [ -8.32649, 40.724665 ], [ -8.326822, 40.725403 ], [ -8.327114, 40.726266 ], [ -8.32733, 40.726791 ], [ -8.327509, 40.726985 ], [ -8.328121, 40.727552 ], [ -8.328304, 40.727679 ], [ -8.321925, 40.727679 ], [ -8.321925, 40.726687 ], [ -8.322917, 40.726687 ], [ -8.322917, 40.724702 ], [ -8.321925, 40.724702 ], [ -8.321925, 40.72371 ], [ -8.31994, 40.72371 ], [ -8.31994, 40.722718 ], [ -8.318948, 40.722718 ], [ -8.318948, 40.719742 ], [ -8.316964, 40.719742 ], [ -8.316964, 40.71875 ], [ -8.318948, 40.71875 ], [ -8.318948, 40.717758 ], [ -8.315972, 40.717758 ], [ -8.315972, 40.71875 ], [ -8.312004, 40.71875 ], [ -8.312004, 40.719742 ], [ -8.312996, 40.719742 ], [ -8.312996, 40.720734 ], [ -8.312004, 40.720734 ], [ -8.312004, 40.721726 ], [ -8.31002, 40.721726 ], [ -8.31002, 40.722718 ], [ -8.308036, 40.722718 ], [ -8.308036, 40.721726 ], [ -8.307044, 40.721726 ], [ -8.307044, 40.719742 ], [ -8.308036, 40.719742 ], [ -8.308036, 40.71875 ], [ -8.307044, 40.71875 ], [ -8.307044, 40.717758 ], [ -8.30506, 40.717758 ], [ -8.30506, 40.716766 ], [ -8.303075, 40.716766 ], [ -8.303075, 40.71875 ], [ -8.304067, 40.71875 ], [ -8.304067, 40.719742 ], [ -8.303075, 40.719742 ], [ -8.303075, 40.720734 ], [ -8.301091, 40.720734 ], [ -8.301091, 40.719742 ], [ -8.299107, 40.719742 ], [ -8.299107, 40.71875 ], [ -8.295139, 40.71875 ], [ -8.295139, 40.720734 ], [ -8.297123, 40.720734 ], [ -8.297123, 40.721726 ], [ -8.295139, 40.721726 ], [ -8.295139, 40.722718 ], [ -8.299107, 40.722718 ], [ -8.299107, 40.721726 ], [ -8.300099, 40.721726 ], [ -8.300099, 40.722718 ], [ -8.302083, 40.722718 ], [ -8.302083, 40.72371 ], [ -8.301091, 40.72371 ], [ -8.301091, 40.726687 ], [ -8.298115, 40.726687 ], [ -8.298115, 40.727679 ], [ -8.294147, 40.727679 ], [ -8.294147, 40.726687 ], [ -8.292163, 40.726687 ], [ -8.292163, 40.728671 ], [ -8.295139, 40.728671 ], [ -8.295139, 40.731647 ], [ -8.296131, 40.731647 ], [ -8.296131, 40.732639 ], [ -8.294147, 40.732639 ], [ -8.294147, 40.731647 ], [ -8.292163, 40.731647 ], [ -8.292163, 40.732639 ], [ -8.293155, 40.732639 ], [ -8.293155, 40.733631 ], [ -8.294147, 40.733631 ], [ -8.294147, 40.734623 ], [ -8.293155, 40.734623 ], [ -8.293155, 40.735615 ], [ -8.292163, 40.735615 ], [ -8.292163, 40.736607 ], [ -8.288194, 40.736607 ], [ -8.288194, 40.737599 ], [ -8.284226, 40.737599 ], [ -8.284226, 40.736607 ], [ -8.282242, 40.736607 ], [ -8.282242, 40.734623 ], [ -8.28125, 40.734623 ] ], [ [ -8.303075, 40.715774 ], [ -8.301091, 40.715774 ], [ -8.301091, 40.716766 ], [ -8.303075, 40.716766 ], [ -8.303075, 40.715774 ] ], [ [ -8.28621, 40.728671 ], [ -8.28621, 40.729663 ], [ -8.288194, 40.729663 ], [ -8.288194, 40.728671 ], [ -8.28621, 40.728671 ] ], [ [ -8.298115, 40.724702 ], [ -8.298115, 40.725694 ], [ -8.299107, 40.725694 ], [ -8.299107, 40.724702 ], [ -8.298115, 40.724702 ] ], [ [ -8.311012, 40.717758 ], [ -8.311012, 40.716766 ], [ -8.31002, 40.716766 ], [ -8.31002, 40.717758 ], [ -8.311012, 40.717758 ] ], [ [ -8.325893, 40.726687 ], [ -8.325893, 40.725694 ], [ -8.324901, 40.725694 ], [ -8.324901, 40.726687 ], [ -8.325893, 40.726687 ] ], [ [ -8.318948, 40.712798 ], [ -8.318948, 40.714782 ], [ -8.321925, 40.714782 ], [ -8.321925, 40.712798 ], [ -8.318948, 40.712798 ] ], [ [ -8.301091, 40.709821 ], [ -8.301091, 40.710813 ], [ -8.303075, 40.710813 ], [ -8.303075, 40.709821 ], [ -8.301091, 40.709821 ] ] ] } },
{ "type": "Feature", "properties": { "value_per_ha": 3350, "exposure_id": 483, "area_ha": 20.3182, "ael_bau": 2414.84, "ael_primary_full": 1868.76, "ael_primary_partial": 2003.15, "ael_secondary_full": 1560.02, "ael_secondary_partial": 2055.55, "ael_combined_full": 512.48, "ael_combined_partial": 1558.0 }, "geometry": { "type": "Polygon", "coordinates": [ [ [ -8.250496, 40.708829 ], [ -8.250496, 40.707837 ], [ -8.254464, 40.707837 ], [ -8.254464, 40.710813 ], [ -8.255456, 40.710813 ], [ -8.255456, 40.711806 ], [ -8.251488, 40.711806 ], [ -8.251488, 40.712798 ], [ -8.249504, 40.712798 ], [ -8.249504, 40.708829 ], [ -8.250496, 40.708829 ] ] ] } },
{ "type": "Feature", "properties": { "value_per_ha": 3350, "exposure_id": 484, "area_ha": 755.7363, "ael_bau": 79423.08, "ael_primary_full": 75952.23, "ael_primary_partial": 76376.11, "ael_secondary_full": 41338.8, "ael_secondary_partial": 61794.15, "ael_combined_full": 34163.5, "ael_combined_partial": 54999.19 }, "geometry": { "type": "MultiPolygon", "coordinates": [ [ [ [ -8.225694, 40.737599 ], [ -8.225694, 40.735615 ], [ -8.226687, 40.735615 ], [ -8.226687, 40.734623 ], [ -8.228671, 40.734623 ], [ -8.228671, 40.733631 ], [ -8.231647, 40.733631 ], [ -8.231647, 40.732639 ], [ -8.234623, 40.732639 ], [ -8.234623, 40.731647 ], [ -8.237599, 40.731647 ], [ -8.237599, 40.729663 ], [ -8.236607, 40.729663 ], [ -8.236607, 40.726687 ], [ -8.237599, 40.726687 ], [ -8.237599, 40.725694 ], [ -8.234623, 40.725694 ], [ -8.234623, 40.724702 ], [ -8.233631, 40.724702 ], [ -8.233631, 40.72371 ], [ -8.232639, 40.72371 ], [ -8.232639, 40.724702 ], [ -8.228671, 40.724702 ], [ -8.228671, 40.727679 ], [ -8.227679, 40.727679 ], [ -8.227679, 40.729663 ], [ -8.226687, 40.729663 ], [ -8.226687, 40.730655 ], [ -8.227679, 40.730655 ], [ -8.227679, 40.733631 ], [ -8.225694, 40.733631 ], [ -8.225694, 40.734623 ], [ -8.224702, 40.734623 ], [ -8.224702, 40.735615 ], [ -8.222718, 40.735615 ], [ -8.222718, 40.734623 ], [ -8.220734, 40.734623 ], [ -8.220734, 40.736076 ], [ -8.219257, 40.735588 ], [ -8.219235, 40.735547 ], [ -8.219061, 40.735493 ], [ -8.218931, 40.735426 ], [ -8.218699, 40.735452 ], [ -8.218398, 40.73552 ], [ -8.21801, 40.73555 ], [ -8.21758, 40.735393 ], [ -8.217072, 40.735174 ], [ -8.212798, 40.734932 ], [ -8.212798, 40.732639 ], [ -8.21379, 40.732639 ], [ -8.21379, 40.731647 ], [ -8.212798, 40.731647 ], [ -8.212798, 40.730655 ], [ -8.215774, 40.730655 ], [ -8.215774, 40.731647 ], [ -8.216766, 40.731647 ], [ -8.216766, 40.729663 ], [ -8.214782, 40.729663 ], [ -8.214782, 40.726687 ], [ -8.217758, 40.726687 ], [ -8.217758, 40.727679 ], [ -8.216766, 40.727679 ], [ -8.216766, 40.728671 ], [ -8.21875, 40.728671 ], [ -8.21875, 40.727679 ], [ -8.220734, 40.727679 ], [ -8.220734, 40.726687 ], [ -8.224702, 40.726687 ], [ -8.224702, 40.725694 ], [ -8.225694, 40.725694 ], [ -8.225694, 40.724702 ], [ -8.226687, 40.724702 ], [ -8.226687, 40.72371 ], [ -8.228671, 40.72371 ], [ -8.228671, 40.722718 ], [ -8.230655, 40.722718 ], [ -8.230655, 40.72371 ], [ -8.231647, 40.72371 ], [ -8.231647, 40.720734 ], [ -8.230655, 40.720734 ], [ -8.230655, 40.721726 ], [ -8.226687, 40.721726 ], [ -8.226687, 40.720734 ], [ -8.225694, 40.720734 ], [ -8.225694, 40.719742 ], [ -8.227679, 40.719742 ], [ -8.227679, 40.71875 ], [ -8.229663, 40.71875 ], [ -8.229663, 40.717758 ], [ -8.225694, 40.717758 ], [ -8.225694, 40.716766 ], [ -8.227679, 40.716766 ], [ -8.227679, 40.715774 ], [ -8.231647, 40.715774 ], [ -8.231647, 40.708829 ], [ -8.233631, 40.708829 ], [ -8.233631, 40.709821 ], [ -8.236607, 40.709821 ], [ -8.236607, 40.710813 ], [ -8.235615, 40.710813 ], [ -8.235615, 40.711806 ], [ -8.236607, 40.711806 ], [ -8.236607, 40.712798 ], [ -8.241567, 40.712798 ], [ -8.241567, 40.715774 ], [ -8.243552, 40.715774 ], [ -8.243552, 40.714782 ], [ -8.245536, 40.714782 ], [ -8.245536, 40.715774 ], [ -8.246528, 40.715774 ], [ -8.246528, 40.714782 ], [ -8.248512, 40.714782 ], [ -8.248512, 40.716766 ], [ -8.249504, 40.716766 ], [ -8.249504, 40.715774 ], [ -8.250496, 40.715774 ], [ -8.250496, 40.716766 ], [ -8.251488, 40.716766 ], [ -8.251488, 40.714782 ], [ -8.25248, 40.714782 ], [ -8.25248, 40.71379 ], [ -8.256448, 40.71379 ], [ -8.256448, 40.714782 ], [ -8.25744, 40.714782 ], [ -8.25744, 40.715774 ], [ -8.261409, 40.715774 ], [ -8.261409, 40.717758 ], [ -8.263393, 40.717758 ], [ -8.263393, 40.716766 ], [ -8.264385, 40.716766 ], [ -8.264385, 40.715774 ], [ -8.268353, 40.715774 ], [ -8.268353, 40.714782 ], [ -8.272321, 40.714782 ], [ -8.272321, 40.716766 ], [ -8.273313, 40.716766 ], [ -8.273313, 40.715774 ], [ -8.27629, 40.715774 ], [ -8.27629, 40.71379 ], [ -8.278274, 40.71379 ], [ -8.278274, 40.714782 ], [ -8.279266, 40.714782 ], [ -8.279266, 40.716766 ], [ -8.28125, 40.716766 ], [ -8.28125, 40.719742 ], [ -8.280258, 40.719742 ], [ -8.280258, 40.720734 ], [ -8.27629, 40.720734 ], [ -8.27629, 40.719742 ], [ -8.274306, 40.719742 ], [ -8.274306, 40.721726 ], [ -8.269345, 40.721726 ], [ -8.269345, 40.720734 ], [ -8.267361, 40.720734 ], [ -8.267361, 40.721726 ], [ -8.268353, 40.721726 ], [ -8.268353, 40.722718 ], [ -8.264385, 40.722718 ], [ -8.264385, 40.72371 ], [ -8.263393, 40.72371 ], [ -8.263393, 40.725694 ], [ -8.262401, 40.725694 ], [ -8.262401, 40.727679 ], [ -8.261409, 40.727679 ], [ -8.261409, 40.728671 ], [ -8.259425, 40.728671 ], [ -8.259425, 40.729663 ], [ -8.258433, 40.729663 ], [ -8.258433, 40.731647 ], [ -8.256448, 40.731647 ], [ -8.256448, 40.733631 ], [ -8.255456, 40.733631 ], [ -8.255456, 40.732639 ], [ -8.251488, 40.732639 ], [ -8.251488, 40.731647 ], [ -8.250496, 40.731647 ], [ -8.250496, 40.732639 ], [ -8.245536, 40.732639 ], [ -8.245536, 40.730655 ], [ -8.243552, 40.730655 ], [ -8.243552, 40.731647 ], [ -8.24256, 40.731647 ], [ -8.24256, 40.732639 ], [ -8.240575, 40.732639 ], [ -8.240575, 40.735615 ], [ -8.239583, 40.735615 ], [ -8.239583, 40.734623 ], [ -8.238591, 40.734623 ], [ -8.238591, 40.736607 ], [ -8.235615, 40.736607 ], [ -8.235615, 40.737599 ], [ -8.234623, 40.737599 ], [ -8.234623, 40.738591 ], [ -8.228671, 40.738591 ], [ -8.228671, 40.739583 ], [ -8.228145, 40.739583 ], [ -8.228038, 40.739528 ], [ -8.227852, 40.739317 ], [ -8.227679, 40.738818 ], [ -8.227679, 40.738591 ], [ -8.227515, 40.738591 ], [ -8.227138, 40.73821 ], [ -8.227085, 40.738182 ], [ -8.225343, 40.737599 ], [ -8.225694, 40.737599 ] ], [ [ -8.226687, 40.728671 ], [ -8.222718, 40.728671 ], [ -8.222718, 40.729663 ], [ -8.219742, 40.729663 ], [ -8.219742, 40.731647 ], [ -8.220734, 40.731647 ], [ -8.220734, 40.730655 ], [ -8.225694, 40.730655 ], [ -8.225694, 40.729663 ], [ -8.226687, 40.729663 ], [ -8.226687, 40.728671 ] ], [ [ -8.230655, 40.719742 ], [ -8.229663, 40.719742 ], [ -8.229663, 40.720734 ], [ -8.230655, 40.720734 ], [ -8.230655, 40.719742 ] ], [ [ -8.270337, 40.716766 ], [ -8.270337, 40.717758 ], [ -8.272321, 40.717758 ], [ -8.272321, 40.716766 ], [ -8.270337, 40.716766 ] ], [ [ -8.270337, 40.720734 ], [ -8.270337, 40.719742 ], [ -8.269345, 40.719742 ], [ -8.269345, 40.720734 ], [ -8.270337, 40.720734 ] ], [ [ -8.246528, 40.726687 ], [ -8.246528, 40.727679 ], [ -8.248512, 40.727679 ], [ -8.248512, 40.726687 ], [ -8.246528, 40.726687 ] ], [ [ -8.256448, 40.721726 ], [ -8.256448, 40.720734 ], [ -8.254464, 40.720734 ], [ -8.254464, 40.72371 ], [ -8.256448, 40.72371 ], [ -8.256448, 40.722718 ], [ -8.25744, 40.722718 ], [ -8.25744, 40.721726 ], [ -8.256448, 40.721726 ] ], [ [ -8.236607, 40.717758 ], [ -8.236607, 40.71875 ], [ -8.238591, 40.71875 ], [ -8.238591, 40.717758 ], [ -8.236607, 40.717758 ] ], [ [ -8.25248, 40.716766 ], [ -8.25248, 40.717758 ], [ -8.254464, 40.717758 ], [ -8.254464, 40.716766 ], [ -8.25248, 40.716766 ] ], [ [ -8.254464, 40.71875 ], [ -8.255456, 40.71875 ], [ -8.255456, 40.717758 ], [ -8.254464, 40.717758 ], [ -8.254464, 40.71875 ] ], [ [ -8.237599, 40.71379 ], [ -8.237599, 40.714782 ], [ -8.238591, 40.714782 ], [ -8.238591, 40.71379 ], [ -8.237599, 40.71379 ] ], [ [ -8.226687, 40.732639 ], [ -8.226687, 40.731647 ], [ -8.225694, 40.731647 ], [ -8.225694, 40.732639 ], [ -8.226687, 40.732639 ] ] ], [ [ [ -8.231647, 40.740575 ], [ -8.231647, 40.740774 ], [ -8.231118, 40.740616 ], [ -8.230927, 40.740598 ], [ -8.230893, 40.740575 ], [ -8.231647, 40.740575 ] ] ] ] } },
{ "type": "Feature", "properties": { "value_per_ha": 3350, "exposure_id": 485, "area_ha": 0.9234, "ael_bau": 102.64, "ael_primary_full": 102.64, "ael_primary_partial": 102.64, "ael_secondary_full": 5.48, "ael_secondary_partial": 68.56, "ael_combined_full": 0.0, "ael_combined_partial": 68.77 }, "geometry": { "type": "Polygon", "coordinates": [ [ [ -8.208829, 40.717758 ], [ -8.209821, 40.717758 ], [ -8.209821, 40.71875 ], [ -8.208829, 40.71875 ], [ -8.208829, 40.717758 ] ] ] } },
{ "type": "Feature", "properties": { "value_per_ha": 3350, "exposure_id": 486, "area_ha": 2.7703, "ael_bau": 315.56, "ael_primary_full": 315.56, "ael_primary_partial": 313.97, "ael_secondary_full": 172.05, "ael_secondary_partial": 235.9, "ael_combined_full": 138.07, "ael_combined_partial": 219.0 }, "geometry": { "type": "Polygon", "coordinates": [ [ [ -8.214782, 40.71875 ], [ -8.214782, 40.719742 ], [ -8.215774, 40.719742 ], [ -8.215774, 40.720734 ], [ -8.21379, 40.720734 ], [ -8.21379, 40.71875 ], [ -8.214782, 40.71875 ] ] ] } },
{ "type": "Feature", "properties": { "value_per_ha": 3350, "exposure_id": 487, "area_ha": 0.9234, "ael_bau": 92.79, "ael_primary_full": 92.79, "ael_primary_partial": 92.79, "ael_secondary_full": 5.48, "ael_secondary_partial": 49.07, "ael_combined_full": 0.0, "ael_combined_partial": 46.11 }, "geometry": { "type": "Polygon", "coordinates": [ [ [ -8.221726, 40.722718 ], [ -8.221726, 40.72371 ], [ -8.220734, 40.72371 ], [ -8.220734, 40.722718 ], [ -8.221726, 40.722718 ] ] ] } },
{ "type": "Feature", "properties": { "value_per_ha": 3350, "exposure_id": 488, "area_ha": 0.9234, "ael_bau": 202.11, "ael_primary_full": 202.11, "ael_primary_partial": 200.32, "ael_secondary_full": 10.95, "ael_secondary_partial": 128.02, "ael_combined_full": 0.0, "ael_combined_partial": 122.95 }, "geometry": { "type": "Polygon", "coordinates": [ [ [ -8.219742, 40.724702 ], [ -8.219742, 40.72371 ], [ -8.220734, 40.72371 ], [ -8.220734, 40.724702 ], [ -8.219742, 40.724702 ] ] ] } },
{ "type": "Feature", "properties": { "value_per_ha": 3350, "exposure_id": 489, "area_ha": 1.8467, "ael_bau": 109.64, "ael_primary_full": 109.64, "ael_primary_partial": 108.26, "ael_secondary_full": 5.48, "ael_secondary_partial": 76.36, "ael_combined_full": 0.0, "ael_combined_partial": 77.61 }, "geometry": { "type": "Polygon", "coordinates": [ [ [ -8.217758, 40.725694 ], [ -8.217758, 40.724702 ], [ -8.219742, 40.724702 ], [ -8.219742, 40.725694 ], [ -8.217758, 40.725694 ] ] ] } },
{ "type": "Feature", "properties": { "value_per_ha": 3350, "exposure_id": 490, "area_ha": 1.8467, "ael_bau": 111.54, "ael_primary_full": 111.54, "ael_primary_partial": 110.84, "ael_secondary_full": 46.72, "ael_secondary_partial": 82.53, "ael_combined_full": 48.51, "ael_combined_partial": 80.69 }, "geometry": { "type": "Polygon", "coordinates": [ [ [ -8.222718, 40.724702 ], [ -8.224702, 40.724702 ], [ -8.224702, 40.725694 ], [ -8.222718, 40.725694 ], [ -8.222718, 40.724702 ] ] ] } },
{ "type": "Feature", "properties": { "value_per_ha": 3350, "exposure_id": 491, "area_ha": 1.8464, "ael_bau": 143.96, "ael_primary_full": 143.96, "ael_primary_partial": 143.96, "ael_secondary_full": 13.53, "ael_secondary_partial": 70.19, "ael_combined_full": 12.44, "ael_combined_partial": 73.77 }, "geometry": { "type": "Polygon", "coordinates": [ [ [ -8.24752, 40.734623 ], [ -8.24752, 40.736607 ], [ -8.246528, 40.736607 ], [ -8.246528, 40.734623 ], [ -8.24752, 40.734623 ] ] ] } },
{ "type": "Feature", "properties": { "value_per_ha": 3350, "exposure_id": 492, "area_ha": 65.5392, "ael_bau": 3626.87, "ael_primary_full": 3626.87, "ael_primary_partial": 3626.87, "ael_secondary_full": 527.09, "ael_secondary_partial": 1736.46, "ael_combined_full": 559.13, "ael_combined_partial": 1838.86 }, "geometry": { "type": "Polygon", "coordinates": [ [ [ -8.254464, 40.745536 ], [ -8.255456, 40.745536 ], [ -8.255456, 40.744544 ], [ -8.256448, 40.744544 ], [ -8.256448, 40.743552 ], [ -8.25744, 40.743552 ], [ -8.25744, 40.740575 ], [ -8.259425, 40.740575 ], [ -8.259425, 40.738591 ], [ -8.261409, 40.738591 ], [ -8.261409, 40.739583 ], [ -8.262401, 40.739583 ], [ -8.262401, 40.735615 ], [ -8.263393, 40.735615 ], [ -8.263393, 40.737599 ], [ -8.264385, 40.737599 ], [ -8.264385, 40.739583 ], [ -8.263393, 40.739583 ], [ -8.263393, 40.740575 ], [ -8.264385, 40.740575 ], [ -8.264385, 40.741567 ], [ -8.266369, 40.741567 ], [ -8.266369, 40.74256 ], [ -8.265377, 40.74256 ], [ -8.265377, 40.744544 ], [ -8.262401, 40.744544 ], [ -8.262401, 40.743552 ], [ -8.258433, 40.743552 ], [ -8.258433, 40.746528 ], [ -8.259425, 40.746528 ], [ -8.259425, 40.74752 ], [ -8.25744, 40.74752 ], [ -8.25744, 40.75248 ], [ -8.250496, 40.75248 ], [ -8.250496, 40.751488 ], [ -8.253472, 40.751488 ], [ -8.253472, 40.749504 ], [ -8.254464, 40.749504 ], [ -8.254464, 40.74752 ], [ -8.256448, 40.74752 ], [ -8.256448, 40.746528 ], [ -8.254464, 40.746528 ], [ -8.254464, 40.745536 ] ], [ [ -8.25744, 40.746528 ], [ -8.25744, 40.745536 ], [ -8.256448, 40.745536 ], [ -8.256448, 40.746528 ], [ -8.25744, 40.746528 ] ] ] } },
{ "type": "Feature", "properties": { "value_per_ha": 3350, "exposure_id": 493, "area_ha": 0.9232, "ael_bau": 89.3, "ael_primary_full": 89.3, "ael_primary_partial": 89.3, "ael_secondary_full": 45.43, "ael_secondary_partial": 62.06, "ael_combined_full": 48.51, "ael_combined_partial": 64.93 }, "geometry": { "type": "Polygon", "coordinates": [ [ [ -8.240575, 40.737599 ], [ -8.239583, 40.737599 ], [ -8.239583, 40.736607 ], [ -8.240575, 40.736607 ], [ -8.240575, 40.737599 ] ] ] } },
{ "type": "Feature", "properties": { "value_per_ha": 3350, "exposure_id": 494, "area_ha": 18.463, "ael_bau": 1430.35, "ael_primary_full": 1430.35, "ael_primary_partial": 1428.34, "ael_secondary_full": 576.39, "ael_secondary_partial": 962.14, "ael_combined_full": 602.67, "ael_combined_partial": 1018.18 }, "geometry": { "type": "Polygon", "coordinates": [ [ [ -8.243552, 40.74256 ], [ -8.243552, 40.739583 ], [ -8.241567, 40.739583 ], [ -8.241567, 40.737599 ], [ -8.245536, 40.737599 ], [ -8.245536, 40.736607 ], [ -8.246528, 40.736607 ], [ -8.246528, 40.74256 ], [ -8.243552, 40.74256 ] ] ] } },
{ "type": "Feature", "properties": { "value_per_ha": 3350, "exposure_id": 495, "area_ha": 13.9432, "ael_bau": 1219.02, "ael_primary_full": 1219.02, "ael_primary_partial": 1215.77, "ael_secondary_full": 770.02, "ael_secondary_partial": 947.19, "ael_combined_full": 837.76, "ael_combined_partial": 997.81 }, "geometry": { "type": "Polygon", "coordinates": [ [ [ -8.237599, 40.74256 ], [ -8.235615, 40.74256 ], [ -8.235615, 40.743552 ], [ -8.235105, 40.743552 ], [ -8.234954, 40.743453 ], [ -8.234358, 40.742949 ], [ -8.234056, 40.74256 ], [ -8.234623, 40.74256 ], [ -8.234623, 40.741567 ], [ -8.235615, 40.741567 ], [ -8.235615, 40.740575 ], [ -8.238591, 40.740575 ], [ -8.238591, 40.741567 ], [ -8.241567, 40.741567 ], [ -8.241567, 40.743552 ], [ -8.237599, 40.743552 ], [ -8.237599, 40.74256 ] ] ] } },
{ "type": "Feature", "properties": { "value_per_ha": 3350, "exposure_id": 496, "area_ha": 40.6142, "ael_bau": 2473.95, "ael_primary_full": 2473.95, "ael_primary_partial": 2473.95, "ael_secondary_full": 1239.12, "ael_secondary_partial": 1862.21, "ael_combined_full": 1316.66, "ael_combined_partial": 1929.92 }, "geometry": { "type": "Polygon", "coordinates": [ [ [ -8.243552, 40.744544 ], [ -8.244544, 40.744544 ], [ -8.244544, 40.743552 ], [ -8.245536, 40.743552 ], [ -8.245536, 40.744544 ], [ -8.249504, 40.744544 ], [ -8.249504, 40.745536 ], [ -8.250496, 40.745536 ], [ -8.250496, 40.746528 ], [ -8.25248, 40.746528 ], [ -8.25248, 40.749504 ], [ -8.250496, 40.749504 ], [ -8.250496, 40.750496 ], [ -8.248512, 40.750496 ], [ -8.248512, 40.751488 ], [ -8.246528, 40.751488 ], [ -8.246528, 40.750496 ], [ -8.24752, 40.750496 ], [ -8.24752, 40.748512 ], [ -8.248512, 40.748512 ], [ -8.248512, 40.74752 ], [ -8.24752, 40.74752 ], [ -8.24752, 40.746528 ], [ -8.244544, 40.746528 ], [ -8.244544, 40.749504 ], [ -8.243552, 40.749504 ], [ -8.243552, 40.748512 ], [ -8.241567, 40.748512 ], [ -8.241567, 40.74752 ], [ -8.243552, 40.74752 ], [ -8.243552, 40.746528 ], [ -8.241567, 40.746528 ], [ -8.241567, 40.743552 ], [ -8.243552, 40.743552 ], [ -8.243552, 40.744544 ] ] ] } },
{ "type": "Feature", "properties": { "value_per_ha": 3350, "exposure_id": 497, "area_ha": 0.9231, "ael_bau": 63.24, "ael_primary_full": 63.24, "ael_primary_partial": 63.24, "ael_secondary_full": 6.77, "ael_secondary_partial": 37.69, "ael_combined_full": 6.22, "ael_combined_partial": 40.73 }, "geometry": { "type": "Polygon", "coordinates": [ [ [ -8.25248, 40.745536 ], [ -8.251488, 40.745536 ], [ -8.251488, 40.744544 ], [ -8.25248, 40.744544 ], [ -8.25248, 40.745536 ] ] ] } },
{ "type": "Feature", "properties": { "value_per_ha": 3350, "exposure_id": 498, "area_ha": 0.923, "ael_bau": 47.35, "ael_primary_full": 47.35, "ael_primary_partial": 47.35, "ael_secondary_full": 6.77, "ael_secondary_partial": 23.4, "ael_combined_full": 6.22, "ael_combined_partial": 25.36 }, "geometry": { "type": "Polygon", "coordinates": [ [ [ -8.260417, 40.750496 ], [ -8.259425, 40.750496 ], [ -8.259425, 40.749504 ], [ -8.260417, 40.749504 ], [ -8.260417, 40.750496 ] ] ] } },
{ "type": "Feature", "properties": { "value_per_ha": 3350, "exposure_id": 499, "area_ha": 0.923, "ael_bau": 33.37, "ael_primary_full": 33.37, "ael_primary_partial": 33.37, "ael_secondary_full": 6.77, "ael_secondary_partial": 10.07, "ael_combined_full": 6.22, "ael_combined_partial": 10.37 }, "geometry": { "type": "Polygon", "coordinates": [ [ [ -8.291171, 40.748512 ], [ -8.290179, 40.748512 ], [ -8.290179, 40.74752 ], [ -8.291171, 40.74752 ], [ -8.291171, 40.748512 ] ] ] } },
{ "type": "Feature", "properties": { "value_per_ha": 3350, "exposure_id": 500, "area_ha": 7.3852, "ael_bau": 384.2, "ael_primary_full": 384.2, "ael_primary_partial": 384.2, "ael_secondary_full": 54.13, "ael_secondary_partial": 148.17, "ael_combined_full": 49.76, "ael_combined_partial": 152.15 }, "geometry": { "type": "Polygon", "coordinates": [ [ [ -8.28621, 40.740575 ], [ -8.28621, 40.739583 ], [ -8.287202, 40.739583 ], [ -8.287202, 40.738591 ], [ -8.289187, 40.738591 ], [ -8.289187, 40.740575 ], [ -8.290179, 40.740575 ], [ -8.290179, 40.741567 ], [ -8.287202, 40.741567 ], [ -8.287202, 40.740575 ], [ -8.28621, 40.740575 ] ] ] } },
{ "type": "Feature", "properties": { "value_per_ha": 3350, "exposure_id": 501, "area_ha": 50.7686, "ael_bau": 2112.94, "ael_primary_full": 2112.94, "ael_primary_partial": 2112.94, "ael_secondary_full": 349.89, "ael_secondary_partial": 802.59, "ael_combined_full": 333.36, "ael_combined_partial": 815.31 }, "geometry": { "type": "Polygon", "coordinates": [ [ [ -8.274306, 40.74256 ], [ -8.274306, 40.744544 ], [ -8.277282, 40.744544 ], [ -8.277282, 40.74256 ], [ -8.278274, 40.74256 ], [ -8.278274, 40.743552 ], [ -8.28125, 40.743552 ], [ -8.28125, 40.744544 ], [ -8.288194, 40.744544 ], [ -8.288194, 40.745536 ], [ -8.280258, 40.745536 ], [ -8.280258, 40.746528 ], [ -8.27629, 40.746528 ], [ -8.27629, 40.748512 ], [ -8.275298, 40.748512 ], [ -8.275298, 40.750496 ], [ -8.274306, 40.750496 ], [ -8.274306, 40.751488 ], [ -8.272321, 40.751488 ], [ -8.272321, 40.75248 ], [ -8.271329, 40.75248 ], [ -8.271329, 40.753472 ], [ -8.270337, 40.753472 ], [ -8.270337, 40.750496 ], [ -8.272321, 40.750496 ], [ -8.272321, 40.748512 ], [ -8.274306, 40.748512 ], [ -8.274306, 40.74752 ], [ -8.275298, 40.74752 ], [ -8.275298, 40.746528 ], [ -8.272321, 40.746528 ], [ -8.272321, 40.744544 ], [ -8.271329, 40.744544 ], [ -8.271329, 40.743552 ], [ -8.269345, 40.743552 ], [ -8.269345, 40.74256 ], [ -8.270337, 40.74256 ], [ -8.270337, 40.741567 ], [ -8.272321, 40.741567 ], [ -8.272321, 40.74256 ], [ -8.274306, 40.74256 ] ] ] } },
{ "type": "Feature", "properties": { "value_per_ha": 3350, "exposure_id": 502, "area_ha": 0.923, "ael_bau": 32.73, "ael_primary_full": 32.73, "ael_primary_partial": 32.73, "ael_secondary_full": 6.77, "ael_secondary_partial": 8.45, "ael_combined_full": 6.22, "ael_combined_partial": 8.45 }, "geometry": { "type": "Polygon", "coordinates": [ [ [ -8.284226, 40.74752 ], [ -8.284226, 40.748512 ], [ -8.283234, 40.748512 ], [ -8.283234, 40.74752 ], [ -8.284226, 40.74752 ] ] ] } },
{ "type": "Feature", "properties": { "value_per_ha": 3350, "exposure_id": 503, "area_ha": 2.769, "ael_bau": 116.63, "ael_primary_full": 116.63, "ael_primary_partial": 116.63, "ael_secondary_full": 20.3, "ael_secondary_partial": 28.92, "ael_combined_full": 18.66, "ael_combined_partial": 27.66 }, "geometry": { "type": "Polygon", "coordinates": [ [ [ -8.28125, 40.750496 ], [ -8.28125, 40.749504 ], [ -8.282242, 40.749504 ], [ -8.282242, 40.748512 ], [ -8.283234, 40.748512 ], [ -8.283234, 40.750496 ], [ -8.28125, 40.750496 ] ] ] } },
{ "type": "Feature", "properties": { "value_per_ha": 3350, "exposure_id": 504, "area_ha": 0.923, "ael_bau": 81.99, "ael_primary_full": 81.99, "ael_primary_partial": 81.99, "ael_secondary_full": 14.82, "ael_secondary_partial": 24.7, "ael_combined_full": 14.93, "ael_combined_partial": 23.82 }, "geometry": { "type": "Polygon", "coordinates": [ [ [ -8.275298, 40.753472 ], [ -8.274306, 40.753472 ], [ -8.274306, 40.75248 ], [ -8.275298, 40.75248 ], [ -8.275298, 40.753472 ] ] ] } },
{ "type": "Feature", "properties": { "value_per_ha": 3350, "exposure_id": 505, "area_ha": 0.9231, "ael_bau": 46.71, "ael_primary_full": 46.71, "ael_primary_partial": 46.71, "ael_secondary_full": 6.77, "ael_secondary_partial": 22.42, "ael_combined_full": 6.22, "ael_combined_partial": 23.05 }, "geometry": { "type": "Polygon", "coordinates": [ [ [ -8.275298, 40.74256 ], [ -8.274306, 40.74256 ], [ -8.274306, 40.741567 ], [ -8.275298, 40.741567 ], [ -8.275298, 40.74256 ] ] ] } },
{ "type": "Feature", "properties": { "value_per_ha": 3350, "exposure_id": 506, "area_ha": 1.8463, "ael_bau": 47.35, "ael_primary_full": 47.35, "ael_primary_partial": 47.35, "ael_secondary_full": 6.77, "ael_secondary_partial": 21.12, "ael_combined_full": 6.22, "ael_combined_partial": 21.52 }, "geometry": { "type": "Polygon", "coordinates": [ [ [ -8.272321, 40.740575 ], [ -8.274306, 40.740575 ], [ -8.274306, 40.741567 ], [ -8.272321, 40.741567 ], [ -8.272321, 40.740575 ] ] ] } },
{ "type": "Feature", "properties": { "value_per_ha": 3350, "exposure_id": 507, "area_ha": 3.6926, "ael_bau": 203.7, "ael_primary_full": 203.7, "ael_primary_partial": 203.29, "ael_secondary_full": 28.67, "ael_secondary_partial": 92.61, "ael_combined_full": 27.99, "ael_combined_partial": 97.98 }, "geometry": { "type": "Polygon", "coordinates": [ [ [ -8.271329, 40.739583 ], [ -8.269345, 40.739583 ], [ -8.269345, 40.740575 ], [ -8.268353, 40.740575 ], [ -8.268353, 40.738591 ], [ -8.271329, 40.738591 ], [ -8.271329, 40.739583 ] ] ] } },
{ "type": "Feature", "properties": { "value_per_ha": 3350, "exposure_id": 508, "area_ha": 2.7691, "ael_bau": 142.05, "ael_primary_full": 142.05, "ael_primary_partial": 142.05, "ael_secondary_full": 28.03, "ael_secondary_partial": 73.11, "ael_combined_full": 33.59, "ael_combined_partial": 81.07 }, "geometry": { "type": "Polygon", "coordinates": [ [ [ -8.262401, 40.748512 ], [ -8.262401, 40.74752 ], [ -8.264385, 40.74752 ], [ -8.264385, 40.749504 ], [ -8.263393, 40.749504 ], [ -8.263393, 40.748512 ], [ -8.262401, 40.748512 ] ] ] } },
{ "type": "Feature", "properties": { "value_per_ha": 3350, "exposure_id": 509, "area_ha": 4.6154, "ael_bau": 162.71, "ael_primary_full": 162.71, "ael_primary_partial": 162.71, "ael_secondary_full": 27.06, "ael_secondary_partial": 83.51, "ael_combined_full": 31.72, "ael_combined_partial": 86.45 }, "geometry": { "type": "Polygon", "coordinates": [ [ [ -8.259425, 40.746528 ], [ -8.259425, 40.745536 ], [ -8.260417, 40.745536 ], [ -8.260417, 40.744544 ], [ -8.262401, 40.744544 ], [ -8.262401, 40.746528 ], [ -8.259425, 40.746528 ] ] ] } },
{ "type": "Feature", "properties": { "value_per_ha": 3350, "exposure_id": 510, "area_ha": 1.8464, "ael_bau": 112.18, "ael_primary_full": 112.18, "ael_primary_partial": 112.18, "ael_secondary_full": 13.53, "ael_secondary_partial": 70.84, "ael_combined_full": 12.44, "ael_combined_partial": 73.39 }, "geometry": { "type": "Polygon", "coordinates": [ [ [ -8.28125, 40.738591 ], [ -8.28125, 40.736607 ], [ -8.282242, 40.736607 ], [ -8.282242, 40.738591 ], [ -8.28125, 40.738591 ] ] ] } },
{ "type": "Feature", "properties": { "value_per_ha": 3350, "exposure_id": 511, "area_ha": 1.8464, "ael_bau": 67.37, "ael_primary_full": 67.37, "ael_primary_partial": 67.37, "ael_secondary_full": 13.53, "ael_secondary_partial": 25.35, "ael_combined_full": 12.44, "ael_combined_partial": 23.82 }, "geometry": { "type": "Polygon", "coordinates": [ [ [ -8.270337, 40.736607 ], [ -8.268353, 40.736607 ], [ -8.268353, 40.735615 ], [ -8.270337, 40.735615 ], [ -8.270337, 40.736607 ] ] ] } },
{ "type": "Feature", "properties": { "value_per_ha": 3350, "exposure_id": 512, "area_ha": 0.9232, "ael_bau": 68.96, "ael_primary_full": 68.96, "ael_primary_partial": 68.86, "ael_secondary_full": 6.77, "ael_secondary_partial": 28.59, "ael_combined_full": 6.22, "ael_combined_partial": 30.35 }, "geometry": { "type": "Polygon", "coordinates": [ [ [ -8.261409, 40.734623 ], [ -8.262401, 40.734623 ], [ -8.262401, 40.735615 ], [ -8.261409, 40.735615 ], [ -8.261409, 40.734623 ] ] ] } },
{ "type": "Feature", "properties": { "value_per_ha": 3350, "exposure_id": 513, "area_ha": 0.9232, "ael_bau": 67.37, "ael_primary_full": 67.37, "ael_primary_partial": 67.37, "ael_secondary_full": 13.53, "ael_secondary_partial": 25.35, "ael_combined_full": 12.44, "ael_combined_partial": 23.82 }, "geometry": { "type": "Polygon", "coordinates": [ [ [ -8.271329, 40.733631 ], [ -8.270337, 40.733631 ], [ -8.270337, 40.732639 ], [ -8.271329, 40.732639 ], [ -8.271329, 40.733631 ] ] ] } },
{ "type": "Feature", "properties": { "value_per_ha": 3350, "exposure_id": 514, "area_ha": 1.8465, "ael_bau": 129.02, "ael_primary_full": 129.02, "ael_primary_partial": 129.02, "ael_secondary_full": 15.46, "ael_secondary_partial": 55.89, "ael_combined_full": 16.17, "ael_combined_partial": 61.09 }, "geometry": { "type": "Polygon", "coordinates": [ [ [ -8.269345, 40.733631 ], [ -8.267361, 40.733631 ], [ -8.267361, 40.732639 ], [ -8.269345, 40.732639 ], [ -8.269345, 40.733631 ] ] ] } },
{ "type": "Feature", "properties": { "value_per_ha": 3350, "exposure_id": 515, "area_ha": 4.6162, "ael_bau": 256.77, "ael_primary_full": 256.77, "ael_primary_partial": 237.51, "ael_secondary_full": 20.3, "ael_secondary_partial": 95.53, "ael_combined_full": 18.66, "ael_combined_partial": 99.9 }, "geometry": { "type": "Polygon", "coordinates": [ [ [ -8.261409, 40.733631 ], [ -8.258433, 40.733631 ], [ -8.258433, 40.732639 ], [ -8.259425, 40.732639 ], [ -8.259425, 40.731647 ], [ -8.261409, 40.731647 ], [ -8.261409, 40.733631 ] ] ] } },
{ "type": "Feature", "properties": { "value_per_ha": 3350, "exposure_id": 516, "area_ha": 2.7698, "ael_bau": 65.78, "ael_primary_full": 65.78, "ael_primary_partial": 65.78, "ael_secondary_full": 6.77, "ael_secondary_partial": 47.77, "ael_combined_full": 6.22, "ael_combined_partial": 49.95 }, "geometry": { "type": "Polygon", "coordinates": [ [ [ -8.28125, 40.731647 ], [ -8.280258, 40.731647 ], [ -8.280258, 40.732639 ], [ -8.279266, 40.732639 ], [ -8.279266, 40.730655 ], [ -8.28125, 40.730655 ], [ -8.28125, 40.731647 ] ] ] } },
{ "type": "Feature", "properties": { "value_per_ha": 3350, "exposure_id": 517, "area_ha": 1.8465, "ael_bau": 138.24, "ael_primary_full": 138.24, "ael_primary_partial": 138.24, "ael_secondary_full": 15.46, "ael_secondary_partial": 57.19, "ael_combined_full": 16.17, "ael_combined_partial": 62.63 }, "geometry": { "type": "Polygon", "coordinates": [ [ [ -8.267361, 40.730655 ], [ -8.267361, 40.731647 ], [ -8.265377, 40.731647 ], [ -8.265377, 40.730655 ], [ -8.267361, 40.730655 ] ] ] } },
{ "type": "Feature", "properties": { "value_per_ha": 3350, "exposure_id": 518, "area_ha": 4.6162, "ael_bau": 380.07, "ael_primary_full": 380.07, "ael_primary_partial": 380.07, "ael_secondary_full": 46.39, "ael_secondary_partial": 167.99, "ael_combined_full": 48.51, "ael_combined_partial": 176.74 }, "geometry": { "type": "Polygon", "coordinates": [ [ [ -8.264385, 40.732639 ], [ -8.264385, 40.734623 ], [ -8.263393, 40.734623 ], [ -8.263393, 40.730655 ], [ -8.264385, 40.730655 ], [ -8.264385, 40.731647 ], [ -8.265377, 40.731647 ], [ -8.265377, 40.732639 ], [ -8.264385, 40.732639 ] ] ] } },
{ "type": "Feature", "properties": { "value_per_ha": 3350, "exposure_id": 519, "area_ha": 3.6932, "ael_bau": 255.5, "ael_primary_full": 255.5, "ael_primary_partial": 255.5, "ael_secondary_full": 29.32, "ael_secondary_partial": 105.93, "ael_combined_full": 29.23, "ael_combined_partial": 114.5 }, "geometry": { "type": "Polygon", "coordinates": [ [ [ -8.270337, 40.729663 ], [ -8.268353, 40.729663 ], [ -8.268353, 40.727679 ], [ -8.270337, 40.727679 ], [ -8.270337, 40.729663 ] ] ] } },
{ "type": "Feature", "properties": { "value_per_ha": 3350, "exposure_id": 520, "area_ha": 0.9233, "ael_bau": 68.96, "ael_primary_full": 68.96, "ael_primary_partial": 68.96, "ael_secondary_full": 6.77, "ael_secondary_partial": 55.56, "ael_combined_full": 6.22, "ael_combined_partial": 60.32 }, "geometry": { "type": "Polygon", "coordinates": [ [ [ -8.280258, 40.727679 ], [ -8.280258, 40.726687 ], [ -8.28125, 40.726687 ], [ -8.28125, 40.727679 ], [ -8.280258, 40.727679 ] ] ] } },
{ "type": "Feature", "properties": { "value_per_ha": 3350, "exposure_id": 521, "area_ha": 3.694, "ael_bau": 323.19, "ael_primary_full": 323.19, "ael_primary_partial": 299.74, "ael_secondary_full": 20.3, "ael_secondary_partial": 260.6, "ael_combined_full": 18.66, "ael_combined_partial": 223.61 }, "geometry": { "type": "Polygon", "coordinates": [ [ [ -8.274306, 40.712798 ], [ -8.274306, 40.714782 ], [ -8.272321, 40.714782 ], [ -8.272321, 40.712798 ], [ -8.274306, 40.712798 ] ] ] } },
{ "type": "Feature", "properties": { "value_per_ha": 3350, "exposure_id": 522, "area_ha": 5.5411, "ael_bau": 675.93, "ael_primary_full": 675.93, "ael_primary_partial": 675.93, "ael_secondary_full": 597.97, "ael_secondary_partial": 617.05, "ael_combined_full": 675.93, "ael_combined_partial": 642.8 }, "geometry": { "type": "Polygon", "coordinates": [ [ [ -8.289187, 40.71379 ], [ -8.28621, 40.71379 ], [ -8.28621, 40.711806 ], [ -8.289187, 40.711806 ], [ -8.289187, 40.71379 ] ] ] } },
{ "type": "Feature", "properties": { "value_per_ha": 3350, "exposure_id": 523, "area_ha": 7.3882, "ael_bau": 746.79, "ael_primary_full": 746.79, "ael_primary_partial": 744.33, "ael_secondary_full": 54.13, "ael_secondary_partial": 599.83, "ael_combined_full": 49.76, "ael_combined_partial": 622.82 }, "geometry": { "type": "Polygon", "coordinates": [ [ [ -8.280258, 40.712798 ], [ -8.280258, 40.711806 ], [ -8.28125, 40.711806 ], [ -8.28125, 40.710813 ], [ -8.282242, 40.710813 ], [ -8.282242, 40.711806 ], [ -8.285218, 40.711806 ], [ -8.285218, 40.71379 ], [ -8.283234, 40.71379 ], [ -8.283234, 40.712798 ], [ -8.280258, 40.712798 ] ] ] } },
{ "type": "Feature", "properties": { "value_per_ha": 3350, "exposure_id": 524, "area_ha": 0.9235, "ael_bau": 88.66, "ael_primary_full": 88.66, "ael_primary_partial": 87.27, "ael_secondary_full": 6.77, "ael_secondary_partial": 59.46, "ael_combined_full": 6.22, "ael_combined_partial": 58.4 }, "geometry": { "type": "Polygon", "coordinates": [ [ [ -8.279266, 40.711806 ], [ -8.278274, 40.711806 ], [ -8.278274, 40.710813 ], [ -8.279266, 40.710813 ], [ -8.279266, 40.711806 ] ] ] } },
{ "type": "Feature", "properties": { "value_per_ha": 3350, "exposure_id": 525, "area_ha": 1.8472, "ael_bau": 207.83, "ael_primary_full": 207.83, "ael_primary_partial": 207.83, "ael_secondary_full": 134.67, "ael_secondary_partial": 173.84, "ael_combined_full": 0.0, "ael_combined_partial": 178.66 }, "geometry": { "type": "Polygon", "coordinates": [ [ [ -8.284226, 40.708829 ], [ -8.282242, 40.708829 ], [ -8.282242, 40.707837 ], [ -8.284226, 40.707837 ], [ -8.284226, 40.708829 ] ] ] } },
{ "type": "Feature", "properties": { "value_per_ha": 3350, "exposure_id": 526, "area_ha": 3.6917, "ael_bau": 115.04, "ael_primary_full": 115.04, "ael_primary_partial": 115.04, "ael_secondary_full": 20.3, "ael_secondary_partial": 34.12, "ael_combined_full": 18.66, "ael_combined_partial": 35.73 }, "geometry": { "type": "Polygon", "coordinates": [ [ [ -8.264385, 40.756448 ], [ -8.260417, 40.756448 ], [ -8.260417, 40.755456 ], [ -8.264385, 40.755456 ], [ -8.264385, 40.756448 ] ] ] } },
{ "type": "Feature", "properties": { "value_per_ha": 3350, "exposure_id": 527, "area_ha": 8.3067, "ael_bau": 659.72, "ael_primary_full": 659.72, "ael_primary_partial": 659.72, "ael_secondary_full": 129.52, "ael_secondary_partial": 442.89, "ael_combined_full": 129.36, "ael_combined_partial": 460.68 }, "geometry": { "type": "Polygon", "coordinates": [ [ [ -8.24256, 40.753472 ], [ -8.24256, 40.751488 ], [ -8.244544, 40.751488 ], [ -8.244544, 40.75248 ], [ -8.246528, 40.75248 ], [ -8.246528, 40.754464 ], [ -8.245536, 40.754464 ], [ -8.245536, 40.755456 ], [ -8.244544, 40.755456 ], [ -8.244544, 40.753472 ], [ -8.24256, 40.753472 ] ] ] } },
{ "type": "Feature", "properties": { "value_per_ha": 3350, "exposure_id": 528, "area_ha": 16.6129, "ael_bau": 985.45, "ael_primary_full": 982.04, "ael_primary_partial": 975.86, "ael_secondary_full": 635.67, "ael_secondary_partial": 829.24, "ael_combined_full": 698.45, "ael_combined_partial": 849.89 }, "geometry": { "type": "Polygon", "coordinates": [ [ [ -8.239583, 40.75744 ], [ -8.239583, 40.756448 ], [ -8.238591, 40.756448 ], [ -8.238591, 40.754464 ], [ -8.239583, 40.754464 ], [ -8.239583, 40.75248 ], [ -8.240575, 40.75248 ], [ -8.240575, 40.753472 ], [ -8.241567, 40.753472 ], [ -8.241567, 40.754464 ], [ -8.24256, 40.754464 ], [ -8.24256, 40.755456 ], [ -8.244544, 40.755456 ], [ -8.244544, 40.75744 ], [ -8.239583, 40.75744 ] ] ] } },
{ "type": "Feature", "properties": { "value_per_ha": 3350, "exposure_id": 529, "area_ha": 0.1032, "ael_bau": 0.0, "ael_primary_full": 0.0, "ael_primary_partial": 0.0, "ael_secondary_full": 0.0, "ael_secondary_partial": 0.0, "ael_combined_full": 0.0, "ael_combined_partial": 0.0 }, "geometry": { "type": "Polygon", "coordinates": [ [ [ -8.232639, 40.756448 ], [ -8.232334, 40.756448 ], [ -8.232639, 40.75571 ], [ -8.232639, 40.756448 ] ] ] } },
{ "type": "Feature", "properties": { "value_per_ha": 3350, "exposure_id": 530, "area_ha": 10.1523, "ael_bau": 203.06, "ael_primary_full": 201.02, "ael_primary_partial": 197.31, "ael_secondary_full": 47.36, "ael_secondary_partial": 71.49, "ael_combined_full": 43.54, "ael_combined_partial": 69.93 }, "geometry": { "type": "Polygon", "coordinates": [ [ [ -8.256448, 40.75744 ], [ -8.25248, 40.75744 ], [ -8.25248, 40.756448 ], [ -8.253472, 40.756448 ], [ -8.253472, 40.755456 ], [ -8.254464, 40.755456 ], [ -8.254464, 40.753472 ], [ -8.256448, 40.753472 ], [ -8.256448, 40.75744 ] ] ] } },
{ "type": "Feature", "properties": { "value_per_ha": 3350, "exposure_id": 531, "area_ha": 0.9229, "ael_bau": 39.09, "ael_primary_full": 39.09, "ael_primary_partial": 39.09, "ael_secondary_full": 7.09, "ael_secondary_partial": 12.02, "ael_combined_full": 6.84, "ael_combined_partial": 11.53 }, "geometry": { "type": "Polygon", "coordinates": [ [ [ -8.259425, 40.754464 ], [ -8.260417, 40.754464 ], [ -8.260417, 40.755456 ], [ -8.259425, 40.755456 ], [ -8.259425, 40.754464 ] ] ] } },
{ "type": "Feature", "properties": { "value_per_ha": 3350, "exposure_id": 532, "area_ha": 2.7687, "ael_bau": 161.75, "ael_primary_full": 161.75, "ael_primary_partial": 161.75, "ael_secondary_full": 20.3, "ael_secondary_partial": 69.21, "ael_combined_full": 18.66, "ael_combined_partial": 68.77 }, "geometry": { "type": "Polygon", "coordinates": [ [ [ -8.245536, 40.75744 ], [ -8.245536, 40.756448 ], [ -8.24752, 40.756448 ], [ -8.24752, 40.758433 ], [ -8.246528, 40.758433 ], [ -8.246528, 40.75744 ], [ -8.245536, 40.75744 ] ] ] } },
{ "type": "Feature", "properties": { "value_per_ha": 3350, "exposure_id": 533, "area_ha": 4.6145, "ael_bau": 176.05, "ael_primary_full": 176.05, "ael_primary_partial": 176.05, "ael_secondary_full": 35.44, "ael_secondary_partial": 54.26, "ael_combined_full": 34.21, "ael_combined_partial": 52.25 }, "geometry": { "type": "Polygon", "coordinates": [ [ [ -8.259425, 40.758433 ], [ -8.259425, 40.759425 ], [ -8.25744, 40.759425 ], [ -8.25744, 40.758433 ], [ -8.258433, 40.758433 ], [ -8.258433, 40.75744 ], [ -8.259425, 40.75744 ], [ -8.259425, 40.756448 ], [ -8.260417, 40.756448 ], [ -8.260417, 40.758433 ], [ -8.259425, 40.758433 ] ] ] } },
{ "type": "Feature", "properties": { "value_per_ha": 3350, "exposure_id": 534, "area_ha": 2.7687, "ael_bau": 91.84, "ael_primary_full": 91.84, "ael_primary_partial": 91.84, "ael_secondary_full": 13.53, "ael_secondary_partial": 24.05, "ael_combined_full": 12.44, "ael_combined_partial": 23.05 }, "geometry": { "type": "Polygon", "coordinates": [ [ [ -8.251488, 40.758433 ], [ -8.248512, 40.758433 ], [ -8.248512, 40.75744 ], [ -8.251488, 40.75744 ], [ -8.251488, 40.758433 ] ] ] } },
{ "type": "Feature", "properties": { "value_per_ha": 3350, "exposure_id": 535, "area_ha": 0.9229, "ael_bau": 87.39, "ael_primary_full": 87.39, "ael_primary_partial": 87.39, "ael_secondary_full": 64.76, "ael_secondary_partial": 72.79, "ael_combined_full": 69.04, "ael_combined_partial": 73.77 }, "geometry": { "type": "Polygon", "coordinates": [ [ [ -8.234623, 40.759425 ], [ -8.233631, 40.759425 ], [ -8.233631, 40.758433 ], [ -8.234623, 40.758433 ], [ -8.234623, 40.759425 ] ] ] } },
{ "type": "Feature", "properties": { "value_per_ha": 3350, "exposure_id": 536, "area_ha": 26.78, "ael_bau": 2970.64, "ael_primary_full": 2970.64, "ael_primary_partial": 2893.53, "ael_secondary_full": 1221.08, "ael_secondary_partial": 2199.17, "ael_combined_full": 996.98, "ael_combined_partial": 2074.01 }, "geometry": { "type": "Polygon", "coordinates": [ [ [ -8.219742, 40.719742 ], [ -8.21875, 40.719742 ], [ -8.21875, 40.71875 ], [ -8.217758, 40.71875 ], [ -8.217758, 40.716766 ], [ -8.214782, 40.716766 ], [ -8.214782, 40.715774 ], [ -8.215774, 40.715774 ], [ -8.215774, 40.71379 ], [ -8.217758, 40.71379 ], [ -8.217758, 40.714782 ], [ -8.21875, 40.714782 ], [ -8.21875, 40.717758 ], [ -8.219742, 40.717758 ], [ -8.219742, 40.716766 ], [ -8.221726, 40.716766 ], [ -8.221726, 40.717758 ], [ -8.22371, 40.717758 ], [ -8.22371, 40.721726 ], [ -8.220734, 40.721726 ], [ -8.220734, 40.720734 ], [ -8.219742, 40.720734 ], [ -8.219742, 40.719742 ] ], [ [ -8.221726, 40.720734 ], [ -8.221726, 40.719742 ], [ -8.220734, 40.719742 ], [ -8.220734, 40.720734 ], [ -8.221726, 40.720734 ] ] ] } },
{ "type": "Feature", "properties": { "value_per_ha": 3350, "exposure_id": 537, "area_ha": 45.7766, "ael_bau": 4928.51, "ael_primary_full": 4928.51, "ael_primary_partial": 4925.64, "ael_secondary_full": 1026.16, "ael_secondary_partial": 3413.46, "ael_combined_full": 1044.87, "ael_combined_partial": 3328.09 }, "geometry": { "type": "Polygon", "coordinates": [ [ [ -8.209821, 40.719742 ], [ -8.209821, 40.71875 ], [ -8.211806, 40.71875 ], [ -8.211806, 40.720734 ], [ -8.208829, 40.720734 ], [ -8.208829, 40.724702 ], [ -8.203869, 40.724702 ], [ -8.203869, 40.725694 ], [ -8.202877, 40.725694 ], [ -8.202877, 40.726687 ], [ -8.201885, 40.726687 ], [ -8.201885, 40.727679 ], [ -8.200265, 40.727679 ], [ -8.200213, 40.727542 ], [ -8.200194, 40.727395 ], [ -8.200198, 40.727141 ], [ -8.200536, 40.726847 ], [ -8.200565, 40.7268 ], [ -8.200576, 40.726694 ], [ -8.200718, 40.726523 ], [ -8.200753, 40.726424 ], [ -8.200753, 40.726369 ], [ -8.200714, 40.726289 ], [ -8.200479, 40.725996 ], [ -8.200453, 40.725929 ], [ -8.200448, 40.725818 ], [ -8.200506, 40.725757 ], [ -8.200801, 40.725602 ], [ -8.201033, 40.725392 ], [ -8.201115, 40.725289 ], [ -8.201682, 40.724718 ], [ -8.201727, 40.724631 ], [ -8.201717, 40.724014 ], [ -8.201704, 40.723775 ], [ -8.20167, 40.723637 ], [ -8.201659, 40.722697 ], [ -8.201606, 40.722436 ], [ -8.201594, 40.722101 ], [ -8.201629, 40.721985 ], [ -8.20179, 40.721803 ], [ -8.201427, 40.721072 ], [ -8.201329, 40.720734 ], [ -8.202877, 40.720734 ], [ -8.202877, 40.719742 ], [ -8.201885, 40.719742 ], [ -8.201885, 40.71875 ], [ -8.203869, 40.71875 ], [ -8.203869, 40.719742 ], [ -8.207837, 40.719742 ], [ -8.207837, 40.71875 ], [ -8.208829, 40.71875 ], [ -8.208829, 40.719742 ], [ -8.209821, 40.719742 ] ] ] } },
{ "type": "Feature", "properties": { "value_per_ha": 3350, "exposure_id": 538, "area_ha": 21.4693, "ael_bau": 1973.12, "ael_primary_full": 1973.12, "ael_primary_partial": 1973.12, "ael_secondary_full": 697.53, "ael_secondary_partial": 1346.54, "ael_combined_full": 806.04, "ael_combined_partial": 1337.46 }, "geometry": { "type": "MultiPolygon", "coordinates": [ [ [ [ -8.199901, 40.728671 ], [ -8.199901, 40.728865 ], [ -8.199834, 40.728801 ], [ -8.199867, 40.728757 ], [ -8.199887, 40.728671 ], [ -8.199901, 40.728671 ] ] ], [ [ [ -8.205853, 40.729663 ], [ -8.205853, 40.730655 ], [ -8.208829, 40.730655 ], [ -8.208829, 40.731647 ], [ -8.206845, 40.731647 ], [ -8.206845, 40.732639 ], [ -8.204861, 40.732639 ], [ -8.204861, 40.733631 ], [ -8.200893, 40.733631 ], [ -8.200893, 40.732639 ], [ -8.200406, 40.732639 ], [ -8.200293, 40.73238 ], [ -8.200252, 40.73198 ], [ -8.200244, 40.731723 ], [ -8.200264, 40.731628 ], [ -8.200355, 40.731393 ], [ -8.200368, 40.731214 ], [ -8.200331, 40.731116 ], [ -8.200205, 40.730885 ], [ -8.200046, 40.730669 ], [ -8.199876, 40.730334 ], [ -8.199827, 40.730109 ], [ -8.199829, 40.729948 ], [ -8.199983, 40.729663 ], [ -8.205853, 40.729663 ] ], [ [ -8.203869, 40.730655 ], [ -8.203869, 40.731647 ], [ -8.205853, 40.731647 ], [ -8.205853, 40.730655 ], [ -8.203869, 40.730655 ] ] ] ] } },
{ "type": "Feature", "properties": { "value_per_ha": 3350, "exposure_id": 539, "area_ha": 0.0415, "ael_bau": 0.0, "ael_primary_full": 0.0, "ael_primary_partial": 0.0, "ael_secondary_full": 0.0, "ael_secondary_partial": 0.0, "ael_combined_full": 0.0, "ael_combined_partial": 0.0 }, "geometry": { "type": "MultiPolygon", "coordinates": [ [ [ [ -8.203869, 40.734623 ], [ -8.203913, 40.734623 ], [ -8.203869, 40.73463 ], [ -8.203869, 40.734623 ] ] ], [ [ [ -8.207837, 40.734623 ], [ -8.207837, 40.73465 ], [ -8.207791, 40.734648 ], [ -8.207696, 40.734686 ], [ -8.207396, 40.734728 ], [ -8.207313, 40.734681 ], [ -8.207089, 40.734623 ], [ -8.207837, 40.734623 ] ] ] ] } },
{ "type": "Feature", "properties": { "value_per_ha": 3350, "exposure_id": 540, "area_ha": 0.247, "ael_bau": 0.0, "ael_primary_full": 0.0, "ael_primary_partial": 0.0, "ael_secondary_full": 0.0, "ael_secondary_partial": 0.0, "ael_combined_full": 0.0, "ael_combined_partial": 0.0 }, "geometry": { "type": "Polygon", "coordinates": [ [ [ -8.201885, 40.734623 ], [ -8.201885, 40.734934 ], [ -8.201397, 40.735009 ], [ -8.201188, 40.734863 ], [ -8.200964, 40.734623 ], [ -8.201885, 40.734623 ] ] ] } }
]
}
