{
"type": "FeatureCollection",
"name": "study_area",
"crs": { "type": "name", "properties": { "name": "urn:ogc:def:crs:OGC:1.3:CRS84" } },
"xy_coordinate_resolution": 1e-06,
"features": [
{ "type": "Feature", "properties": { }, "geometry": { "type": "Polygon", "coordinates": [ [ [ -8.215095, 40.537529 ], [ -8.211925, 40.531179 ], [ -8.20483, 40.532518 ], [ -8.202866, 40.53291 ], [ -8.200421, 40.53322 ], [ -8.200402, 40.53324 ], [ -8.20028, 40.533261 ], [ -8.200099, 40.533321 ], [ -8.199462, 40.533612 ], [ -8.193924, 40.534411 ], [ -8.191129, 40.534721 ], [ -8.187637, 40.535445 ], [ -8.183812, 40.535949 ], [ -8.181617, 40.535931 ], [ -8.181446, 40.535936 ], [ -8.181138, 40.536024 ], [ -8.180925, 40.536022 ], [ -8.180848, 40.536007 ], [ -8.178766, 40.536742 ], [ -8.178474, 40.535034 ], [ -8.178279, 40.533743 ], [ -8.178238, 40.53126 ], [ -8.174348, 40.528141 ], [ -8.17332, 40.527523 ], [ -8.17059, 40.525391 ], [ -8.167751, 40.523854 ], [ -8.167301, 40.523649 ], [ -8.1669, 40.523348 ], [ -8.16684, 40.523257 ], [ -8.166772, 40.523012 ], [ -8.166455, 40.522681 ], [ -8.166371, 40.522433 ], [ -8.166363, 40.522275 ], [ -8.166272, 40.522175 ], [ -8.165718, 40.521897 ], [ -8.165079, 40.521614 ], [ -8.164798, 40.521513 ], [ -8.164203, 40.521317 ], [ -8.163893, 40.521267 ], [ -8.163278, 40.52113 ], [ -8.162864, 40.520987 ], [ -8.16263, 40.520848 ], [ -8.16242, 40.520687 ], [ -8.162208, 40.520496 ], [ -8.162083, 40.520297 ], [ -8.162068, 40.520224 ], [ -8.161991, 40.520106 ], [ -8.159873, 40.518587 ], [ -8.155743, 40.51956 ], [ -8.15562, 40.519684 ], [ -8.155455, 40.519815 ], [ -8.155366, 40.519833 ], [ -8.155162, 40.519922 ], [ -8.155122, 40.519987 ], [ -8.155102, 40.520091 ], [ -8.154993, 40.520264 ], [ -8.153281, 40.520394 ], [ -8.153013, 40.520401 ], [ -8.152472, 40.520328 ], [ -8.152176, 40.520243 ], [ -8.151796, 40.520236 ], [ -8.151691, 40.520242 ], [ -8.151454, 40.520303 ], [ -8.150947, 40.520341 ], [ -8.150705, 40.520381 ], [ -8.150028, 40.520593 ], [ -8.149632, 40.520891 ], [ -8.149349, 40.521056 ], [ -8.149123, 40.521219 ], [ -8.14896, 40.521437 ], [ -8.148853, 40.521652 ], [ -8.148694, 40.521847 ], [ -8.148545, 40.521952 ], [ -8.146207, 40.522543 ], [ -8.141776, 40.523218 ], [ -8.137611, 40.524157 ], [ -8.131503, 40.525402 ], [ -8.128459, 40.526653 ], [ -8.12695, 40.527336 ], [ -8.126661, 40.52709 ], [ -8.126437, 40.526845 ], [ -8.126295, 40.52663 ], [ -8.126235, 40.526464 ], [ -8.126222, 40.526343 ], [ -8.126229, 40.526243 ], [ -8.126281, 40.526127 ], [ -8.126433, 40.525931 ], [ -8.126782, 40.52572 ], [ -8.127197, 40.525584 ], [ -8.127618, 40.525418 ], [ -8.128132, 40.525167 ], [ -8.12829, 40.525046 ], [ -8.128323, 40.524935 ], [ -8.12831, 40.524763 ], [ -8.12827, 40.524628 ], [ -8.128086, 40.524396 ], [ -8.127967, 40.524301 ], [ -8.127651, 40.52416 ], [ -8.127368, 40.524085 ], [ -8.127111, 40.523939 ], [ -8.126953, 40.523803 ], [ -8.126861, 40.523637 ], [ -8.126874, 40.523421 ], [ -8.126914, 40.52332 ], [ -8.127118, 40.523169 ], [ -8.127309, 40.523064 ], [ -8.127454, 40.522958 ], [ -8.127651, 40.522776 ], [ -8.127809, 40.522555 ], [ -8.128171, 40.522172 ], [ -8.128836, 40.521645 ], [ -8.129054, 40.521443 ], [ -8.129225, 40.521232 ], [ -8.12931, 40.521071 ], [ -8.129409, 40.520773 ], [ -8.129416, 40.520612 ], [ -8.129343, 40.520346 ], [ -8.129225, 40.520124 ], [ -8.128823, 40.519621 ], [ -8.128672, 40.51937 ], [ -8.128553, 40.518982 ], [ -8.128487, 40.518676 ], [ -8.128494, 40.518444 ], [ -8.128573, 40.518213 ], [ -8.128665, 40.518027 ], [ -8.128797, 40.517826 ], [ -8.128995, 40.51766 ], [ -8.129172, 40.5176 ], [ -8.129831, 40.51764 ], [ -8.130288, 40.51763 ], [ -8.130479, 40.517585 ], [ -8.130637, 40.517519 ], [ -8.130789, 40.517404 ], [ -8.13096, 40.517217 ], [ -8.131407, 40.516607 ], [ -8.131526, 40.516396 ], [ -8.131697, 40.516144 ], [ -8.131914, 40.515888 ], [ -8.132171, 40.515536 ], [ -8.132164, 40.51533 ], [ -8.132066, 40.515194 ], [ -8.131848, 40.514997 ], [ -8.131474, 40.514726 ], [ -8.130973, 40.514303 ], [ -8.130756, 40.514077 ], [ -8.130585, 40.513825 ], [ -8.130486, 40.513655 ], [ -8.130407, 40.513358 ], [ -8.1304, 40.513187 ], [ -8.13044, 40.512945 ], [ -8.130525, 40.512825 ], [ -8.130743, 40.512666 ], [ -8.130901, 40.512606 ], [ -8.131717, 40.512541 ], [ -8.132105, 40.51247 ], [ -8.132388, 40.512395 ], [ -8.132599, 40.512299 ], [ -8.132731, 40.512209 ], [ -8.132935, 40.511907 ], [ -8.133095, 40.511344 ], [ -8.134991, 40.51031 ], [ -8.136485, 40.508136 ], [ -8.13928, 40.504711 ], [ -8.139246, 40.504532 ], [ -8.139189, 40.504419 ], [ -8.13919, 40.504393 ], [ -8.139284, 40.50428 ], [ -8.139293, 40.50425 ], [ -8.139308, 40.503923 ], [ -8.139363, 40.503835 ], [ -8.139392, 40.503617 ], [ -8.139517, 40.503475 ], [ -8.139607, 40.503352 ], [ -8.139616, 40.503314 ], [ -8.139618, 40.503073 ], [ -8.139585, 40.502887 ], [ -8.139611, 40.50241 ], [ -8.139633, 40.502369 ], [ -8.134757, 40.49966 ], [ -8.131176, 40.497943 ], [ -8.13123, 40.497863 ], [ -8.131323, 40.497781 ], [ -8.131706, 40.497691 ], [ -8.132161, 40.497401 ], [ -8.132419, 40.49714 ], [ -8.132525, 40.496931 ], [ -8.132579, 40.496583 ], [ -8.132579, 40.496172 ], [ -8.132571, 40.495766 ], [ -8.132503, 40.495354 ], [ -8.132487, 40.494734 ], [ -8.132533, 40.494363 ], [ -8.132616, 40.494189 ], [ -8.13273, 40.49405 ], [ -8.13295, 40.493945 ], [ -8.133313, 40.493925 ], [ -8.133726, 40.493943 ], [ -8.133984, 40.494027 ], [ -8.134148, 40.494143 ], [ -8.134341, 40.494363 ], [ -8.134755, 40.495114 ], [ -8.134827, 40.495389 ], [ -8.134906, 40.495499 ], [ -8.135062, 40.495624 ], [ -8.13518, 40.495636 ], [ -8.135309, 40.495615 ], [ -8.135514, 40.49552 ], [ -8.135923, 40.495363 ], [ -8.136915, 40.495067 ], [ -8.136986, 40.494772 ], [ -8.137129, 40.494499 ], [ -8.137302, 40.494328 ], [ -8.137486, 40.494211 ], [ -8.13823, 40.493884 ], [ -8.13877, 40.493588 ], [ -8.138974, 40.493393 ], [ -8.139076, 40.493222 ], [ -8.139106, 40.492918 ], [ -8.139035, 40.492716 ], [ -8.138647, 40.492466 ], [ -8.138117, 40.492217 ], [ -8.137873, 40.492194 ], [ -8.137639, 40.492272 ], [ -8.137404, 40.492521 ], [ -8.137119, 40.492716 ], [ -8.136905, 40.492739 ], [ -8.136599, 40.492739 ], [ -8.136344, 40.492677 ], [ -8.135467, 40.492288 ], [ -8.134952, 40.491997 ], [ -8.134105, 40.491475 ], [ -8.133647, 40.491078 ], [ -8.133555, 40.490852 ], [ -8.133555, 40.490564 ], [ -8.133616, 40.490276 ], [ -8.13382, 40.489895 ], [ -8.134185, 40.489486 ], [ -8.134542, 40.48905 ], [ -8.134735, 40.488513 ], [ -8.134776, 40.487913 ], [ -8.134634, 40.487321 ], [ -8.134522, 40.486691 ], [ -8.134381, 40.486143 ], [ -8.134289, 40.485326 ], [ -8.134177, 40.484687 ], [ -8.134034, 40.484267 ], [ -8.1338, 40.483807 ], [ -8.13328, 40.483052 ], [ -8.132831, 40.482545 ], [ -8.132413, 40.482187 ], [ -8.131934, 40.481868 ], [ -8.13116, 40.48144 ], [ -8.130813, 40.481338 ], [ -8.130385, 40.481183 ], [ -8.129866, 40.48105 ], [ -8.129591, 40.481027 ], [ -8.129264, 40.481066 ], [ -8.12901, 40.481144 ], [ -8.128745, 40.481253 ], [ -8.128592, 40.481408 ], [ -8.128092, 40.482281 ], [ -8.127797, 40.482748 ], [ -8.127562, 40.48295 ], [ -8.127267, 40.483137 ], [ -8.12692, 40.48327 ], [ -8.126767, 40.48327 ], [ -8.126533, 40.483223 ], [ -8.126268, 40.483114 ], [ -8.125962, 40.482943 ], [ -8.12585, 40.482748 ], [ -8.12584, 40.482577 ], [ -8.125809, 40.482475 ], [ -8.125667, 40.482358 ], [ -8.125392, 40.482265 ], [ -8.125229, 40.482101 ], [ -8.124454, 40.480661 ], [ -8.124159, 40.480341 ], [ -8.124098, 40.480162 ], [ -8.124087, 40.479812 ], [ -8.124179, 40.479532 ], [ -8.124393, 40.479267 ], [ -8.124638, 40.479088 ], [ -8.124923, 40.478971 ], [ -8.125168, 40.478987 ], [ -8.125575, 40.479134 ], [ -8.125891, 40.479158 ], [ -8.126146, 40.479072 ], [ -8.12852, 40.477686 ], [ -8.12903, 40.477492 ], [ -8.129478, 40.477406 ], [ -8.129764, 40.477367 ], [ -8.1301, 40.477422 ], [ -8.130518, 40.47762 ], [ -8.130919, 40.477841 ], [ -8.131446, 40.478061 ], [ -8.131929, 40.478172 ], [ -8.132286, 40.478224 ], [ -8.132982, 40.478234 ], [ -8.133195, 40.478171 ], [ -8.133421, 40.478013 ], [ -8.133509, 40.477894 ], [ -8.13349, 40.47775 ], [ -8.13344, 40.47764 ], [ -8.133311, 40.477496 ], [ -8.133073, 40.477343 ], [ -8.132124, 40.476648 ], [ -8.13166, 40.476216 ], [ -8.131246, 40.475756 ], [ -8.131045, 40.47544 ], [ -8.131095, 40.475239 ], [ -8.131284, 40.475105 ], [ -8.131697, 40.474913 ], [ -8.132186, 40.47475 ], [ -8.132951, 40.474463 ], [ -8.133523, 40.47416 ], [ -8.134376, 40.473613 ], [ -8.135529, 40.473077 ], [ -8.13588, 40.472856 ], [ -8.137197, 40.472109 ], [ -8.138856, 40.470775 ], [ -8.13942, 40.470388 ], [ -8.139809, 40.469942 ], [ -8.140316, 40.469094 ], [ -8.140671, 40.468565 ], [ -8.141002, 40.467821 ], [ -8.141255, 40.467055 ], [ -8.141537, 40.466512 ], [ -8.141819, 40.465909 ], [ -8.141975, 40.465292 ], [ -8.142043, 40.464882 ], [ -8.142033, 40.46457 ], [ -8.141994, 40.464339 ], [ -8.141887, 40.464101 ], [ -8.141887, 40.463841 ], [ -8.141946, 40.463536 ], [ -8.14214, 40.463246 ], [ -8.142554, 40.462766 ], [ -8.143011, 40.462398 ], [ -8.143617, 40.461986 ], [ -8.144016, 40.461808 ], [ -8.144771, 40.461573 ], [ -8.145211, 40.461401 ], [ -8.145527, 40.461192 ], [ -8.145942, 40.460722 ], [ -8.146448, 40.460329 ], [ -8.146797, 40.460119 ], [ -8.147162, 40.459967 ], [ -8.14805, 40.459789 ], [ -8.148826, 40.459688 ], [ -8.150586, 40.459574 ], [ -8.151267, 40.459447 ], [ -8.151757, 40.459294 ], [ -8.152429, 40.458983 ], [ -8.152819, 40.458749 ], [ -8.153124, 40.458486 ], [ -8.153265, 40.458182 ], [ -8.15329, 40.456842 ], [ -8.153232, 40.456259 ], [ -8.153024, 40.455294 ], [ -8.152874, 40.454862 ], [ -8.15264, 40.454342 ], [ -8.152619, 40.454145 ], [ -8.152664, 40.453967 ], [ -8.152776, 40.453805 ], [ -8.153054, 40.453567 ], [ -8.153542, 40.453063 ], [ -8.15458, 40.453033 ], [ -8.154477, 40.452687 ], [ -8.154285, 40.452215 ], [ -8.154228, 40.45188 ], [ -8.15423, 40.451662 ], [ -8.154252, 40.451383 ], [ -8.15434, 40.450972 ], [ -8.154552, 40.450597 ], [ -8.154716, 40.450378 ], [ -8.154923, 40.450286 ], [ -8.155401, 40.450137 ], [ -8.156607, 40.449896 ], [ -8.15703, 40.449737 ], [ -8.157331, 40.449585 ], [ -8.157576, 40.449447 ], [ -8.157856, 40.449264 ], [ -8.157866, 40.44924 ], [ -8.158093, 40.449316 ], [ -8.158354, 40.449362 ], [ -8.15856, 40.449304 ], [ -8.158801, 40.449144 ], [ -8.159045, 40.448935 ], [ -8.15925, 40.448852 ], [ -8.159447, 40.448851 ], [ -8.159631, 40.4489 ], [ -8.159787, 40.448992 ], [ -8.159841, 40.449073 ], [ -8.159954, 40.449398 ], [ -8.16002, 40.449539 ], [ -8.160178, 40.449656 ], [ -8.160483, 40.449746 ], [ -8.160696, 40.449753 ], [ -8.160829, 40.449731 ], [ -8.160942, 40.449675 ], [ -8.161158, 40.449376 ], [ -8.161226, 40.44915 ], [ -8.161411, 40.448745 ], [ -8.16144, 40.448547 ], [ -8.161505, 40.448311 ], [ -8.161586, 40.448118 ], [ -8.16173, 40.448008 ], [ -8.161834, 40.447965 ], [ -8.161939, 40.447968 ], [ -8.162063, 40.44807 ], [ -8.162197, 40.448344 ], [ -8.162309, 40.448486 ], [ -8.162451, 40.448625 ], [ -8.1629, 40.449002 ], [ -8.163288, 40.449254 ], [ -8.163374, 40.449363 ], [ -8.163594, 40.449565 ], [ -8.163993, 40.449743 ], [ -8.164277, 40.449898 ], [ -8.164499, 40.450115 ], [ -8.164676, 40.450357 ], [ -8.164703, 40.450611 ], [ -8.164685, 40.450722 ], [ -8.164572, 40.451031 ], [ -8.164549, 40.45141 ], [ -8.164645, 40.451875 ], [ -8.16468, 40.452268 ], [ -8.16475, 40.452619 ], [ -8.164772, 40.452889 ], [ -8.165052, 40.453412 ], [ -8.165157, 40.453836 ], [ -8.165211, 40.454117 ], [ -8.165284, 40.454657 ], [ -8.165325, 40.455144 ], [ -8.165371, 40.455268 ], [ -8.165509, 40.455474 ], [ -8.165661, 40.455758 ], [ -8.16568, 40.456211 ], [ -8.165698, 40.456301 ], [ -8.165794, 40.456537 ], [ -8.166006, 40.456912 ], [ -8.166524, 40.457572 ], [ -8.166698, 40.45791 ], [ -8.166878, 40.458312 ], [ -8.166925, 40.458472 ], [ -8.16695, 40.458928 ], [ -8.167036, 40.459227 ], [ -8.167035, 40.459423 ], [ -8.167238, 40.459676 ], [ -8.167612, 40.460008 ], [ -8.16765, 40.460128 ], [ -8.167612, 40.460418 ], [ -8.167374, 40.460683 ], [ -8.166992, 40.461007 ], [ -8.166661, 40.461217 ], [ -8.166592, 40.46129 ], [ -8.166552, 40.461361 ], [ -8.166552, 40.461665 ], [ -8.166641, 40.461883 ], [ -8.166692, 40.462109 ], [ -8.166726, 40.462189 ], [ -8.166767, 40.462239 ], [ -8.166991, 40.462425 ], [ -8.167312, 40.462666 ], [ -8.16753, 40.462875 ], [ -8.1677, 40.463061 ], [ -8.167797, 40.46326 ], [ -8.167925, 40.463418 ], [ -8.167966, 40.463517 ], [ -8.168032, 40.463617 ], [ -8.168226, 40.463754 ], [ -8.168556, 40.463901 ], [ -8.169128, 40.464244 ], [ -8.169306, 40.464362 ], [ -8.169529, 40.464538 ], [ -8.169584, 40.464613 ], [ -8.1696, 40.464675 ], [ -8.169595, 40.464795 ], [ -8.169451, 40.465064 ], [ -8.169394, 40.465267 ], [ -8.169357, 40.465581 ], [ -8.169201, 40.46598 ], [ -8.16916, 40.466212 ], [ -8.169196, 40.466619 ], [ -8.169199, 40.466968 ], [ -8.16925, 40.467202 ], [ -8.169293, 40.46724 ], [ -8.16947, 40.467613 ], [ -8.16966, 40.467875 ], [ -8.169688, 40.468201 ], [ -8.169804, 40.468372 ], [ -8.16989, 40.468447 ], [ -8.17007, 40.468563 ], [ -8.170297, 40.468755 ], [ -8.171889, 40.469616 ], [ -8.172106, 40.469796 ], [ -8.172502, 40.470185 ], [ -8.172723, 40.470373 ], [ -8.17281, 40.470426 ], [ -8.172996, 40.470503 ], [ -8.173291, 40.470534 ], [ -8.173489, 40.470511 ], [ -8.173743, 40.470425 ], [ -8.173837, 40.470337 ], [ -8.1739, 40.4703 ], [ -8.174078, 40.470253 ], [ -8.17436, 40.470247 ], [ -8.17466, 40.470291 ], [ -8.175094, 40.470329 ], [ -8.175395, 40.470431 ], [ -8.175475, 40.470479 ], [ -8.175547, 40.470712 ], [ -8.175552, 40.470841 ], [ -8.175581, 40.470893 ], [ -8.175675, 40.470971 ], [ -8.175813, 40.47099 ], [ -8.176168, 40.470765 ], [ -8.176229, 40.470746 ], [ -8.176351, 40.47074 ], [ -8.176645, 40.470892 ], [ -8.176829, 40.471066 ], [ -8.176904, 40.4711 ], [ -8.176989, 40.471106 ], [ -8.177076, 40.471093 ], [ -8.177156, 40.471039 ], [ -8.177354, 40.470813 ], [ -8.17755, 40.470625 ], [ -8.177593, 40.470601 ], [ -8.177749, 40.4706 ], [ -8.177855, 40.470645 ], [ -8.178068, 40.471027 ], [ -8.178101, 40.471296 ], [ -8.178153, 40.471383 ], [ -8.178343, 40.47154 ], [ -8.1784, 40.471565 ], [ -8.178459, 40.471569 ], [ -8.178708, 40.471439 ], [ -8.1788, 40.471363 ], [ -8.178867, 40.471261 ], [ -8.178997, 40.470975 ], [ -8.179099, 40.470862 ], [ -8.179208, 40.470852 ], [ -8.17989, 40.470964 ], [ -8.180228, 40.471114 ], [ -8.180583, 40.471123 ], [ -8.180693, 40.471095 ], [ -8.180928, 40.471002 ], [ -8.181153, 40.471004 ], [ -8.181596, 40.471253 ], [ -8.181801, 40.471274 ], [ -8.181893, 40.47125 ], [ -8.181992, 40.471173 ], [ -8.182066, 40.471036 ], [ -8.182182, 40.470872 ], [ -8.18223, 40.470811 ], [ -8.182298, 40.470764 ], [ -8.182422, 40.470719 ], [ -8.182801, 40.470726 ], [ -8.18316, 40.470806 ], [ -8.183759, 40.47085 ], [ -8.183911, 40.470879 ], [ -8.184272, 40.470973 ], [ -8.18448, 40.471072 ], [ -8.184758, 40.471248 ], [ -8.184978, 40.471435 ], [ -8.185227, 40.471728 ], [ -8.185412, 40.47192 ], [ -8.185823, 40.472261 ], [ -8.18606, 40.472485 ], [ -8.186445, 40.472909 ], [ -8.186576, 40.473014 ], [ -8.18668, 40.473065 ], [ -8.186805, 40.473101 ], [ -8.186953, 40.473113 ], [ -8.187013, 40.47309 ], [ -8.187144, 40.472945 ], [ -8.187275, 40.472703 ], [ -8.1873, 40.472679 ], [ -8.187369, 40.472658 ], [ -8.188271, 40.472681 ], [ -8.188419, 40.472631 ], [ -8.188661, 40.472516 ], [ -8.188865, 40.472473 ], [ -8.189242, 40.472468 ], [ -8.189486, 40.472535 ], [ -8.189786, 40.47254 ], [ -8.190363, 40.472397 ], [ -8.19066, 40.47236 ], [ -8.191096, 40.472358 ], [ -8.191431, 40.472399 ], [ -8.191665, 40.47251 ], [ -8.191743, 40.472566 ], [ -8.191866, 40.472689 ], [ -8.192085, 40.473012 ], [ -8.192102, 40.473066 ], [ -8.192101, 40.473669 ], [ -8.192128, 40.473896 ], [ -8.192182, 40.474139 ], [ -8.192233, 40.474209 ], [ -8.192396, 40.474339 ], [ -8.192481, 40.474473 ], [ -8.192534, 40.47451 ], [ -8.192632, 40.474511 ], [ -8.192696, 40.474489 ], [ -8.192855, 40.474382 ], [ -8.192948, 40.474344 ], [ -8.193079, 40.474349 ], [ -8.193378, 40.474462 ], [ -8.193579, 40.474635 ], [ -8.193966, 40.475126 ], [ -8.194225, 40.475388 ], [ -8.194508, 40.475584 ], [ -8.194798, 40.47575 ], [ -8.195141, 40.476037 ], [ -8.195888, 40.476498 ], [ -8.195971, 40.47657 ], [ -8.196001, 40.476632 ], [ -8.196007, 40.476808 ], [ -8.195914, 40.477002 ], [ -8.195909, 40.47708 ], [ -8.195803, 40.477333 ], [ -8.195799, 40.477424 ], [ -8.195822, 40.477518 ], [ -8.195862, 40.477595 ], [ -8.19601, 40.47775 ], [ -8.196123, 40.477819 ], [ -8.196373, 40.477924 ], [ -8.196498, 40.477955 ], [ -8.19682, 40.477977 ], [ -8.197136, 40.478033 ], [ -8.197525, 40.478035 ], [ -8.197623, 40.478063 ], [ -8.19772, 40.47807 ], [ -8.197838, 40.478048 ], [ -8.19795, 40.477989 ], [ -8.198221, 40.477767 ], [ -8.198241, 40.477656 ], [ -8.198243, 40.477478 ], [ -8.19826, 40.47743 ], [ -8.198292, 40.477382 ], [ -8.198395, 40.477296 ], [ -8.198496, 40.477265 ], [ -8.198727, 40.477263 ], [ -8.198839, 40.477291 ], [ -8.198905, 40.477332 ], [ -8.19904, 40.477579 ], [ -8.199291, 40.478123 ], [ -8.199476, 40.47839 ], [ -8.199587, 40.478481 ], [ -8.199842, 40.478573 ], [ -8.200181, 40.478648 ], [ -8.200258, 40.478681 ], [ -8.200329, 40.478745 ], [ -8.200502, 40.479 ], [ -8.200546, 40.479041 ], [ -8.200892, 40.479278 ], [ -8.200954, 40.479339 ], [ -8.200997, 40.479418 ], [ -8.201006, 40.479527 ], [ -8.200993, 40.479682 ], [ -8.200926, 40.479839 ], [ -8.200594, 40.480358 ], [ -8.20048, 40.480584 ], [ -8.20032, 40.480772 ], [ -8.200024, 40.481181 ], [ -8.199897, 40.481454 ], [ -8.199753, 40.481685 ], [ -8.199585, 40.481897 ], [ -8.199344, 40.48206 ], [ -8.19894, 40.482208 ], [ -8.198839, 40.482275 ], [ -8.198733, 40.482412 ], [ -8.198695, 40.482505 ], [ -8.198684, 40.482804 ], [ -8.198731, 40.48294 ], [ -8.19888, 40.483213 ], [ -8.198887, 40.483261 ], [ -8.198886, 40.483498 ], [ -8.198854, 40.483768 ], [ -8.198855, 40.484262 ], [ -8.198934, 40.484486 ], [ -8.19907, 40.484696 ], [ -8.199385, 40.485082 ], [ -8.199944, 40.485948 ], [ -8.200102, 40.486311 ], [ -8.200111, 40.486499 ], [ -8.200185, 40.486662 ], [ -8.200366, 40.486857 ], [ -8.200415, 40.486962 ], [ -8.200576, 40.487155 ], [ -8.200933, 40.487413 ], [ -8.201167, 40.48754 ], [ -8.201427, 40.487717 ], [ -8.20155, 40.48787 ], [ -8.201591, 40.487954 ], [ -8.201876, 40.488372 ], [ -8.201983, 40.488582 ], [ -8.201989, 40.488731 ], [ -8.201959, 40.488809 ], [ -8.201821, 40.489043 ], [ -8.201815, 40.489302 ], [ -8.201874, 40.489506 ], [ -8.201997, 40.48973 ], [ -8.202163, 40.489938 ], [ -8.202234, 40.49007 ], [ -8.202397, 40.490268 ], [ -8.202512, 40.490385 ], [ -8.202846, 40.490637 ], [ -8.203249, 40.490985 ], [ -8.2036, 40.491399 ], [ -8.203797, 40.491601 ], [ -8.203822, 40.491673 ], [ -8.20383, 40.491899 ], [ -8.20381, 40.492044 ], [ -8.203617, 40.492498 ], [ -8.203616, 40.492979 ], [ -8.203701, 40.493155 ], [ -8.203832, 40.493227 ], [ -8.203868, 40.493276 ], [ -8.203879, 40.493402 ], [ -8.203733, 40.493733 ], [ -8.203725, 40.493853 ], [ -8.203772, 40.494074 ], [ -8.203881, 40.494316 ], [ -8.203902, 40.494659 ], [ -8.203974, 40.494784 ], [ -8.204187, 40.49505 ], [ -8.204424, 40.495427 ], [ -8.204501, 40.49562 ], [ -8.204528, 40.49575 ], [ -8.204568, 40.495835 ], [ -8.204606, 40.495974 ], [ -8.204674, 40.496131 ], [ -8.204972, 40.496515 ], [ -8.205151, 40.496848 ], [ -8.20517, 40.496922 ], [ -8.205222, 40.497017 ], [ -8.205593, 40.497607 ], [ -8.205612, 40.497749 ], [ -8.205601, 40.497933 ], [ -8.205554, 40.498027 ], [ -8.205548, 40.498168 ], [ -8.2056, 40.498261 ], [ -8.205667, 40.498314 ], [ -8.205758, 40.498335 ], [ -8.206144, 40.498346 ], [ -8.206317, 40.498428 ], [ -8.206378, 40.498517 ], [ -8.206672, 40.499094 ], [ -8.206722, 40.499138 ], [ -8.206867, 40.499212 ], [ -8.207154, 40.499423 ], [ -8.207359, 40.499633 ], [ -8.207376, 40.49968 ], [ -8.207389, 40.500313 ], [ -8.207401, 40.500384 ], [ -8.207447, 40.500502 ], [ -8.20749, 40.500733 ], [ -8.20796, 40.50134 ], [ -8.208126, 40.501478 ], [ -8.208325, 40.501588 ], [ -8.208405, 40.501677 ], [ -8.208356, 40.501787 ], [ -8.208115, 40.502142 ], [ -8.208103, 40.502412 ], [ -8.208249, 40.502675 ], [ -8.208581, 40.502982 ], [ -8.208864, 40.503108 ], [ -8.20894, 40.503163 ], [ -8.209561, 40.503333 ], [ -8.209847, 40.50344 ], [ -8.210302, 40.503641 ], [ -8.210469, 40.503827 ], [ -8.210647, 40.504153 ], [ -8.210824, 40.504312 ], [ -8.210923, 40.504371 ], [ -8.211258, 40.504497 ], [ -8.211324, 40.504537 ], [ -8.211903, 40.504682 ], [ -8.212172, 40.504782 ], [ -8.212388, 40.504888 ], [ -8.212637, 40.504962 ], [ -8.212688, 40.504994 ], [ -8.21272, 40.505036 ], [ -8.212726, 40.505129 ], [ -8.212709, 40.505187 ], [ -8.212613, 40.505383 ], [ -8.212603, 40.505611 ], [ -8.212528, 40.505658 ], [ -8.212405, 40.505663 ], [ -8.212296, 40.505618 ], [ -8.212268, 40.50558 ], [ -8.21218, 40.505568 ], [ -8.21207, 40.505635 ], [ -8.211985, 40.505728 ], [ -8.211947, 40.505794 ], [ -8.211931, 40.505868 ], [ -8.211917, 40.506062 ], [ -8.21189, 40.506131 ], [ -8.211841, 40.506191 ], [ -8.211834, 40.506403 ], [ -8.211886, 40.506543 ], [ -8.21199, 40.506637 ], [ -8.212117, 40.506652 ], [ -8.212783, 40.506642 ], [ -8.213038, 40.506683 ], [ -8.21317, 40.50673 ], [ -8.213223, 40.506765 ], [ -8.213261, 40.506833 ], [ -8.213262, 40.506945 ], [ -8.213228, 40.506999 ], [ -8.212929, 40.507222 ], [ -8.212853, 40.507253 ], [ -8.212603, 40.507262 ], [ -8.212586, 40.507485 ], [ -8.212547, 40.507553 ], [ -8.212454, 40.507627 ], [ -8.212264, 40.507676 ], [ -8.212179, 40.507724 ], [ -8.21209, 40.507821 ], [ -8.212056, 40.507893 ], [ -8.212046, 40.508037 ], [ -8.212065, 40.508086 ], [ -8.212107, 40.508118 ], [ -8.212193, 40.508129 ], [ -8.212325, 40.508209 ], [ -8.21245, 40.508383 ], [ -8.212464, 40.508637 ], [ -8.212428, 40.508768 ], [ -8.212445, 40.508942 ], [ -8.212529, 40.50914 ], [ -8.212673, 40.509363 ], [ -8.212774, 40.509435 ], [ -8.212929, 40.50944 ], [ -8.213135, 40.509334 ], [ -8.213317, 40.509172 ], [ -8.213405, 40.509128 ], [ -8.213997, 40.508899 ], [ -8.214488, 40.508733 ], [ -8.214597, 40.508651 ], [ -8.214685, 40.508482 ], [ -8.214694, 40.50837 ], [ -8.214733, 40.508331 ], [ -8.214916, 40.50833 ], [ -8.21526, 40.508539 ], [ -8.215465, 40.508539 ], [ -8.215624, 40.508464 ], [ -8.215764, 40.508377 ], [ -8.215915, 40.508374 ], [ -8.216003, 40.508443 ], [ -8.216013, 40.508662 ], [ -8.215993, 40.508731 ], [ -8.215912, 40.508921 ], [ -8.215828, 40.509062 ], [ -8.215607, 40.509311 ], [ -8.215507, 40.509501 ], [ -8.21526, 40.509822 ], [ -8.215246, 40.509991 ], [ -8.215273, 40.510081 ], [ -8.21544, 40.510244 ], [ -8.215677, 40.510388 ], [ -8.215848, 40.510453 ], [ -8.215961, 40.510568 ], [ -8.216046, 40.510606 ], [ -8.216273, 40.510622 ], [ -8.216352, 40.51059 ], [ -8.216593, 40.510579 ], [ -8.216699, 40.510527 ], [ -8.216717, 40.510509 ], [ -8.216724, 40.510432 ], [ -8.216655, 40.510246 ], [ -8.216651, 40.510114 ], [ -8.216696, 40.510055 ], [ -8.216747, 40.510025 ], [ -8.216968, 40.510056 ], [ -8.217589, 40.510207 ], [ -8.217802, 40.510361 ], [ -8.218329, 40.510632 ], [ -8.218549, 40.510784 ], [ -8.218639, 40.510879 ], [ -8.218782, 40.511086 ], [ -8.218844, 40.511231 ], [ -8.21889, 40.511392 ], [ -8.218895, 40.511709 ], [ -8.218981, 40.511957 ], [ -8.219083, 40.51217 ], [ -8.219243, 40.512384 ], [ -8.219419, 40.512539 ], [ -8.219524, 40.512726 ], [ -8.219526, 40.513149 ], [ -8.219512, 40.513223 ], [ -8.219454, 40.513318 ], [ -8.219447, 40.513513 ], [ -8.219467, 40.513645 ], [ -8.219501, 40.513722 ], [ -8.21965, 40.513943 ], [ -8.219825, 40.514132 ], [ -8.219904, 40.514181 ], [ -8.220209, 40.514327 ], [ -8.220333, 40.514352 ], [ -8.220717, 40.514358 ], [ -8.221367, 40.514424 ], [ -8.221488, 40.514467 ], [ -8.221645, 40.51448 ], [ -8.221923, 40.51441 ], [ -8.222172, 40.514303 ], [ -8.222333, 40.514302 ], [ -8.222511, 40.514337 ], [ -8.223028, 40.51458 ], [ -8.223714, 40.515084 ], [ -8.223949, 40.515229 ], [ -8.224327, 40.515386 ], [ -8.224814, 40.515473 ], [ -8.225143, 40.515552 ], [ -8.225531, 40.515747 ], [ -8.225765, 40.515899 ], [ -8.226106, 40.5162 ], [ -8.226228, 40.516239 ], [ -8.227094, 40.516286 ], [ -8.227227, 40.516323 ], [ -8.227455, 40.516353 ], [ -8.227539, 40.51639 ], [ -8.22761, 40.516441 ], [ -8.227771, 40.516456 ], [ -8.227934, 40.516427 ], [ -8.228098, 40.516321 ], [ -8.228225, 40.516273 ], [ -8.228351, 40.516259 ], [ -8.228699, 40.516258 ], [ -8.228853, 40.516289 ], [ -8.229096, 40.516434 ], [ -8.229151, 40.51645 ], [ -8.229371, 40.516456 ], [ -8.229544, 40.516508 ], [ -8.229788, 40.51655 ], [ -8.23039, 40.516552 ], [ -8.230728, 40.516597 ], [ -8.23116, 40.51661 ], [ -8.231263, 40.516701 ], [ -8.231064, 40.51696 ], [ -8.230981, 40.517169 ], [ -8.230797, 40.5175 ], [ -8.23064, 40.5181 ], [ -8.230614, 40.518439 ], [ -8.230588, 40.518533 ], [ -8.230356, 40.518928 ], [ -8.230332, 40.519046 ], [ -8.230355, 40.519091 ], [ -8.230477, 40.519178 ], [ -8.230701, 40.519381 ], [ -8.23075, 40.519469 ], [ -8.230785, 40.519619 ], [ -8.230853, 40.519789 ], [ -8.230685, 40.519857 ], [ -8.230594, 40.519872 ], [ -8.230343, 40.520022 ], [ -8.226418, 40.525256 ], [ -8.226045, 40.52595 ], [ -8.225191, 40.527012 ], [ -8.224069, 40.527911 ], [ -8.222038, 40.529463 ], [ -8.221504, 40.529831 ], [ -8.2199, 40.530648 ], [ -8.218671, 40.531751 ], [ -8.217657, 40.533262 ], [ -8.217338, 40.534854 ], [ -8.216698, 40.536324 ], [ -8.215678, 40.538118 ], [ -8.215095, 40.537529 ] ] ] } },
{ "type": "Feature", "properties": { }, "geometry": { "type": "Polygon", "coordinates": [ [ [ -8.137353, 40.594544 ], [ -8.140764, 40.593786 ], [ -8.147999, 40.590987 ], [ -8.148556, 40.59098 ], [ -8.148727, 40.590961 ], [ -8.149802, 40.590401 ], [ -8.152993, 40.588514 ], [ -8.153126, 40.588486 ], [ -8.153417, 40.588314 ], [ -8.153703, 40.588197 ], [ -8.153807, 40.588179 ], [ -8.154177, 40.588185 ], [ -8.154202, 40.588173 ], [ -8.154258, 40.588107 ], [ -8.154353, 40.587894 ], [ -8.154445, 40.587821 ], [ -8.154578, 40.587798 ], [ -8.154919, 40.587783 ], [ -8.15502, 40.587747 ], [ -8.155185, 40.587646 ], [ -8.155289, 40.587623 ], [ -8.155413, 40.587627 ], [ -8.158834, 40.586424 ], [ -8.160652, 40.58582 ], [ -8.16289, 40.584874 ], [ -8.167868, 40.583833 ], [ -8.167697, 40.583567 ], [ -8.167465, 40.583339 ], [ -8.167292, 40.58313 ], [ -8.166998, 40.582718 ], [ -8.166865, 40.582505 ], [ -8.166585, 40.581839 ], [ -8.166522, 40.581755 ], [ -8.166149, 40.581382 ], [ -8.165909, 40.581213 ], [ -8.165183, 40.58079 ], [ -8.164986, 40.580659 ], [ -8.164815, 40.580488 ], [ -8.163896, 40.580079 ], [ -8.160208, 40.578247 ], [ -8.15673, 40.576802 ], [ -8.156367, 40.576355 ], [ -8.156269, 40.576312 ], [ -8.156067, 40.57629 ], [ -8.155737, 40.576176 ], [ -8.155594, 40.576162 ], [ -8.155511, 40.576169 ], [ -8.154586, 40.575564 ], [ -8.154124, 40.575527 ], [ -8.153759, 40.575309 ], [ -8.153513, 40.574982 ], [ -8.153329, 40.574857 ], [ -8.153143, 40.574782 ], [ -8.152941, 40.574751 ], [ -8.152437, 40.574745 ], [ -8.152108, 40.574547 ], [ -8.151885, 40.574389 ], [ -8.150924, 40.573574 ], [ -8.148584, 40.571528 ], [ -8.148653, 40.571441 ], [ -8.14866, 40.571264 ], [ -8.14862, 40.571067 ], [ -8.148623, 40.570942 ], [ -8.148634, 40.57087 ], [ -8.148696, 40.570784 ], [ -8.148923, 40.570617 ], [ -8.149155, 40.570511 ], [ -8.149741, 40.57029 ], [ -8.149828, 40.57021 ], [ -8.150038, 40.569929 ], [ -8.150145, 40.569871 ], [ -8.15033, 40.569838 ], [ -8.150603, 40.569815 ], [ -8.150687, 40.569787 ], [ -8.150827, 40.569662 ], [ -8.15084, 40.569509 ], [ -8.150741, 40.569357 ], [ -8.150363, 40.568926 ], [ -8.150221, 40.568677 ], [ -8.150209, 40.568579 ], [ -8.150224, 40.56851 ], [ -8.150288, 40.568415 ], [ -8.15073, 40.568078 ], [ -8.15077, 40.568044 ], [ -8.150806, 40.567979 ], [ -8.150788, 40.567817 ], [ -8.150764, 40.567754 ], [ -8.150712, 40.56768 ], [ -8.150594, 40.567605 ], [ -8.1506, 40.567519 ], [ -8.150718, 40.567248 ], [ -8.150942, 40.566863 ], [ -8.151007, 40.566699 ], [ -8.15108, 40.566393 ], [ -8.151091, 40.566284 ], [ -8.151254, 40.565838 ], [ -8.151398, 40.565612 ], [ -8.151486, 40.565544 ], [ -8.151688, 40.564762 ], [ -8.151648, 40.56467 ], [ -8.151411, 40.564347 ], [ -8.151245, 40.564145 ], [ -8.150894, 40.563774 ], [ -8.150712, 40.56363 ], [ -8.150519, 40.563527 ], [ -8.150206, 40.563424 ], [ -8.149832, 40.563185 ], [ -8.14939, 40.562799 ], [ -8.153622, 40.562949 ], [ -8.153809, 40.56291 ], [ -8.155806, 40.562326 ], [ -8.156647, 40.562774 ], [ -8.158753, 40.561964 ], [ -8.161681, 40.561174 ], [ -8.163703, 40.56002 ], [ -8.166473, 40.555792 ], [ -8.168063, 40.554194 ], [ -8.171701, 40.550241 ], [ -8.172452, 40.548016 ], [ -8.176035, 40.54334 ], [ -8.176952, 40.540997 ], [ -8.177158, 40.538313 ], [ -8.178766, 40.536742 ], [ -8.180848, 40.536007 ], [ -8.180925, 40.536022 ], [ -8.181138, 40.536024 ], [ -8.181446, 40.535936 ], [ -8.181617, 40.535931 ], [ -8.183812, 40.535949 ], [ -8.187637, 40.535445 ], [ -8.191129, 40.534721 ], [ -8.193924, 40.534411 ], [ -8.199462, 40.533612 ], [ -8.200099, 40.533321 ], [ -8.20028, 40.533261 ], [ -8.200402, 40.53324 ], [ -8.200421, 40.53322 ], [ -8.202866, 40.53291 ], [ -8.20483, 40.532518 ], [ -8.211925, 40.531179 ], [ -8.215095, 40.537529 ], [ -8.21469, 40.537881 ], [ -8.214143, 40.538214 ], [ -8.213821, 40.538496 ], [ -8.213662, 40.538584 ], [ -8.213338, 40.538662 ], [ -8.213199, 40.538731 ], [ -8.21296, 40.538992 ], [ -8.212738, 40.539147 ], [ -8.212499, 40.539371 ], [ -8.212329, 40.539572 ], [ -8.212276, 40.53964 ], [ -8.212255, 40.539699 ], [ -8.208397, 40.544934 ], [ -8.208283, 40.545042 ], [ -8.208246, 40.545107 ], [ -8.20822, 40.545248 ], [ -8.208224, 40.545381 ], [ -8.208256, 40.545499 ], [ -8.208249, 40.545573 ], [ -8.20808, 40.545877 ], [ -8.207792, 40.546263 ], [ -8.20773, 40.546317 ], [ -8.207429, 40.546375 ], [ -8.206816, 40.546621 ], [ -8.206461, 40.546841 ], [ -8.206104, 40.547142 ], [ -8.205655, 40.547168 ], [ -8.204644, 40.547463 ], [ -8.204397, 40.547498 ], [ -8.204137, 40.54762 ], [ -8.203913, 40.547798 ], [ -8.203838, 40.548046 ], [ -8.2038, 40.548112 ], [ -8.203732, 40.548165 ], [ -8.20362, 40.548217 ], [ -8.202624, 40.548422 ], [ -8.202157, 40.548482 ], [ -8.202006, 40.548561 ], [ -8.201922, 40.548657 ], [ -8.201887, 40.549105 ], [ -8.201883, 40.549583 ], [ -8.20184, 40.549701 ], [ -8.201766, 40.549804 ], [ -8.200921, 40.550626 ], [ -8.20082, 40.550703 ], [ -8.20064, 40.550794 ], [ -8.19989, 40.551062 ], [ -8.199767, 40.551133 ], [ -8.199669, 40.551219 ], [ -8.197681, 40.553946 ], [ -8.197553, 40.554069 ], [ -8.197453, 40.554129 ], [ -8.197298, 40.554178 ], [ -8.196387, 40.555176 ], [ -8.196274, 40.555441 ], [ -8.196144, 40.55569 ], [ -8.196091, 40.556169 ], [ -8.19604, 40.556415 ], [ -8.195893, 40.556727 ], [ -8.193937, 40.558933 ], [ -8.193862, 40.558999 ], [ -8.193822, 40.559212 ], [ -8.193776, 40.55931 ], [ -8.193781, 40.55938 ], [ -8.193809, 40.559424 ], [ -8.193936, 40.559533 ], [ -8.194032, 40.559655 ], [ -8.194177, 40.559891 ], [ -8.194181, 40.560032 ], [ -8.194142, 40.560099 ], [ -8.19393, 40.560278 ], [ -8.193754, 40.560403 ], [ -8.193683, 40.560485 ], [ -8.193645, 40.560599 ], [ -8.193543, 40.560731 ], [ -8.193436, 40.560783 ], [ -8.193311, 40.560792 ], [ -8.193261, 40.560823 ], [ -8.193214, 40.560894 ], [ -8.193242, 40.561024 ], [ -8.193234, 40.561072 ], [ -8.193056, 40.561239 ], [ -8.192899, 40.561452 ], [ -8.192915, 40.561509 ], [ -8.192951, 40.561552 ], [ -8.19317, 40.561725 ], [ -8.193534, 40.561883 ], [ -8.191167, 40.564653 ], [ -8.191127, 40.564763 ], [ -8.19099, 40.564977 ], [ -8.190876, 40.565016 ], [ -8.190056, 40.565493 ], [ -8.1892, 40.566125 ], [ -8.187883, 40.567587 ], [ -8.187583, 40.568078 ], [ -8.187508, 40.568412 ], [ -8.187486, 40.569375 ], [ -8.187395, 40.569677 ], [ -8.187299, 40.570966 ], [ -8.187295, 40.571309 ], [ -8.187265, 40.571345 ], [ -8.187057, 40.571456 ], [ -8.18671, 40.571582 ], [ -8.186374, 40.571785 ], [ -8.186098, 40.572035 ], [ -8.185871, 40.572286 ], [ -8.185589, 40.5727 ], [ -8.185409, 40.572906 ], [ -8.185012, 40.573284 ], [ -8.184777, 40.573578 ], [ -8.184606, 40.573842 ], [ -8.18421, 40.574526 ], [ -8.184173, 40.574677 ], [ -8.184015, 40.574931 ], [ -8.183866, 40.575123 ], [ -8.18351, 40.575387 ], [ -8.183288, 40.575616 ], [ -8.182947, 40.576148 ], [ -8.18275, 40.576343 ], [ -8.182461, 40.576909 ], [ -8.182125, 40.577124 ], [ -8.181957, 40.577268 ], [ -8.180752, 40.578135 ], [ -8.179819, 40.578591 ], [ -8.179349, 40.579004 ], [ -8.17906, 40.579372 ], [ -8.178305, 40.579934 ], [ -8.177718, 40.58021 ], [ -8.17705, 40.580418 ], [ -8.176626, 40.580514 ], [ -8.176387, 40.580606 ], [ -8.1762, 40.580754 ], [ -8.175996, 40.580998 ], [ -8.175507, 40.581503 ], [ -8.175106, 40.581993 ], [ -8.174473, 40.582515 ], [ -8.173503, 40.583177 ], [ -8.172463, 40.583829 ], [ -8.17063, 40.585072 ], [ -8.170204, 40.586429 ], [ -8.170004, 40.586964 ], [ -8.169817, 40.587331 ], [ -8.16962, 40.587651 ], [ -8.169337, 40.58798 ], [ -8.16911, 40.588089 ], [ -8.16857, 40.588222 ], [ -8.168227, 40.588371 ], [ -8.167839, 40.588586 ], [ -8.167531, 40.588842 ], [ -8.167335, 40.589084 ], [ -8.167086, 40.589464 ], [ -8.167049, 40.589543 ], [ -8.166468, 40.590126 ], [ -8.166294, 40.590236 ], [ -8.165986, 40.590531 ], [ -8.164928, 40.591274 ], [ -8.163355, 40.592299 ], [ -8.163244, 40.592428 ], [ -8.16325, 40.592597 ], [ -8.163333, 40.592847 ], [ -8.163366, 40.593009 ], [ -8.163364, 40.593191 ], [ -8.163325, 40.593337 ], [ -8.16321, 40.593574 ], [ -8.163077, 40.59378 ], [ -8.162984, 40.593976 ], [ -8.162984, 40.594064 ], [ -8.163198, 40.594335 ], [ -8.16322, 40.594405 ], [ -8.16321, 40.594706 ], [ -8.163333, 40.595128 ], [ -8.163326, 40.595283 ], [ -8.163253, 40.595488 ], [ -8.163173, 40.595619 ], [ -8.162638, 40.596244 ], [ -8.162377, 40.596871 ], [ -8.162244, 40.597034 ], [ -8.16159, 40.597564 ], [ -8.161511, 40.597649 ], [ -8.161141, 40.598369 ], [ -8.161026, 40.598515 ], [ -8.160726, 40.598821 ], [ -8.160655, 40.598951 ], [ -8.160646, 40.599138 ], [ -8.160706, 40.599397 ], [ -8.160677, 40.600068 ], [ -8.160686, 40.600169 ], [ -8.160865, 40.600988 ], [ -8.160856, 40.601086 ], [ -8.160751, 40.601219 ], [ -8.160988, 40.601263 ], [ -8.160991, 40.601596 ], [ -8.160638, 40.602725 ], [ -8.160377, 40.603308 ], [ -8.1602, 40.603503 ], [ -8.160138, 40.603598 ], [ -8.16005, 40.603672 ], [ -8.159999, 40.603681 ], [ -8.160001, 40.603731 ], [ -8.159976, 40.603772 ], [ -8.15988, 40.603861 ], [ -8.159435, 40.604156 ], [ -8.159207, 40.604326 ], [ -8.159005, 40.604432 ], [ -8.158889, 40.604512 ], [ -8.15759, 40.60589 ], [ -8.157591, 40.606269 ], [ -8.157466, 40.606888 ], [ -8.157284, 40.607092 ], [ -8.156849, 40.607431 ], [ -8.156711, 40.607634 ], [ -8.156466, 40.607712 ], [ -8.156228, 40.607863 ], [ -8.155893, 40.607928 ], [ -8.155611, 40.608019 ], [ -8.155365, 40.608063 ], [ -8.155063, 40.608007 ], [ -8.154926, 40.608001 ], [ -8.154756, 40.608045 ], [ -8.154737, 40.608052 ], [ -8.154685, 40.608154 ], [ -8.15451, 40.608367 ], [ -8.154329, 40.608389 ], [ -8.154222, 40.608433 ], [ -8.15393, 40.608492 ], [ -8.153666, 40.608599 ], [ -8.153562, 40.60868 ], [ -8.153418, 40.608828 ], [ -8.153396, 40.608992 ], [ -8.15246, 40.610023 ], [ -8.151341, 40.610742 ], [ -8.150084, 40.611843 ], [ -8.149429, 40.612487 ], [ -8.149225, 40.61236 ], [ -8.149036, 40.612181 ], [ -8.148808, 40.611926 ], [ -8.148742, 40.611882 ], [ -8.148605, 40.611834 ], [ -8.148363, 40.611827 ], [ -8.138008, 40.609583 ], [ -8.139565, 40.606046 ], [ -8.140475, 40.601989 ], [ -8.140787, 40.599244 ], [ -8.140713, 40.599178 ], [ -8.140681, 40.599112 ], [ -8.140678, 40.59888 ], [ -8.140812, 40.598526 ], [ -8.139638, 40.596317 ], [ -8.139555, 40.596021 ], [ -8.13914, 40.596032 ], [ -8.139051, 40.596028 ], [ -8.138924, 40.595995 ], [ -8.138891, 40.595972 ], [ -8.138873, 40.595912 ], [ -8.138881, 40.595746 ], [ -8.138929, 40.595634 ], [ -8.138914, 40.595584 ], [ -8.138849, 40.59554 ], [ -8.138525, 40.595422 ], [ -8.138256, 40.595264 ], [ -8.137799, 40.594932 ], [ -8.137397, 40.594599 ], [ -8.137353, 40.594544 ] ] ] } },
{ "type": "Feature", "properties": { }, "geometry": { "type": "Polygon", "coordinates": [ [ [ -8.19099, 40.564977 ], [ -8.191127, 40.564763 ], [ -8.191167, 40.564653 ], [ -8.193534, 40.561883 ], [ -8.19317, 40.561725 ], [ -8.192951, 40.561552 ], [ -8.192915, 40.561509 ], [ -8.192899, 40.561452 ], [ -8.193056, 40.561239 ], [ -8.193234, 40.561072 ], [ -8.193242, 40.561024 ], [ -8.193214, 40.560894 ], [ -8.193261, 40.560823 ], [ -8.193311, 40.560792 ], [ -8.193436, 40.560783 ], [ -8.193543, 40.560731 ], [ -8.193645, 40.560599 ], [ -8.193683, 40.560485 ], [ -8.193754, 40.560403 ], [ -8.19393, 40.560278 ], [ -8.194142, 40.560099 ], [ -8.194181, 40.560032 ], [ -8.194177, 40.559891 ], [ -8.194032, 40.559655 ], [ -8.193936, 40.559533 ], [ -8.193809, 40.559424 ], [ -8.193781, 40.55938 ], [ -8.193776, 40.55931 ], [ -8.193822, 40.559212 ], [ -8.193862, 40.558999 ], [ -8.193937, 40.558933 ], [ -8.195893, 40.556727 ], [ -8.19604, 40.556415 ], [ -8.196091, 40.556169 ], [ -8.196144, 40.55569 ], [ -8.196274, 40.555441 ], [ -8.196387, 40.555176 ], [ -8.197298, 40.554178 ], [ -8.197453, 40.554129 ], [ -8.197553, 40.554069 ], [ -8.197681, 40.553946 ], [ -8.199669, 40.551219 ], [ -8.199767, 40.551133 ], [ -8.19989, 40.551062 ], [ -8.20064, 40.550794 ], [ -8.20082, 40.550703 ], [ -8.200921, 40.550626 ], [ -8.201766, 40.549804 ], [ -8.20184, 40.549701 ], [ -8.201883, 40.549583 ], [ -8.201887, 40.549105 ], [ -8.201922, 40.548657 ], [ -8.202029, 40.548546 ], [ -8.202157, 40.548482 ], [ -8.202624, 40.548422 ], [ -8.20362, 40.548217 ], [ -8.203732, 40.548165 ], [ -8.203816, 40.548091 ], [ -8.203885, 40.547902 ], [ -8.203898, 40.547825 ], [ -8.203932, 40.54778 ], [ -8.20411, 40.547634 ], [ -8.204397, 40.547498 ], [ -8.204644, 40.547463 ], [ -8.205655, 40.547168 ], [ -8.206104, 40.547142 ], [ -8.206461, 40.546841 ], [ -8.206816, 40.546621 ], [ -8.207429, 40.546375 ], [ -8.20773, 40.546317 ], [ -8.207792, 40.546263 ], [ -8.20808, 40.545877 ], [ -8.208249, 40.545573 ], [ -8.208256, 40.545499 ], [ -8.208224, 40.545381 ], [ -8.20822, 40.545248 ], [ -8.208246, 40.545107 ], [ -8.208283, 40.545042 ], [ -8.208397, 40.544934 ], [ -8.212255, 40.539699 ], [ -8.212276, 40.53964 ], [ -8.212499, 40.539371 ], [ -8.212738, 40.539147 ], [ -8.21296, 40.538992 ], [ -8.213199, 40.538731 ], [ -8.213338, 40.538662 ], [ -8.213662, 40.538584 ], [ -8.213821, 40.538496 ], [ -8.214143, 40.538214 ], [ -8.21469, 40.537881 ], [ -8.215095, 40.537529 ], [ -8.215678, 40.538118 ], [ -8.216698, 40.536324 ], [ -8.217338, 40.534854 ], [ -8.217657, 40.533262 ], [ -8.218671, 40.531751 ], [ -8.2199, 40.530648 ], [ -8.221504, 40.529831 ], [ -8.222038, 40.529463 ], [ -8.224069, 40.527911 ], [ -8.225191, 40.527012 ], [ -8.226045, 40.52595 ], [ -8.226418, 40.525256 ], [ -8.230343, 40.520022 ], [ -8.230594, 40.519872 ], [ -8.230685, 40.519857 ], [ -8.230853, 40.519789 ], [ -8.230785, 40.519619 ], [ -8.23075, 40.519469 ], [ -8.230701, 40.519381 ], [ -8.230477, 40.519178 ], [ -8.230355, 40.519091 ], [ -8.230332, 40.519046 ], [ -8.230356, 40.518928 ], [ -8.230588, 40.518533 ], [ -8.230614, 40.518439 ], [ -8.23064, 40.5181 ], [ -8.230797, 40.5175 ], [ -8.230981, 40.517169 ], [ -8.231064, 40.51696 ], [ -8.231263, 40.516701 ], [ -8.231553, 40.516908 ], [ -8.231662, 40.516955 ], [ -8.232496, 40.516962 ], [ -8.232748, 40.516937 ], [ -8.232898, 40.516905 ], [ -8.233748, 40.51679 ], [ -8.23438, 40.516635 ], [ -8.23463, 40.516553 ], [ -8.235444, 40.516464 ], [ -8.235829, 40.516459 ], [ -8.236774, 40.51633 ], [ -8.236816, 40.51625 ], [ -8.238991, 40.515606 ], [ -8.240361, 40.515458 ], [ -8.24057, 40.515372 ], [ -8.242931, 40.513829 ], [ -8.246969, 40.514159 ], [ -8.247545, 40.514128 ], [ -8.247746, 40.514238 ], [ -8.24816, 40.514417 ], [ -8.249003, 40.514679 ], [ -8.249612, 40.514793 ], [ -8.250201, 40.514829 ], [ -8.250661, 40.514891 ], [ -8.252688, 40.515991 ], [ -8.252675, 40.516007 ], [ -8.257996, 40.521336 ], [ -8.260687, 40.52239 ], [ -8.261186, 40.523407 ], [ -8.261557, 40.523989 ], [ -8.262563, 40.526102 ], [ -8.263938, 40.529218 ], [ -8.266831, 40.531504 ], [ -8.268512, 40.532972 ], [ -8.270379, 40.535101 ], [ -8.27051, 40.535116 ], [ -8.270616, 40.53517 ], [ -8.271232, 40.535675 ], [ -8.271645, 40.536043 ], [ -8.271864, 40.5362 ], [ -8.272168, 40.536413 ], [ -8.272517, 40.536622 ], [ -8.272739, 40.536791 ], [ -8.272991, 40.536933 ], [ -8.273132, 40.536992 ], [ -8.273321, 40.537 ], [ -8.2738, 40.536965 ], [ -8.274061, 40.536904 ], [ -8.274284, 40.536828 ], [ -8.274568, 40.53671 ], [ -8.274817, 40.536573 ], [ -8.275069, 40.536402 ], [ -8.27516, 40.536366 ], [ -8.275289, 40.536369 ], [ -8.275364, 40.536418 ], [ -8.275603, 40.536363 ], [ -8.276215, 40.53627 ], [ -8.276976, 40.536097 ], [ -8.277617, 40.535986 ], [ -8.278474, 40.535988 ], [ -8.278828, 40.536136 ], [ -8.279078, 40.536316 ], [ -8.279333, 40.536566 ], [ -8.279576, 40.536837 ], [ -8.279937, 40.537104 ], [ -8.280471, 40.537383 ], [ -8.281627, 40.537905 ], [ -8.281725, 40.537976 ], [ -8.282962, 40.538238 ], [ -8.284213, 40.538448 ], [ -8.284943, 40.539076 ], [ -8.285282, 40.539651 ], [ -8.285463, 40.540642 ], [ -8.285907, 40.542151 ], [ -8.286032, 40.543285 ], [ -8.286051, 40.543922 ], [ -8.286112, 40.544656 ], [ -8.286474, 40.545898 ], [ -8.287011, 40.547165 ], [ -8.286531, 40.549046 ], [ -8.28642, 40.550194 ], [ -8.286524, 40.55063 ], [ -8.287002, 40.552304 ], [ -8.28714, 40.552979 ], [ -8.287189, 40.553913 ], [ -8.287386, 40.554562 ], [ -8.28765, 40.555071 ], [ -8.287726, 40.555181 ], [ -8.287878, 40.555495 ], [ -8.287985, 40.555767 ], [ -8.288007, 40.555834 ], [ -8.288011, 40.556017 ], [ -8.288043, 40.55627 ], [ -8.288079, 40.556432 ], [ -8.288184, 40.557152 ], [ -8.288277, 40.557463 ], [ -8.288493, 40.557916 ], [ -8.28866, 40.558381 ], [ -8.288713, 40.558477 ], [ -8.28889, 40.558953 ], [ -8.289037, 40.559271 ], [ -8.289107, 40.559485 ], [ -8.289104, 40.559686 ], [ -8.288994, 40.559943 ], [ -8.288975, 40.560028 ], [ -8.288979, 40.560117 ], [ -8.288895, 40.560242 ], [ -8.288722, 40.560402 ], [ -8.28868, 40.560424 ], [ -8.288471, 40.560455 ], [ -8.288229, 40.560784 ], [ -8.288245, 40.561436 ], [ -8.288416, 40.562832 ], [ -8.288301, 40.563601 ], [ -8.288116, 40.564598 ], [ -8.288011, 40.565349 ], [ -8.288943, 40.568128 ], [ -8.28919, 40.568785 ], [ -8.289543, 40.56908 ], [ -8.290141, 40.569374 ], [ -8.291082, 40.570317 ], [ -8.293323, 40.571668 ], [ -8.293719, 40.571962 ], [ -8.294149, 40.57252 ], [ -8.294957, 40.573473 ], [ -8.29682, 40.575389 ], [ -8.297915, 40.576445 ], [ -8.298903, 40.577339 ], [ -8.299546, 40.57782 ], [ -8.300114, 40.579079 ], [ -8.300455, 40.58017 ], [ -8.300568, 40.58079 ], [ -8.300607, 40.581466 ], [ -8.300691, 40.582324 ], [ -8.301349, 40.584108 ], [ -8.307336, 40.594052 ], [ -8.30842, 40.596408 ], [ -8.307995, 40.596582 ], [ -8.307405, 40.596851 ], [ -8.307327, 40.596866 ], [ -8.307117, 40.596865 ], [ -8.306856, 40.596821 ], [ -8.306685, 40.596749 ], [ -8.306253, 40.596489 ], [ -8.306001, 40.596414 ], [ -8.305824, 40.596405 ], [ -8.305673, 40.596449 ], [ -8.305617, 40.596574 ], [ -8.305604, 40.5967 ], [ -8.305695, 40.596957 ], [ -8.305967, 40.597602 ], [ -8.306089, 40.597989 ], [ -8.306316, 40.598516 ], [ -8.30642, 40.598696 ], [ -8.306641, 40.598994 ], [ -8.306691, 40.599154 ], [ -8.30667, 40.599315 ], [ -8.306609, 40.599469 ], [ -8.306498, 40.599641 ], [ -8.306402, 40.599741 ], [ -8.306227, 40.599816 ], [ -8.306037, 40.599852 ], [ -8.305884, 40.599843 ], [ -8.305706, 40.599774 ], [ -8.305533, 40.599676 ], [ -8.305222, 40.599396 ], [ -8.305071, 40.599298 ], [ -8.304889, 40.599231 ], [ -8.304309, 40.599191 ], [ -8.304011, 40.599198 ], [ -8.303759, 40.599214 ], [ -8.303449, 40.599308 ], [ -8.303256, 40.599414 ], [ -8.303063, 40.599551 ], [ -8.302771, 40.599808 ], [ -8.302668, 40.599955 ], [ -8.302618, 40.600101 ], [ -8.302596, 40.600293 ], [ -8.302622, 40.600456 ], [ -8.30268, 40.600653 ], [ -8.3029, 40.601044 ], [ -8.303168, 40.601414 ], [ -8.303277, 40.601619 ], [ -8.303218, 40.601789 ], [ -8.303069, 40.601852 ], [ -8.30258, 40.601929 ], [ -8.301914, 40.601915 ], [ -8.301739, 40.601948 ], [ -8.30135, 40.602424 ], [ -8.301246, 40.602522 ], [ -8.300402, 40.60287 ], [ -8.300212, 40.602915 ], [ -8.299367, 40.602893 ], [ -8.299027, 40.602824 ], [ -8.298746, 40.602695 ], [ -8.298557, 40.602577 ], [ -8.298372, 40.602228 ], [ -8.298318, 40.601907 ], [ -8.298313, 40.601545 ], [ -8.298334, 40.600999 ], [ -8.298291, 40.600496 ], [ -8.298252, 40.600357 ], [ -8.298112, 40.600258 ], [ -8.297893, 40.600193 ], [ -8.297485, 40.600313 ], [ -8.296825, 40.600739 ], [ -8.296221, 40.601352 ], [ -8.295901, 40.601605 ], [ -8.295618, 40.601698 ], [ -8.295433, 40.601828 ], [ -8.294919, 40.60259 ], [ -8.294675, 40.60304 ], [ -8.294587, 40.603429 ], [ -8.294545, 40.603902 ], [ -8.294616, 40.604253 ], [ -8.294612, 40.6044 ], [ -8.294534, 40.604515 ], [ -8.294251, 40.604712 ], [ -8.294082, 40.604766 ], [ -8.293675, 40.604864 ], [ -8.292302, 40.60501 ], [ -8.291871, 40.605116 ], [ -8.291373, 40.605256 ], [ -8.290719, 40.605639 ], [ -8.290537, 40.605705 ], [ -8.29032, 40.60574 ], [ -8.289458, 40.605535 ], [ -8.288603, 40.605354 ], [ -8.288406, 40.605272 ], [ -8.288229, 40.605125 ], [ -8.287961, 40.604869 ], [ -8.287757, 40.604726 ], [ -8.287209, 40.604503 ], [ -8.286772, 40.604418 ], [ -8.286132, 40.604436 ], [ -8.285939, 40.604552 ], [ -8.285422, 40.605047 ], [ -8.285193, 40.605188 ], [ -8.285031, 40.605261 ], [ -8.284942, 40.605285 ], [ -8.284745, 40.605288 ], [ -8.284555, 40.605247 ], [ -8.284399, 40.605248 ], [ -8.284337, 40.605262 ], [ -8.284194, 40.605335 ], [ -8.284157, 40.605372 ], [ -8.283965, 40.60578 ], [ -8.283712, 40.605993 ], [ -8.283301, 40.606213 ], [ -8.283167, 40.606257 ], [ -8.283026, 40.606268 ], [ -8.282657, 40.606269 ], [ -8.282262, 40.60624 ], [ -8.281673, 40.605944 ], [ -8.281411, 40.605859 ], [ -8.280669, 40.605712 ], [ -8.280418, 40.605709 ], [ -8.280236, 40.605761 ], [ -8.279981, 40.605921 ], [ -8.279925, 40.606071 ], [ -8.279836, 40.606466 ], [ -8.279805, 40.606536 ], [ -8.279594, 40.606751 ], [ -8.279404, 40.606827 ], [ -8.279371, 40.606827 ], [ -8.279297, 40.606782 ], [ -8.279208, 40.606665 ], [ -8.279082, 40.606277 ], [ -8.279014, 40.606229 ], [ -8.278941, 40.606205 ], [ -8.278641, 40.606292 ], [ -8.278398, 40.606392 ], [ -8.278285, 40.606373 ], [ -8.278203, 40.606288 ], [ -8.278118, 40.606138 ], [ -8.278023, 40.605683 ], [ -8.277875, 40.605445 ], [ -8.277727, 40.605353 ], [ -8.277375, 40.605395 ], [ -8.277286, 40.605357 ], [ -8.277329, 40.605144 ], [ -8.277565, 40.604908 ], [ -8.277647, 40.604724 ], [ -8.277646, 40.604554 ], [ -8.2776, 40.604461 ], [ -8.277435, 40.604345 ], [ -8.277271, 40.604324 ], [ -8.277049, 40.604359 ], [ -8.276639, 40.604539 ], [ -8.276283, 40.604526 ], [ -8.276126, 40.604499 ], [ -8.276083, 40.604545 ], [ -8.276012, 40.604551 ], [ -8.275236, 40.604805 ], [ -8.274866, 40.604915 ], [ -8.274779, 40.604928 ], [ -8.274703, 40.605029 ], [ -8.27467, 40.605216 ], [ -8.274671, 40.605458 ], [ -8.274738, 40.605611 ], [ -8.274779, 40.605907 ], [ -8.274743, 40.605944 ], [ -8.274144, 40.606136 ], [ -8.273878, 40.606313 ], [ -8.273826, 40.606365 ], [ -8.273774, 40.606448 ], [ -8.273647, 40.606694 ], [ -8.273556, 40.606762 ], [ -8.273452, 40.606806 ], [ -8.273308, 40.606817 ], [ -8.272779, 40.606718 ], [ -8.272311, 40.606678 ], [ -8.272131, 40.606649 ], [ -8.271915, 40.606653 ], [ -8.271719, 40.606771 ], [ -8.271449, 40.607021 ], [ -8.271145, 40.6072 ], [ -8.271026, 40.607212 ], [ -8.270459, 40.607103 ], [ -8.269803, 40.60704 ], [ -8.269296, 40.607041 ], [ -8.269052, 40.607085 ], [ -8.268981, 40.607129 ], [ -8.268807, 40.607323 ], [ -8.268403, 40.607619 ], [ -8.268047, 40.607698 ], [ -8.267572, 40.607952 ], [ -8.267321, 40.608022 ], [ -8.267168, 40.608086 ], [ -8.267113, 40.608168 ], [ -8.267103, 40.608261 ], [ -8.26703, 40.608443 ], [ -8.266977, 40.60853 ], [ -8.266936, 40.608567 ], [ -8.266837, 40.608618 ], [ -8.266683, 40.608638 ], [ -8.265815, 40.609129 ], [ -8.265688, 40.609352 ], [ -8.265555, 40.609513 ], [ -8.265332, 40.609685 ], [ -8.264937, 40.609898 ], [ -8.264724, 40.609857 ], [ -8.263883, 40.609627 ], [ -8.263407, 40.609623 ], [ -8.263087, 40.60971 ], [ -8.26283, 40.609835 ], [ -8.262544, 40.609921 ], [ -8.262394, 40.60993 ], [ -8.261999, 40.60991 ], [ -8.261675, 40.610036 ], [ -8.261131, 40.610288 ], [ -8.260837, 40.610364 ], [ -8.26012, 40.610396 ], [ -8.259998, 40.610424 ], [ -8.259455, 40.610718 ], [ -8.259317, 40.610763 ], [ -8.259103, 40.610783 ], [ -8.258953, 40.610761 ], [ -8.258831, 40.610697 ], [ -8.258565, 40.610493 ], [ -8.258402, 40.610439 ], [ -8.258227, 40.610433 ], [ -8.257435, 40.610533 ], [ -8.257212, 40.610657 ], [ -8.256913, 40.610786 ], [ -8.256772, 40.610809 ], [ -8.256569, 40.610814 ], [ -8.256201, 40.610936 ], [ -8.255448, 40.610946 ], [ -8.255027, 40.611134 ], [ -8.25111, 40.611634 ], [ -8.250468, 40.611739 ], [ -8.250326, 40.611739 ], [ -8.250211, 40.611765 ], [ -8.24977, 40.611773 ], [ -8.249247, 40.612011 ], [ -8.248647, 40.612586 ], [ -8.248267, 40.612904 ], [ -8.248097, 40.613085 ], [ -8.247744, 40.613498 ], [ -8.247542, 40.61386 ], [ -8.247477, 40.614214 ], [ -8.247408, 40.614317 ], [ -8.247313, 40.61386 ], [ -8.246703, 40.612829 ], [ -8.246594, 40.612706 ], [ -8.245569, 40.612174 ], [ -8.245356, 40.61208 ], [ -8.244734, 40.61186 ], [ -8.2442, 40.611737 ], [ -8.243969, 40.611668 ], [ -8.24371, 40.611545 ], [ -8.243503, 40.611432 ], [ -8.243435, 40.611303 ], [ -8.243407, 40.611088 ], [ -8.243378, 40.611072 ], [ -8.24316, 40.611016 ], [ -8.242795, 40.611017 ], [ -8.242434, 40.611042 ], [ -8.241598, 40.611243 ], [ -8.241225, 40.611275 ], [ -8.239878, 40.611168 ], [ -8.239063, 40.611072 ], [ -8.238191, 40.610792 ], [ -8.236477, 40.60991 ], [ -8.235985, 40.609804 ], [ -8.234301, 40.60981 ], [ -8.233627, 40.60984 ], [ -8.233215, 40.609892 ], [ -8.231972, 40.610387 ], [ -8.231509, 40.609738 ], [ -8.230838, 40.608705 ], [ -8.230169, 40.607315 ], [ -8.229781, 40.606639 ], [ -8.229409, 40.605783 ], [ -8.228742, 40.604768 ], [ -8.228174, 40.603803 ], [ -8.228011, 40.603471 ], [ -8.227839, 40.603054 ], [ -8.227764, 40.602924 ], [ -8.2275, 40.602264 ], [ -8.227432, 40.602149 ], [ -8.227396, 40.601999 ], [ -8.227384, 40.601624 ], [ -8.227404, 40.601214 ], [ -8.227381, 40.600983 ], [ -8.227077, 40.600426 ], [ -8.226805, 40.600058 ], [ -8.22569, 40.598757 ], [ -8.225334, 40.598518 ], [ -8.225095, 40.598492 ], [ -8.224784, 40.598486 ], [ -8.224049, 40.598623 ], [ -8.223483, 40.598919 ], [ -8.223195, 40.599181 ], [ -8.222934, 40.599339 ], [ -8.222696, 40.599422 ], [ -8.222362, 40.599419 ], [ -8.221911, 40.599286 ], [ -8.216403, 40.596337 ], [ -8.214372, 40.595373 ], [ -8.2132, 40.594883 ], [ -8.213007, 40.594861 ], [ -8.212777, 40.594953 ], [ -8.212483, 40.59515 ], [ -8.212391, 40.595276 ], [ -8.212346, 40.595731 ], [ -8.212042, 40.595856 ], [ -8.211766, 40.595931 ], [ -8.211061, 40.595886 ], [ -8.209049, 40.595316 ], [ -8.207763, 40.594818 ], [ -8.206732, 40.594452 ], [ -8.205641, 40.593802 ], [ -8.204324, 40.593248 ], [ -8.203789, 40.592839 ], [ -8.203522, 40.592326 ], [ -8.203244, 40.591207 ], [ -8.203292, 40.590075 ], [ -8.203272, 40.589811 ], [ -8.203364, 40.589612 ], [ -8.203546, 40.589356 ], [ -8.203697, 40.589091 ], [ -8.203729, 40.58902 ], [ -8.203756, 40.588809 ], [ -8.203822, 40.588672 ], [ -8.205847, 40.586544 ], [ -8.20778, 40.585137 ], [ -8.210457, 40.583817 ], [ -8.210652, 40.579254 ], [ -8.210354, 40.572646 ], [ -8.210215, 40.572187 ], [ -8.210021, 40.571918 ], [ -8.20963, 40.571586 ], [ -8.209496, 40.568962 ], [ -8.209343, 40.568211 ], [ -8.209249, 40.567896 ], [ -8.209072, 40.566994 ], [ -8.208755, 40.566011 ], [ -8.208563, 40.56575 ], [ -8.208338, 40.565529 ], [ -8.208063, 40.565288 ], [ -8.20759, 40.56508 ], [ -8.206791, 40.564832 ], [ -8.206363, 40.564736 ], [ -8.205487, 40.564446 ], [ -8.204611, 40.563998 ], [ -8.203957, 40.563866 ], [ -8.20264, 40.56367 ], [ -8.201717, 40.563662 ], [ -8.198815, 40.563777 ], [ -8.196947, 40.563878 ], [ -8.195023, 40.564204 ], [ -8.194322, 40.5643 ], [ -8.192762, 40.564474 ], [ -8.192226, 40.564562 ], [ -8.19099, 40.564977 ] ] ] } },
{ "type": "Feature", "properties": { }, "geometry": { "type": "Polygon", "coordinates": [ [ [ -8.217182, 40.628624 ], [ -8.217012, 40.628703 ], [ -8.216601, 40.627663 ], [ -8.21643, 40.627072 ], [ -8.216191, 40.62591 ], [ -8.216179, 40.625581 ], [ -8.216024, 40.624914 ], [ -8.215987, 40.624571 ], [ -8.21604, 40.62382 ], [ -8.216095, 40.623315 ], [ -8.216066, 40.622265 ], [ -8.21619, 40.621429 ], [ -8.216195, 40.620965 ], [ -8.217069, 40.61941 ], [ -8.217118, 40.619255 ], [ -8.217303, 40.618351 ], [ -8.217667, 40.616374 ], [ -8.217595, 40.616335 ], [ -8.21738, 40.616163 ], [ -8.216361, 40.615495 ], [ -8.215279, 40.614856 ], [ -8.214176, 40.614246 ], [ -8.212747, 40.613396 ], [ -8.211557, 40.612666 ], [ -8.210382, 40.611889 ], [ -8.209205, 40.611174 ], [ -8.208232, 40.610634 ], [ -8.207063, 40.610304 ], [ -8.205089, 40.610013 ], [ -8.204481, 40.609852 ], [ -8.203931, 40.609662 ], [ -8.203659, 40.609494 ], [ -8.202898, 40.60883 ], [ -8.202134, 40.608279 ], [ -8.201598, 40.607819 ], [ -8.201085, 40.60749 ], [ -8.200403, 40.607082 ], [ -8.200024, 40.606813 ], [ -8.19959, 40.606549 ], [ -8.197919, 40.605686 ], [ -8.197371, 40.605448 ], [ -8.196563, 40.605159 ], [ -8.195538, 40.604837 ], [ -8.192915, 40.603914 ], [ -8.191822, 40.603514 ], [ -8.18801, 40.602667 ], [ -8.187397, 40.602469 ], [ -8.186177, 40.602464 ], [ -8.18475, 40.602555 ], [ -8.181836, 40.602621 ], [ -8.180975, 40.602286 ], [ -8.180011, 40.601945 ], [ -8.17973, 40.601857 ], [ -8.179043, 40.60177 ], [ -8.178807, 40.601687 ], [ -8.17847, 40.601537 ], [ -8.178196, 40.601462 ], [ -8.178007, 40.601363 ], [ -8.177795, 40.601217 ], [ -8.177532, 40.60098 ], [ -8.177135, 40.600743 ], [ -8.176573, 40.600621 ], [ -8.176069, 40.600663 ], [ -8.175405, 40.600904 ], [ -8.174726, 40.601177 ], [ -8.174374, 40.601243 ], [ -8.174039, 40.60138 ], [ -8.17379, 40.601535 ], [ -8.17324, 40.60181 ], [ -8.172854, 40.601975 ], [ -8.172222, 40.602081 ], [ -8.170605, 40.602107 ], [ -8.165584, 40.602288 ], [ -8.162798, 40.601717 ], [ -8.161366, 40.601329 ], [ -8.160751, 40.601219 ], [ -8.160856, 40.601086 ], [ -8.160865, 40.600988 ], [ -8.160686, 40.600169 ], [ -8.160677, 40.600068 ], [ -8.160706, 40.599397 ], [ -8.160646, 40.599138 ], [ -8.160655, 40.598951 ], [ -8.160726, 40.598821 ], [ -8.161026, 40.598515 ], [ -8.161141, 40.598369 ], [ -8.161511, 40.597649 ], [ -8.16159, 40.597564 ], [ -8.162244, 40.597034 ], [ -8.162377, 40.596871 ], [ -8.162638, 40.596244 ], [ -8.163173, 40.595619 ], [ -8.163253, 40.595488 ], [ -8.163326, 40.595283 ], [ -8.163333, 40.595128 ], [ -8.16321, 40.594706 ], [ -8.16322, 40.594405 ], [ -8.163198, 40.594335 ], [ -8.162984, 40.594064 ], [ -8.162984, 40.593976 ], [ -8.163077, 40.59378 ], [ -8.16321, 40.593574 ], [ -8.163325, 40.593337 ], [ -8.163364, 40.593191 ], [ -8.163366, 40.593009 ], [ -8.163333, 40.592847 ], [ -8.16325, 40.592597 ], [ -8.163244, 40.592428 ], [ -8.163355, 40.592299 ], [ -8.164928, 40.591274 ], [ -8.165986, 40.590531 ], [ -8.166294, 40.590236 ], [ -8.166468, 40.590126 ], [ -8.167049, 40.589543 ], [ -8.167086, 40.589464 ], [ -8.167335, 40.589084 ], [ -8.167531, 40.588842 ], [ -8.167839, 40.588586 ], [ -8.168227, 40.588371 ], [ -8.16857, 40.588222 ], [ -8.16911, 40.588089 ], [ -8.169337, 40.58798 ], [ -8.16962, 40.587651 ], [ -8.169817, 40.587331 ], [ -8.170004, 40.586964 ], [ -8.170204, 40.586429 ], [ -8.17063, 40.585072 ], [ -8.172463, 40.583829 ], [ -8.173503, 40.583177 ], [ -8.174473, 40.582515 ], [ -8.175106, 40.581993 ], [ -8.175507, 40.581503 ], [ -8.175996, 40.580998 ], [ -8.1762, 40.580754 ], [ -8.176387, 40.580606 ], [ -8.176626, 40.580514 ], [ -8.17705, 40.580418 ], [ -8.177718, 40.58021 ], [ -8.178305, 40.579934 ], [ -8.17906, 40.579372 ], [ -8.179349, 40.579004 ], [ -8.179819, 40.578591 ], [ -8.180752, 40.578135 ], [ -8.181957, 40.577268 ], [ -8.182125, 40.577124 ], [ -8.182461, 40.576909 ], [ -8.18275, 40.576343 ], [ -8.182947, 40.576148 ], [ -8.183288, 40.575616 ], [ -8.18351, 40.575387 ], [ -8.183866, 40.575123 ], [ -8.184015, 40.574931 ], [ -8.184173, 40.574677 ], [ -8.18421, 40.574526 ], [ -8.184606, 40.573842 ], [ -8.184777, 40.573578 ], [ -8.185012, 40.573284 ], [ -8.185409, 40.572906 ], [ -8.185589, 40.5727 ], [ -8.185871, 40.572286 ], [ -8.186098, 40.572035 ], [ -8.186374, 40.571785 ], [ -8.18671, 40.571582 ], [ -8.187057, 40.571456 ], [ -8.187265, 40.571345 ], [ -8.187295, 40.571309 ], [ -8.187299, 40.570966 ], [ -8.187395, 40.569677 ], [ -8.187486, 40.569375 ], [ -8.187508, 40.568412 ], [ -8.187583, 40.568078 ], [ -8.187883, 40.567587 ], [ -8.1892, 40.566125 ], [ -8.190056, 40.565493 ], [ -8.190876, 40.565016 ], [ -8.192226, 40.564562 ], [ -8.192762, 40.564474 ], [ -8.194322, 40.5643 ], [ -8.195023, 40.564204 ], [ -8.196947, 40.563878 ], [ -8.198815, 40.563777 ], [ -8.201717, 40.563662 ], [ -8.20264, 40.56367 ], [ -8.203957, 40.563866 ], [ -8.204611, 40.563998 ], [ -8.205487, 40.564446 ], [ -8.206363, 40.564736 ], [ -8.206791, 40.564832 ], [ -8.20759, 40.56508 ], [ -8.208063, 40.565288 ], [ -8.208338, 40.565529 ], [ -8.208563, 40.56575 ], [ -8.208755, 40.566011 ], [ -8.209072, 40.566994 ], [ -8.209249, 40.567896 ], [ -8.209343, 40.568211 ], [ -8.209496, 40.568962 ], [ -8.20963, 40.571586 ], [ -8.210021, 40.571918 ], [ -8.210215, 40.572187 ], [ -8.210354, 40.572646 ], [ -8.210652, 40.579254 ], [ -8.210457, 40.583817 ], [ -8.20778, 40.585137 ], [ -8.205847, 40.586544 ], [ -8.203822, 40.588672 ], [ -8.203756, 40.588809 ], [ -8.203729, 40.58902 ], [ -8.203697, 40.589091 ], [ -8.203546, 40.589356 ], [ -8.203364, 40.589612 ], [ -8.203272, 40.589811 ], [ -8.203292, 40.590075 ], [ -8.203244, 40.591207 ], [ -8.203522, 40.592326 ], [ -8.203789, 40.592839 ], [ -8.204324, 40.593248 ], [ -8.205641, 40.593802 ], [ -8.206732, 40.594452 ], [ -8.207763, 40.594818 ], [ -8.209049, 40.595316 ], [ -8.211061, 40.595886 ], [ -8.211766, 40.595931 ], [ -8.212042, 40.595856 ], [ -8.212346, 40.595731 ], [ -8.212391, 40.595276 ], [ -8.212483, 40.59515 ], [ -8.212777, 40.594953 ], [ -8.213007, 40.594861 ], [ -8.2132, 40.594883 ], [ -8.214372, 40.595373 ], [ -8.216403, 40.596337 ], [ -8.221911, 40.599286 ], [ -8.222362, 40.599419 ], [ -8.222696, 40.599422 ], [ -8.222934, 40.599339 ], [ -8.223195, 40.599181 ], [ -8.223483, 40.598919 ], [ -8.224049, 40.598623 ], [ -8.224784, 40.598486 ], [ -8.225095, 40.598492 ], [ -8.225334, 40.598518 ], [ -8.22569, 40.598757 ], [ -8.226805, 40.600058 ], [ -8.227077, 40.600426 ], [ -8.227381, 40.600983 ], [ -8.227404, 40.601214 ], [ -8.227384, 40.601624 ], [ -8.227396, 40.601999 ], [ -8.227432, 40.602149 ], [ -8.2275, 40.602264 ], [ -8.227764, 40.602924 ], [ -8.227839, 40.603054 ], [ -8.228011, 40.603471 ], [ -8.228174, 40.603803 ], [ -8.228742, 40.604768 ], [ -8.229409, 40.605783 ], [ -8.229781, 40.606639 ], [ -8.230169, 40.607315 ], [ -8.230838, 40.608705 ], [ -8.231509, 40.609738 ], [ -8.231972, 40.610387 ], [ -8.233215, 40.609892 ], [ -8.233627, 40.60984 ], [ -8.234301, 40.60981 ], [ -8.235985, 40.609804 ], [ -8.236477, 40.60991 ], [ -8.238191, 40.610792 ], [ -8.239063, 40.611072 ], [ -8.239878, 40.611168 ], [ -8.241225, 40.611275 ], [ -8.241598, 40.611243 ], [ -8.242434, 40.611042 ], [ -8.242795, 40.611017 ], [ -8.24316, 40.611016 ], [ -8.243378, 40.611072 ], [ -8.243407, 40.611088 ], [ -8.243435, 40.611303 ], [ -8.243503, 40.611432 ], [ -8.24371, 40.611545 ], [ -8.243969, 40.611668 ], [ -8.2442, 40.611737 ], [ -8.244734, 40.61186 ], [ -8.245356, 40.61208 ], [ -8.245569, 40.612174 ], [ -8.246594, 40.612706 ], [ -8.246703, 40.612829 ], [ -8.247313, 40.61386 ], [ -8.247408, 40.614317 ], [ -8.247233, 40.614516 ], [ -8.246635, 40.615042 ], [ -8.245965, 40.615582 ], [ -8.245673, 40.615973 ], [ -8.245397, 40.616309 ], [ -8.245383, 40.616405 ], [ -8.246826, 40.617113 ], [ -8.247058, 40.617191 ], [ -8.247365, 40.617328 ], [ -8.247772, 40.617584 ], [ -8.247913, 40.617701 ], [ -8.248009, 40.61781 ], [ -8.248611, 40.61815 ], [ -8.248854, 40.618307 ], [ -8.249194, 40.618486 ], [ -8.249101, 40.618617 ], [ -8.247904, 40.619236 ], [ -8.247374, 40.619928 ], [ -8.247204, 40.62019 ], [ -8.246569, 40.621046 ], [ -8.246308, 40.621718 ], [ -8.245884, 40.622264 ], [ -8.245711, 40.622756 ], [ -8.245695, 40.623695 ], [ -8.245855, 40.62387 ], [ -8.246065, 40.624035 ], [ -8.245955, 40.624182 ], [ -8.245147, 40.625137 ], [ -8.244663, 40.625654 ], [ -8.244022, 40.626157 ], [ -8.243093, 40.626948 ], [ -8.242947, 40.627122 ], [ -8.242517, 40.627569 ], [ -8.241698, 40.628214 ], [ -8.241064, 40.628556 ], [ -8.240067, 40.628771 ], [ -8.239099, 40.628612 ], [ -8.238247, 40.628769 ], [ -8.236985, 40.628698 ], [ -8.236459, 40.628693 ], [ -8.234643, 40.628723 ], [ -8.232183, 40.628307 ], [ -8.23079, 40.628106 ], [ -8.230233, 40.627864 ], [ -8.230029, 40.627943 ], [ -8.229632, 40.627921 ], [ -8.228564, 40.627532 ], [ -8.22816, 40.62749 ], [ -8.227781, 40.627612 ], [ -8.2274, 40.627618 ], [ -8.227284, 40.627587 ], [ -8.227085, 40.627469 ], [ -8.226871, 40.627293 ], [ -8.226612, 40.62712 ], [ -8.226363, 40.627009 ], [ -8.22575, 40.626846 ], [ -8.224109, 40.62687 ], [ -8.223585, 40.626826 ], [ -8.222349, 40.626805 ], [ -8.22153, 40.626853 ], [ -8.220284, 40.627413 ], [ -8.219757, 40.627525 ], [ -8.21753, 40.628462 ], [ -8.217182, 40.628624 ] ] ] } },
{ "type": "Feature", "properties": { }, "geometry": { "type": "Polygon", "coordinates": [ [ [ -8.125215, 40.640445 ], [ -8.123926, 40.640067 ], [ -8.119661, 40.638721 ], [ -8.116693, 40.63869 ], [ -8.113598, 40.63874 ], [ -8.110395, 40.638634 ], [ -8.107914, 40.63937 ], [ -8.104854, 40.639371 ], [ -8.100381, 40.63745 ], [ -8.09099, 40.634688 ], [ -8.085516, 40.633362 ], [ -8.083819, 40.631939 ], [ -8.082284, 40.630488 ], [ -8.081239, 40.629375 ], [ -8.081214, 40.629383 ], [ -8.076388, 40.626055 ], [ -8.07195, 40.62398 ], [ -8.071457, 40.623791 ], [ -8.071104, 40.623766 ], [ -8.070806, 40.623725 ], [ -8.070605, 40.623625 ], [ -8.070247, 40.623213 ], [ -8.070131, 40.623119 ], [ -8.070115, 40.62305 ], [ -8.070132, 40.622932 ], [ -8.070176, 40.622813 ], [ -8.070176, 40.622708 ], [ -8.070115, 40.622605 ], [ -8.069972, 40.622454 ], [ -8.069762, 40.622283 ], [ -8.069068, 40.621848 ], [ -8.068903, 40.621767 ], [ -8.068704, 40.621718 ], [ -8.068434, 40.621722 ], [ -8.068219, 40.621689 ], [ -8.067998, 40.621624 ], [ -8.067582, 40.621546 ], [ -8.067306, 40.621423 ], [ -8.067127, 40.621268 ], [ -8.067019, 40.621106 ], [ -8.066963, 40.620933 ], [ -8.066968, 40.620607 ], [ -8.06702, 40.620494 ], [ -8.067128, 40.620351 ], [ -8.067328, 40.620202 ], [ -8.067447, 40.620126 ], [ -8.067779, 40.619965 ], [ -8.067851, 40.61994 ], [ -8.068354, 40.619895 ], [ -8.068466, 40.619849 ], [ -8.068554, 40.619776 ], [ -8.068586, 40.619712 ], [ -8.068598, 40.619624 ], [ -8.068599, 40.619253 ], [ -8.068622, 40.61915 ], [ -8.068671, 40.619029 ], [ -8.068751, 40.618902 ], [ -8.068992, 40.618641 ], [ -8.069049, 40.618549 ], [ -8.069106, 40.618405 ], [ -8.069121, 40.618144 ], [ -8.069102, 40.618031 ], [ -8.068937, 40.617643 ], [ -8.068733, 40.617295 ], [ -8.068665, 40.617122 ], [ -8.068681, 40.61703 ], [ -8.068858, 40.616765 ], [ -8.068923, 40.616521 ], [ -8.06893, 40.616325 ], [ -8.068915, 40.616037 ], [ -8.068848, 40.615786 ], [ -8.068814, 40.615259 ], [ -8.068818, 40.6151 ], [ -8.068852, 40.614954 ], [ -8.06909, 40.614545 ], [ -8.069279, 40.614367 ], [ -8.069381, 40.614309 ], [ -8.069457, 40.614287 ], [ -8.069668, 40.614264 ], [ -8.069869, 40.614269 ], [ -8.070238, 40.614327 ], [ -8.070386, 40.61433 ], [ -8.070525, 40.61431 ], [ -8.070736, 40.614215 ], [ -8.070963, 40.614066 ], [ -8.071114, 40.613916 ], [ -8.071197, 40.613747 ], [ -8.071243, 40.613488 ], [ -8.07122, 40.613332 ], [ -8.071186, 40.613255 ], [ -8.071115, 40.613177 ], [ -8.071013, 40.613099 ], [ -8.070662, 40.612961 ], [ -8.07044, 40.612826 ], [ -8.070338, 40.61273 ], [ -8.070293, 40.612647 ], [ -8.070289, 40.612589 ], [ -8.070304, 40.612489 ], [ -8.070346, 40.612422 ], [ -8.070429, 40.612385 ], [ -8.070749, 40.61238 ], [ -8.070927, 40.612411 ], [ -8.071221, 40.612432 ], [ -8.071365, 40.612412 ], [ -8.071421, 40.61238 ], [ -8.071531, 40.612259 ], [ -8.071656, 40.611995 ], [ -8.071724, 40.611808 ], [ -8.071739, 40.611692 ], [ -8.071717, 40.611526 ], [ -8.071653, 40.611457 ], [ -8.071234, 40.611154 ], [ -8.071147, 40.611062 ], [ -8.071113, 40.610999 ], [ -8.071076, 40.61062 ], [ -8.071088, 40.610448 ], [ -8.071152, 40.610209 ], [ -8.071239, 40.610027 ], [ -8.071314, 40.609927 ], [ -8.07139, 40.60989 ], [ -8.071477, 40.609884 ], [ -8.071571, 40.609913 ], [ -8.071835, 40.610051 ], [ -8.072223, 40.61016 ], [ -8.07234, 40.610166 ], [ -8.072765, 40.610112 ], [ -8.073154, 40.610129 ], [ -8.073384, 40.610112 ], [ -8.07401, 40.609758 ], [ -8.074142, 40.609657 ], [ -8.074365, 40.609441 ], [ -8.074493, 40.609292 ], [ -8.074667, 40.609061 ], [ -8.074739, 40.608938 ], [ -8.074765, 40.608805 ], [ -8.074754, 40.608725 ], [ -8.074716, 40.608653 ], [ -8.07463, 40.608595 ], [ -8.074249, 40.608471 ], [ -8.074113, 40.608405 ], [ -8.074022, 40.608333 ], [ -8.073887, 40.608117 ], [ -8.073785, 40.607858 ], [ -8.073502, 40.607349 ], [ -8.073144, 40.606836 ], [ -8.073099, 40.606819 ], [ -8.07296, 40.606816 ], [ -8.072888, 40.606853 ], [ -8.072438, 40.607236 ], [ -8.07235, 40.607279 ], [ -8.072157, 40.607325 ], [ -8.071901, 40.607328 ], [ -8.071007, 40.607037 ], [ -8.070739, 40.606887 ], [ -8.070503, 40.606731 ], [ -8.070402, 40.606693 ], [ -8.070205, 40.606647 ], [ -8.069818, 40.606629 ], [ -8.069702, 40.606594 ], [ -8.069556, 40.606498 ], [ -8.069508, 40.606402 ], [ -8.069485, 40.606313 ], [ -8.069536, 40.605839 ], [ -8.069524, 40.605513 ], [ -8.069477, 40.605306 ], [ -8.069367, 40.605069 ], [ -8.069278, 40.604963 ], [ -8.068956, 40.60469 ], [ -8.068782, 40.604493 ], [ -8.068733, 40.604401 ], [ -8.068709, 40.60434 ], [ -8.068655, 40.604002 ], [ -8.068611, 40.603534 ], [ -8.068606, 40.603281 ], [ -8.068634, 40.603071 ], [ -8.068666, 40.602997 ], [ -8.068742, 40.602924 ], [ -8.069531, 40.602359 ], [ -8.070087, 40.601996 ], [ -8.070813, 40.60161 ], [ -8.071034, 40.601424 ], [ -8.071268, 40.601077 ], [ -8.071812, 40.600151 ], [ -8.071945, 40.600007 ], [ -8.072544, 40.599459 ], [ -8.07307, 40.599045 ], [ -8.073181, 40.598927 ], [ -8.07327, 40.598792 ], [ -8.073359, 40.598619 ], [ -8.073392, 40.59842 ], [ -8.073431, 40.59793 ], [ -8.073382, 40.597099 ], [ -8.073404, 40.59698 ], [ -8.073471, 40.596824 ], [ -8.07356, 40.596697 ], [ -8.073693, 40.596583 ], [ -8.074014, 40.596402 ], [ -8.074573, 40.596145 ], [ -8.074727, 40.596101 ], [ -8.074834, 40.596033 ], [ -8.0751, 40.595795 ], [ -8.075269, 40.595601 ], [ -8.075397, 40.595414 ], [ -8.075452, 40.59532 ], [ -8.07546, 40.595271 ], [ -8.075452, 40.59514 ], [ -8.075416, 40.595064 ], [ -8.075371, 40.594979 ], [ -8.075004, 40.594615 ], [ -8.074931, 40.594515 ], [ -8.074856, 40.594327 ], [ -8.074763, 40.593625 ], [ -8.074747, 40.593277 ], [ -8.074758, 40.593174 ], [ -8.07486, 40.593005 ], [ -8.075141, 40.592822 ], [ -8.075587, 40.592614 ], [ -8.075667, 40.592566 ], [ -8.075818, 40.592425 ], [ -8.07598, 40.592312 ], [ -8.07612, 40.592224 ], [ -8.076649, 40.591964 ], [ -8.076863, 40.591807 ], [ -8.076952, 40.59176 ], [ -8.076955, 40.591922 ], [ -8.076979, 40.592031 ], [ -8.077081, 40.592153 ], [ -8.077331, 40.592331 ], [ -8.07751, 40.592582 ], [ -8.077896, 40.593179 ], [ -8.077948, 40.593448 ], [ -8.07808, 40.593766 ], [ -8.078132, 40.593848 ], [ -8.078258, 40.59397 ], [ -8.078365, 40.594043 ], [ -8.07901, 40.594363 ], [ -8.079426, 40.594538 ], [ -8.079489, 40.594593 ], [ -8.079528, 40.594651 ], [ -8.079572, 40.594742 ], [ -8.079629, 40.595316 ], [ -8.079728, 40.595732 ], [ -8.079838, 40.59589 ], [ -8.080028, 40.596067 ], [ -8.080144, 40.596252 ], [ -8.080191, 40.596811 ], [ -8.080336, 40.597251 ], [ -8.080377, 40.597436 ], [ -8.080375, 40.597766 ], [ -8.080347, 40.597972 ], [ -8.080308, 40.598117 ], [ -8.080294, 40.598485 ], [ -8.080319, 40.59856 ], [ -8.080374, 40.598632 ], [ -8.080487, 40.598714 ], [ -8.080853, 40.598876 ], [ -8.080955, 40.598897 ], [ -8.081259, 40.598904 ], [ -8.08164, 40.598893 ], [ -8.08185, 40.59886 ], [ -8.082037, 40.59886 ], [ -8.082123, 40.598874 ], [ -8.082272, 40.59894 ], [ -8.082398, 40.599053 ], [ -8.083072, 40.599072 ], [ -8.083645, 40.599074 ], [ -8.088885, 40.598958 ], [ -8.090467, 40.598545 ], [ -8.090743, 40.598487 ], [ -8.091143, 40.598157 ], [ -8.091557, 40.597874 ], [ -8.092148, 40.597685 ], [ -8.092475, 40.597615 ], [ -8.092534, 40.597588 ], [ -8.092821, 40.597363 ], [ -8.094277, 40.597223 ], [ -8.106558, 40.60035 ], [ -8.106879, 40.600521 ], [ -8.107357, 40.60082 ], [ -8.107615, 40.600959 ], [ -8.108155, 40.601187 ], [ -8.108469, 40.601286 ], [ -8.108745, 40.601417 ], [ -8.109024, 40.60169 ], [ -8.109198, 40.601904 ], [ -8.10939, 40.602095 ], [ -8.10964, 40.602264 ], [ -8.11036, 40.602555 ], [ -8.110613, 40.602701 ], [ -8.110834, 40.602888 ], [ -8.111012, 40.60307 ], [ -8.111337, 40.603464 ], [ -8.111512, 40.603624 ], [ -8.111988, 40.60395 ], [ -8.113457, 40.604844 ], [ -8.11359, 40.604983 ], [ -8.113752, 40.605203 ], [ -8.114006, 40.605645 ], [ -8.114149, 40.605843 ], [ -8.114204, 40.60589 ], [ -8.114686, 40.606183 ], [ -8.114995, 40.606337 ], [ -8.115129, 40.606377 ], [ -8.115972, 40.606382 ], [ -8.116211, 40.606424 ], [ -8.116338, 40.60651 ], [ -8.116392, 40.606581 ], [ -8.116429, 40.606727 ], [ -8.116425, 40.606951 ], [ -8.116375, 40.607173 ], [ -8.116376, 40.607414 ], [ -8.1164, 40.607531 ], [ -8.116461, 40.607601 ], [ -8.116745, 40.60774 ], [ -8.116875, 40.607785 ], [ -8.117061, 40.607793 ], [ -8.117383, 40.607771 ], [ -8.117543, 40.607737 ], [ -8.117911, 40.607576 ], [ -8.118122, 40.607567 ], [ -8.118212, 40.607589 ], [ -8.118402, 40.607704 ], [ -8.118537, 40.607721 ], [ -8.118696, 40.607773 ], [ -8.118866, 40.607934 ], [ -8.118887, 40.607981 ], [ -8.118891, 40.608094 ], [ -8.118519, 40.608609 ], [ -8.11837, 40.608879 ], [ -8.118366, 40.609012 ], [ -8.118493, 40.609164 ], [ -8.118682, 40.609343 ], [ -8.11881, 40.609533 ], [ -8.119044, 40.609806 ], [ -8.120013, 40.608981 ], [ -8.124354, 40.604784 ], [ -8.127207, 40.6029 ], [ -8.131231, 40.600449 ], [ -8.135121, 40.59706 ], [ -8.135365, 40.596918 ], [ -8.135341, 40.596888 ], [ -8.135317, 40.596782 ], [ -8.135345, 40.596596 ], [ -8.135477, 40.596371 ], [ -8.135875, 40.596043 ], [ -8.136857, 40.594986 ], [ -8.137353, 40.594544 ], [ -8.137397, 40.594599 ], [ -8.137799, 40.594932 ], [ -8.138256, 40.595264 ], [ -8.138525, 40.595422 ], [ -8.138849, 40.59554 ], [ -8.138914, 40.595584 ], [ -8.138929, 40.595634 ], [ -8.138881, 40.595746 ], [ -8.138873, 40.595912 ], [ -8.138891, 40.595972 ], [ -8.138924, 40.595995 ], [ -8.139051, 40.596028 ], [ -8.13914, 40.596032 ], [ -8.139555, 40.596021 ], [ -8.139638, 40.596317 ], [ -8.140812, 40.598526 ], [ -8.140678, 40.59888 ], [ -8.140681, 40.599112 ], [ -8.140713, 40.599178 ], [ -8.140787, 40.599244 ], [ -8.140475, 40.601989 ], [ -8.139565, 40.606046 ], [ -8.138008, 40.609583 ], [ -8.148363, 40.611827 ], [ -8.148605, 40.611834 ], [ -8.148742, 40.611882 ], [ -8.148808, 40.611926 ], [ -8.149036, 40.612181 ], [ -8.149225, 40.61236 ], [ -8.149429, 40.612487 ], [ -8.147747, 40.614121 ], [ -8.146458, 40.615008 ], [ -8.145228, 40.615889 ], [ -8.1451, 40.616767 ], [ -8.145063, 40.617098 ], [ -8.145048, 40.617478 ], [ -8.145144, 40.618113 ], [ -8.145333, 40.619921 ], [ -8.147322, 40.623279 ], [ -8.146661, 40.624063 ], [ -8.145903, 40.624894 ], [ -8.145188, 40.62573 ], [ -8.144667, 40.626293 ], [ -8.144114, 40.626859 ], [ -8.143987, 40.627019 ], [ -8.143713, 40.627954 ], [ -8.143622, 40.628416 ], [ -8.143104, 40.629208 ], [ -8.143027, 40.629471 ], [ -8.142899, 40.630113 ], [ -8.142824, 40.630379 ], [ -8.142715, 40.630573 ], [ -8.142582, 40.631089 ], [ -8.14232, 40.631699 ], [ -8.142114, 40.632389 ], [ -8.142027, 40.632621 ], [ -8.141915, 40.633011 ], [ -8.141724, 40.633576 ], [ -8.141607, 40.633852 ], [ -8.140954, 40.635117 ], [ -8.1408, 40.635634 ], [ -8.140465, 40.636226 ], [ -8.140259, 40.636629 ], [ -8.139848, 40.637182 ], [ -8.139691, 40.637458 ], [ -8.139594, 40.637684 ], [ -8.138791, 40.638004 ], [ -8.138465, 40.638154 ], [ -8.138123, 40.63827 ], [ -8.138013, 40.638322 ], [ -8.137778, 40.638576 ], [ -8.137584, 40.638826 ], [ -8.137347, 40.638958 ], [ -8.13694, 40.639109 ], [ -8.136668, 40.639228 ], [ -8.136581, 40.639287 ], [ -8.135593, 40.639655 ], [ -8.133931, 40.640464 ], [ -8.132099, 40.64067 ], [ -8.129976, 40.640383 ], [ -8.127515, 40.640269 ], [ -8.125286, 40.640466 ], [ -8.125215, 40.640445 ] ] ] } },
{ "type": "Feature", "properties": { }, "geometry": { "type": "Polygon", "coordinates": [ [ [ -8.13684, 40.639153 ], [ -8.137347, 40.638958 ], [ -8.137584, 40.638826 ], [ -8.137778, 40.638576 ], [ -8.138013, 40.638322 ], [ -8.138123, 40.63827 ], [ -8.138465, 40.638154 ], [ -8.138791, 40.638004 ], [ -8.139594, 40.637684 ], [ -8.139691, 40.637458 ], [ -8.139848, 40.637182 ], [ -8.140259, 40.636629 ], [ -8.140465, 40.636226 ], [ -8.1408, 40.635634 ], [ -8.140954, 40.635117 ], [ -8.141607, 40.633852 ], [ -8.141724, 40.633576 ], [ -8.141915, 40.633011 ], [ -8.142027, 40.632621 ], [ -8.142114, 40.632389 ], [ -8.14232, 40.631699 ], [ -8.142582, 40.631089 ], [ -8.142715, 40.630573 ], [ -8.142824, 40.630379 ], [ -8.142899, 40.630113 ], [ -8.143027, 40.629471 ], [ -8.143104, 40.629208 ], [ -8.143622, 40.628416 ], [ -8.143713, 40.627954 ], [ -8.143987, 40.627019 ], [ -8.144114, 40.626859 ], [ -8.144667, 40.626293 ], [ -8.145188, 40.62573 ], [ -8.145903, 40.624894 ], [ -8.146661, 40.624063 ], [ -8.147322, 40.623279 ], [ -8.145333, 40.619921 ], [ -8.145144, 40.618113 ], [ -8.145048, 40.617478 ], [ -8.145063, 40.617098 ], [ -8.1451, 40.616767 ], [ -8.145228, 40.615889 ], [ -8.146458, 40.615008 ], [ -8.147747, 40.614121 ], [ -8.150084, 40.611843 ], [ -8.151341, 40.610742 ], [ -8.15246, 40.610023 ], [ -8.153396, 40.608992 ], [ -8.153418, 40.608828 ], [ -8.153601, 40.608645 ], [ -8.153766, 40.60855 ], [ -8.15393, 40.608492 ], [ -8.154222, 40.608433 ], [ -8.154329, 40.608389 ], [ -8.15451, 40.608367 ], [ -8.154685, 40.608154 ], [ -8.154737, 40.608052 ], [ -8.154756, 40.608045 ], [ -8.154926, 40.608001 ], [ -8.155063, 40.608007 ], [ -8.155365, 40.608063 ], [ -8.155611, 40.608019 ], [ -8.155893, 40.607928 ], [ -8.156228, 40.607863 ], [ -8.156466, 40.607712 ], [ -8.156711, 40.607634 ], [ -8.156849, 40.607431 ], [ -8.157284, 40.607092 ], [ -8.157466, 40.606888 ], [ -8.157591, 40.606269 ], [ -8.15759, 40.60589 ], [ -8.158889, 40.604512 ], [ -8.159005, 40.604432 ], [ -8.159207, 40.604326 ], [ -8.159922, 40.603828 ], [ -8.160001, 40.603731 ], [ -8.159999, 40.603681 ], [ -8.16005, 40.603672 ], [ -8.160138, 40.603598 ], [ -8.1602, 40.603503 ], [ -8.160377, 40.603308 ], [ -8.160638, 40.602725 ], [ -8.160991, 40.601596 ], [ -8.160988, 40.601263 ], [ -8.161366, 40.601329 ], [ -8.162798, 40.601717 ], [ -8.165584, 40.602288 ], [ -8.170605, 40.602107 ], [ -8.172222, 40.602081 ], [ -8.172854, 40.601975 ], [ -8.17324, 40.60181 ], [ -8.17379, 40.601535 ], [ -8.174039, 40.60138 ], [ -8.174374, 40.601243 ], [ -8.174726, 40.601177 ], [ -8.175405, 40.600904 ], [ -8.176069, 40.600663 ], [ -8.176573, 40.600621 ], [ -8.177135, 40.600743 ], [ -8.177532, 40.60098 ], [ -8.177795, 40.601217 ], [ -8.178007, 40.601363 ], [ -8.178196, 40.601462 ], [ -8.17847, 40.601537 ], [ -8.178807, 40.601687 ], [ -8.179043, 40.60177 ], [ -8.17973, 40.601857 ], [ -8.180011, 40.601945 ], [ -8.180975, 40.602286 ], [ -8.181836, 40.602621 ], [ -8.18475, 40.602555 ], [ -8.186177, 40.602464 ], [ -8.187397, 40.602469 ], [ -8.18801, 40.602667 ], [ -8.191822, 40.603514 ], [ -8.192915, 40.603914 ], [ -8.195538, 40.604837 ], [ -8.196563, 40.605159 ], [ -8.197371, 40.605448 ], [ -8.197919, 40.605686 ], [ -8.19959, 40.606549 ], [ -8.200024, 40.606813 ], [ -8.200403, 40.607082 ], [ -8.201085, 40.60749 ], [ -8.201598, 40.607819 ], [ -8.202134, 40.608279 ], [ -8.202898, 40.60883 ], [ -8.203659, 40.609494 ], [ -8.203931, 40.609662 ], [ -8.204481, 40.609852 ], [ -8.205089, 40.610013 ], [ -8.207063, 40.610304 ], [ -8.208232, 40.610634 ], [ -8.209205, 40.611174 ], [ -8.210382, 40.611889 ], [ -8.211557, 40.612666 ], [ -8.212747, 40.613396 ], [ -8.214176, 40.614246 ], [ -8.215279, 40.614856 ], [ -8.216361, 40.615495 ], [ -8.21738, 40.616163 ], [ -8.217595, 40.616335 ], [ -8.217667, 40.616374 ], [ -8.217303, 40.618351 ], [ -8.217118, 40.619255 ], [ -8.217069, 40.61941 ], [ -8.216195, 40.620965 ], [ -8.21619, 40.621429 ], [ -8.216066, 40.622265 ], [ -8.216095, 40.623315 ], [ -8.21604, 40.62382 ], [ -8.215987, 40.624571 ], [ -8.216024, 40.624914 ], [ -8.216179, 40.625581 ], [ -8.216191, 40.62591 ], [ -8.21643, 40.627072 ], [ -8.216601, 40.627663 ], [ -8.217012, 40.628703 ], [ -8.217182, 40.628624 ], [ -8.217216, 40.628736 ], [ -8.217486, 40.629044 ], [ -8.218638, 40.630516 ], [ -8.219079, 40.631103 ], [ -8.219288, 40.631429 ], [ -8.21957, 40.632212 ], [ -8.219742, 40.632538 ], [ -8.219902, 40.632949 ], [ -8.220221, 40.633442 ], [ -8.220429, 40.633992 ], [ -8.220565, 40.63458 ], [ -8.220701, 40.635344 ], [ -8.220652, 40.635726 ], [ -8.22042, 40.636277 ], [ -8.2202, 40.636594 ], [ -8.220054, 40.636734 ], [ -8.219638, 40.637032 ], [ -8.219589, 40.637154 ], [ -8.219586, 40.637398 ], [ -8.21949, 40.637501 ], [ -8.219345, 40.637601 ], [ -8.219161, 40.637647 ], [ -8.218886, 40.637766 ], [ -8.218061, 40.638516 ], [ -8.217853, 40.638628 ], [ -8.217584, 40.638731 ], [ -8.217156, 40.638955 ], [ -8.21663, 40.639328 ], [ -8.216105, 40.639841 ], [ -8.215934, 40.640046 ], [ -8.215774, 40.640102 ], [ -8.215469, 40.640149 ], [ -8.215186, 40.640252 ], [ -8.214845, 40.640346 ], [ -8.214612, 40.64043 ], [ -8.214478, 40.640541 ], [ -8.214282, 40.640766 ], [ -8.213415, 40.641866 ], [ -8.213072, 40.642361 ], [ -8.212609, 40.643331 ], [ -8.212352, 40.643685 ], [ -8.212217, 40.643806 ], [ -8.211997, 40.643965 ], [ -8.211691, 40.64403 ], [ -8.211177, 40.64404 ], [ -8.210712, 40.643966 ], [ -8.209635, 40.643845 ], [ -8.20928, 40.643846 ], [ -8.209096, 40.643874 ], [ -8.208693, 40.644023 ], [ -8.208399, 40.644191 ], [ -8.208069, 40.644424 ], [ -8.207421, 40.644835 ], [ -8.20698, 40.645012 ], [ -8.206638, 40.645087 ], [ -8.20627, 40.645087 ], [ -8.205842, 40.645032 ], [ -8.204459, 40.644688 ], [ -8.20414, 40.644669 ], [ -8.203675, 40.644809 ], [ -8.203271, 40.644856 ], [ -8.202451, 40.644773 ], [ -8.202108, 40.644699 ], [ -8.201827, 40.644596 ], [ -8.201374, 40.644336 ], [ -8.201031, 40.644242 ], [ -8.200394, 40.644177 ], [ -8.199954, 40.644178 ], [ -8.199464, 40.644253 ], [ -8.199011, 40.644383 ], [ -8.198571, 40.644635 ], [ -8.198241, 40.644962 ], [ -8.198021, 40.645251 ], [ -8.197886, 40.645391 ], [ -8.19774, 40.645615 ], [ -8.197703, 40.645773 ], [ -8.197716, 40.645978 ], [ -8.197789, 40.646193 ], [ -8.198059, 40.646678 ], [ -8.198255, 40.647162 ], [ -8.198341, 40.647526 ], [ -8.198342, 40.647861 ], [ -8.198269, 40.648141 ], [ -8.198073, 40.648374 ], [ -8.197914, 40.648505 ], [ -8.197829, 40.648719 ], [ -8.197829, 40.649055 ], [ -8.19789, 40.649232 ], [ -8.198049, 40.649437 ], [ -8.19827, 40.649642 ], [ -8.198687, 40.650089 ], [ -8.198871, 40.650425 ], [ -8.199091, 40.650937 ], [ -8.199214, 40.65132 ], [ -8.199239, 40.651497 ], [ -8.199252, 40.652196 ], [ -8.199179, 40.652821 ], [ -8.199094, 40.653184 ], [ -8.198898, 40.653651 ], [ -8.198776, 40.653884 ], [ -8.198654, 40.654061 ], [ -8.198397, 40.654257 ], [ -8.198054, 40.654481 ], [ -8.197516, 40.654686 ], [ -8.197002, 40.655069 ], [ -8.196843, 40.655209 ], [ -8.196696, 40.655433 ], [ -8.19666, 40.655796 ], [ -8.196526, 40.656477 ], [ -8.196233, 40.65754 ], [ -8.195916, 40.658528 ], [ -8.195782, 40.659079 ], [ -8.195627, 40.659937 ], [ -8.194657, 40.660748 ], [ -8.194474, 40.660972 ], [ -8.194156, 40.661904 ], [ -8.194037, 40.662608 ], [ -8.194039, 40.662993 ], [ -8.194085, 40.663294 ], [ -8.194238, 40.663653 ], [ -8.194466, 40.664012 ], [ -8.194588, 40.664324 ], [ -8.194588, 40.664405 ], [ -8.194512, 40.664463 ], [ -8.194421, 40.664463 ], [ -8.194208, 40.664313 ], [ -8.19328, 40.663792 ], [ -8.192702, 40.663584 ], [ -8.192383, 40.663504 ], [ -8.19182, 40.663423 ], [ -8.19103, 40.6634 ], [ -8.190589, 40.663447 ], [ -8.190117, 40.66347 ], [ -8.189646, 40.66347 ], [ -8.189509, 40.663424 ], [ -8.188749, 40.663031 ], [ -8.188201, 40.662695 ], [ -8.187745, 40.662441 ], [ -8.187638, 40.662313 ], [ -8.187547, 40.662012 ], [ -8.187471, 40.661862 ], [ -8.187242, 40.6617 ], [ -8.186832, 40.661503 ], [ -8.186573, 40.661307 ], [ -8.186254, 40.660994 ], [ -8.185843, 40.660416 ], [ -8.185645, 40.660219 ], [ -8.185265, 40.659872 ], [ -8.184595, 40.659421 ], [ -8.18455, 40.659305 ], [ -8.184595, 40.658957 ], [ -8.184564, 40.658518 ], [ -8.184261, 40.65752 ], [ -8.184107, 40.656862 ], [ -8.184, 40.656503 ], [ -8.18368, 40.655704 ], [ -8.183513, 40.65516 ], [ -8.183254, 40.654512 ], [ -8.182995, 40.653633 ], [ -8.182842, 40.653204 ], [ -8.182736, 40.653042 ], [ -8.182553, 40.65288 ], [ -8.182021, 40.652695 ], [ -8.181398, 40.652545 ], [ -8.180972, 40.652545 ], [ -8.180622, 40.652568 ], [ -8.18006, 40.652488 ], [ -8.179649, 40.652372 ], [ -8.179011, 40.651955 ], [ -8.177764, 40.6514 ], [ -8.17714, 40.651169 ], [ -8.175742, 40.650764 ], [ -8.175164, 40.650556 ], [ -8.17448, 40.650255 ], [ -8.173826, 40.649931 ], [ -8.172701, 40.649121 ], [ -8.172153, 40.648681 ], [ -8.171195, 40.647686 ], [ -8.17083, 40.647489 ], [ -8.169705, 40.64727 ], [ -8.167957, 40.64705 ], [ -8.167318, 40.647039 ], [ -8.166513, 40.646958 ], [ -8.165008, 40.646843 ], [ -8.1644, 40.646866 ], [ -8.163792, 40.646948 ], [ -8.162971, 40.646994 ], [ -8.162287, 40.646948 ], [ -8.161938, 40.646948 ], [ -8.161497, 40.646531 ], [ -8.160782, 40.645779 ], [ -8.159748, 40.644529 ], [ -8.158106, 40.643001 ], [ -8.156905, 40.641982 ], [ -8.154974, 40.640489 ], [ -8.15429, 40.639992 ], [ -8.153819, 40.639702 ], [ -8.153408, 40.63954 ], [ -8.153104, 40.639471 ], [ -8.1528, 40.639425 ], [ -8.152055, 40.639425 ], [ -8.15052, 40.639506 ], [ -8.149548, 40.63961 ], [ -8.14894, 40.639611 ], [ -8.148362, 40.639587 ], [ -8.14739, 40.639611 ], [ -8.145441, 40.639578 ], [ -8.143916, 40.63963 ], [ -8.143289, 40.639613 ], [ -8.141451, 40.639528 ], [ -8.140352, 40.639323 ], [ -8.139657, 40.639255 ], [ -8.138223, 40.63905 ], [ -8.13755, 40.63905 ], [ -8.13684, 40.639153 ] ] ] } },
{ "type": "Feature", "properties": { }, "geometry": { "type": "Polygon", "coordinates": [ [ [ -8.093052, 40.669181 ], [ -8.092733, 40.668897 ], [ -8.092316, 40.66877 ], [ -8.091843, 40.668748 ], [ -8.091008, 40.668769 ], [ -8.090479, 40.668684 ], [ -8.089728, 40.668515 ], [ -8.087307, 40.668387 ], [ -8.08611, 40.668513 ], [ -8.08508, 40.668598 ], [ -8.08291, 40.668597 ], [ -8.082242, 40.668533 ], [ -8.082019, 40.668469 ], [ -8.081769, 40.668066 ], [ -8.081547, 40.666964 ], [ -8.081186, 40.665905 ], [ -8.080797, 40.664506 ], [ -8.08027, 40.663192 ], [ -8.079893, 40.662 ], [ -8.079819, 40.660732 ], [ -8.079689, 40.660391 ], [ -8.079416, 40.659765 ], [ -8.07897, 40.658931 ], [ -8.07861, 40.658129 ], [ -8.078221, 40.657426 ], [ -8.077905, 40.656383 ], [ -8.077847, 40.656142 ], [ -8.077516, 40.655582 ], [ -8.077387, 40.65545 ], [ -8.076653, 40.654198 ], [ -8.076293, 40.653627 ], [ -8.075372, 40.652024 ], [ -8.074625, 40.650906 ], [ -8.077412, 40.649027 ], [ -8.081517, 40.644293 ], [ -8.085245, 40.640166 ], [ -8.091589, 40.634864 ], [ -8.100381, 40.63745 ], [ -8.104854, 40.639371 ], [ -8.107914, 40.63937 ], [ -8.110395, 40.638634 ], [ -8.113598, 40.63874 ], [ -8.116693, 40.63869 ], [ -8.119661, 40.638721 ], [ -8.123926, 40.640067 ], [ -8.125215, 40.640445 ], [ -8.125462, 40.642538 ], [ -8.125426, 40.644594 ], [ -8.125246, 40.647034 ], [ -8.125246, 40.648871 ], [ -8.125339, 40.649699 ], [ -8.125627, 40.650663 ], [ -8.12603, 40.651804 ], [ -8.12626, 40.652813 ], [ -8.126663, 40.6538 ], [ -8.127412, 40.654874 ], [ -8.12793, 40.655576 ], [ -8.128737, 40.656738 ], [ -8.128852, 40.657243 ], [ -8.128938, 40.658778 ], [ -8.12888, 40.661059 ], [ -8.128996, 40.662418 ], [ -8.12937, 40.6638 ], [ -8.129858, 40.664946 ], [ -8.130041, 40.665186 ], [ -8.130225, 40.665385 ], [ -8.130403, 40.66561 ], [ -8.130411, 40.665961 ], [ -8.130446, 40.666205 ], [ -8.130533, 40.666583 ], [ -8.130621, 40.666745 ], [ -8.130408, 40.667685 ], [ -8.130161, 40.668314 ], [ -8.129855, 40.668937 ], [ -8.129548, 40.669455 ], [ -8.128628, 40.670726 ], [ -8.127402, 40.671997 ], [ -8.126346, 40.672982 ], [ -8.125903, 40.673216 ], [ -8.124404, 40.674279 ], [ -8.123314, 40.674902 ], [ -8.122803, 40.67542 ], [ -8.122394, 40.675991 ], [ -8.122384, 40.676046 ], [ -8.121857, 40.676265 ], [ -8.120823, 40.676396 ], [ -8.120103, 40.67645 ], [ -8.118974, 40.676408 ], [ -8.117596, 40.676281 ], [ -8.116494, 40.676323 ], [ -8.114757, 40.676449 ], [ -8.1136, 40.676554 ], [ -8.113131, 40.676449 ], [ -8.112525, 40.676176 ], [ -8.111506, 40.675483 ], [ -8.111038, 40.675 ], [ -8.110184, 40.674308 ], [ -8.109026, 40.673511 ], [ -8.106244, 40.671978 ], [ -8.105252, 40.671496 ], [ -8.103158, 40.670698 ], [ -8.102111, 40.670404 ], [ -8.099191, 40.669753 ], [ -8.097923, 40.669585 ], [ -8.097042, 40.6695 ], [ -8.095416, 40.669353 ], [ -8.094148, 40.66929 ], [ -8.093052, 40.669181 ] ] ] } },
{ "type": "Feature", "properties": { }, "geometry": { "type": "Polygon", "coordinates": [ [ [ -8.29829, 40.694535 ], [ -8.297645, 40.69434 ], [ -8.297519, 40.694135 ], [ -8.29723, 40.69338 ], [ -8.296995, 40.692896 ], [ -8.296742, 40.6921 ], [ -8.296733, 40.691727 ], [ -8.296642, 40.691221 ], [ -8.296599, 40.690766 ], [ -8.29661, 40.690162 ], [ -8.296704, 40.689791 ], [ -8.296872, 40.688989 ], [ -8.297112, 40.688244 ], [ -8.297326, 40.687416 ], [ -8.298953, 40.681671 ], [ -8.298142, 40.675751 ], [ -8.297731, 40.674853 ], [ -8.297117, 40.674145 ], [ -8.293792, 40.671588 ], [ -8.293037, 40.670488 ], [ -8.291702, 40.668874 ], [ -8.289933, 40.669047 ], [ -8.288832, 40.669024 ], [ -8.289853, 40.666035 ], [ -8.290761, 40.66257 ], [ -8.290913, 40.662467 ], [ -8.290926, 40.662378 ], [ -8.290994, 40.662249 ], [ -8.290993, 40.662017 ], [ -8.291009, 40.661905 ], [ -8.29114, 40.661551 ], [ -8.291267, 40.661354 ], [ -8.29123, 40.661184 ], [ -8.291146, 40.661108 ], [ -8.291322, 40.660844 ], [ -8.291473, 40.660522 ], [ -8.291579, 40.660445 ], [ -8.291584, 40.660326 ], [ -8.291614, 40.660257 ], [ -8.291664, 40.659986 ], [ -8.291739, 40.659764 ], [ -8.291735, 40.659516 ], [ -8.291702, 40.65929 ], [ -8.291696, 40.65906 ], [ -8.291934, 40.658374 ], [ -8.291914, 40.658176 ], [ -8.291797, 40.65794 ], [ -8.291749, 40.657723 ], [ -8.291747, 40.657581 ], [ -8.291906, 40.657146 ], [ -8.291953, 40.656902 ], [ -8.292082, 40.656519 ], [ -8.292077, 40.656375 ], [ -8.292013, 40.656168 ], [ -8.292016, 40.656022 ], [ -8.292216, 40.655639 ], [ -8.292265, 40.655394 ], [ -8.292318, 40.654927 ], [ -8.292369, 40.654692 ], [ -8.29262, 40.654344 ], [ -8.292726, 40.654109 ], [ -8.292825, 40.653653 ], [ -8.292843, 40.65342 ], [ -8.292844, 40.65292 ], [ -8.292882, 40.6528 ], [ -8.293031, 40.652487 ], [ -8.293119, 40.652455 ], [ -8.293242, 40.652458 ], [ -8.293425, 40.65255 ], [ -8.293543, 40.65257 ], [ -8.293835, 40.652577 ], [ -8.294303, 40.652697 ], [ -8.294352, 40.652691 ], [ -8.294348, 40.653065 ], [ -8.294408, 40.653457 ], [ -8.294487, 40.653705 ], [ -8.294882, 40.654356 ], [ -8.295023, 40.654555 ], [ -8.295095, 40.654612 ], [ -8.295285, 40.654632 ], [ -8.295411, 40.654571 ], [ -8.296268, 40.654015 ], [ -8.297677, 40.65325 ], [ -8.298024, 40.653002 ], [ -8.299689, 40.65193 ], [ -8.299952, 40.651717 ], [ -8.300485, 40.651074 ], [ -8.300512, 40.650791 ], [ -8.300382, 40.650554 ], [ -8.300314, 40.650393 ], [ -8.300292, 40.650224 ], [ -8.300324, 40.650118 ], [ -8.300417, 40.649966 ], [ -8.300518, 40.649919 ], [ -8.300668, 40.649906 ], [ -8.300846, 40.649938 ], [ -8.301095, 40.650095 ], [ -8.301395, 40.650314 ], [ -8.30155, 40.650368 ], [ -8.301798, 40.650326 ], [ -8.301924, 40.650271 ], [ -8.302051, 40.65011 ], [ -8.302175, 40.64971 ], [ -8.302219, 40.649663 ], [ -8.302301, 40.649495 ], [ -8.302308, 40.649304 ], [ -8.302428, 40.649086 ], [ -8.302698, 40.648787 ], [ -8.30287, 40.648176 ], [ -8.302978, 40.647918 ], [ -8.303028, 40.647835 ], [ -8.303414, 40.647356 ], [ -8.30382, 40.647018 ], [ -8.304069, 40.646788 ], [ -8.304172, 40.646615 ], [ -8.30433, 40.646409 ], [ -8.304382, 40.646316 ], [ -8.304426, 40.646186 ], [ -8.304427, 40.645747 ], [ -8.304162, 40.645249 ], [ -8.303982, 40.645054 ], [ -8.303656, 40.644796 ], [ -8.303374, 40.644508 ], [ -8.303396, 40.644325 ], [ -8.303538, 40.644214 ], [ -8.303926, 40.644092 ], [ -8.304093, 40.644142 ], [ -8.304253, 40.644232 ], [ -8.305122, 40.644404 ], [ -8.305341, 40.64447 ], [ -8.305513, 40.644489 ], [ -8.305999, 40.644461 ], [ -8.306201, 40.644556 ], [ -8.306332, 40.64467 ], [ -8.306556, 40.645191 ], [ -8.306694, 40.645413 ], [ -8.306839, 40.645522 ], [ -8.30704, 40.645613 ], [ -8.307295, 40.645676 ], [ -8.307438, 40.645676 ], [ -8.307752, 40.64559 ], [ -8.307882, 40.645536 ], [ -8.308231, 40.645327 ], [ -8.308402, 40.645169 ], [ -8.308549, 40.644984 ], [ -8.308704, 40.644843 ], [ -8.309151, 40.644568 ], [ -8.309327, 40.644507 ], [ -8.309725, 40.644493 ], [ -8.309819, 40.644468 ], [ -8.310463, 40.644025 ], [ -8.310771, 40.643766 ], [ -8.31092, 40.643606 ], [ -8.311141, 40.643469 ], [ -8.311375, 40.643403 ], [ -8.311591, 40.643369 ], [ -8.311764, 40.643392 ], [ -8.311961, 40.643529 ], [ -8.311958, 40.643702 ], [ -8.311894, 40.64393 ], [ -8.311893, 40.643971 ], [ -8.311937, 40.644092 ], [ -8.312472, 40.644544 ], [ -8.312622, 40.64489 ], [ -8.312771, 40.645122 ], [ -8.31285, 40.645189 ], [ -8.313175, 40.645358 ], [ -8.313383, 40.645386 ], [ -8.313626, 40.64539 ], [ -8.313873, 40.645361 ], [ -8.314167, 40.645266 ], [ -8.314667, 40.645164 ], [ -8.315068, 40.64518 ], [ -8.315097, 40.645199 ], [ -8.315174, 40.645382 ], [ -8.315169, 40.645548 ], [ -8.315274, 40.645797 ], [ -8.315367, 40.645909 ], [ -8.315706, 40.646224 ], [ -8.31581, 40.646294 ], [ -8.31609, 40.646587 ], [ -8.316394, 40.646807 ], [ -8.3167, 40.646936 ], [ -8.317013, 40.646979 ], [ -8.317258, 40.64698 ], [ -8.317345, 40.64696 ], [ -8.317489, 40.646905 ], [ -8.318038, 40.64663 ], [ -8.318432, 40.646415 ], [ -8.318842, 40.646248 ], [ -8.319186, 40.646003 ], [ -8.320516, 40.645386 ], [ -8.320947, 40.6454 ], [ -8.321308, 40.645271 ], [ -8.321432, 40.645186 ], [ -8.321514, 40.645112 ], [ -8.321554, 40.64502 ], [ -8.321543, 40.644749 ], [ -8.321446, 40.64418 ], [ -8.321475, 40.644012 ], [ -8.321611, 40.643616 ], [ -8.321797, 40.643227 ], [ -8.32206, 40.642819 ], [ -8.322269, 40.642642 ], [ -8.322562, 40.642561 ], [ -8.322793, 40.642534 ], [ -8.322997, 40.642557 ], [ -8.323652, 40.642711 ], [ -8.324677, 40.642908 ], [ -8.325198, 40.643055 ], [ -8.325743, 40.643168 ], [ -8.326383, 40.643246 ], [ -8.327417, 40.643291 ], [ -8.327618, 40.643272 ], [ -8.327878, 40.643203 ], [ -8.328187, 40.643053 ], [ -8.328444, 40.642878 ], [ -8.328595, 40.642675 ], [ -8.328686, 40.642464 ], [ -8.328721, 40.642167 ], [ -8.328721, 40.641967 ], [ -8.328668, 40.641636 ], [ -8.328652, 40.641559 ], [ -8.328574, 40.641407 ], [ -8.328467, 40.641301 ], [ -8.32822, 40.641122 ], [ -8.326888, 40.640603 ], [ -8.326202, 40.640254 ], [ -8.326034, 40.64009 ], [ -8.32587, 40.639826 ], [ -8.325847, 40.639535 ], [ -8.32607, 40.638934 ], [ -8.326161, 40.638792 ], [ -8.326501, 40.638376 ], [ -8.326989, 40.638005 ], [ -8.327571, 40.637533 ], [ -8.32817, 40.63699 ], [ -8.328483, 40.636796 ], [ -8.328664, 40.636762 ], [ -8.328779, 40.636763 ], [ -8.328987, 40.636801 ], [ -8.329124, 40.636845 ], [ -8.329346, 40.636923 ], [ -8.329457, 40.637014 ], [ -8.329681, 40.63745 ], [ -8.329753, 40.637496 ], [ -8.329918, 40.637645 ], [ -8.330225, 40.637824 ], [ -8.330626, 40.637963 ], [ -8.330968, 40.638009 ], [ -8.331767, 40.637934 ], [ -8.345794, 40.644155 ], [ -8.359969, 40.650498 ], [ -8.361077, 40.651205 ], [ -8.363044, 40.653453 ], [ -8.363372, 40.654049 ], [ -8.364043, 40.655474 ], [ -8.363965, 40.656654 ], [ -8.363996, 40.659388 ], [ -8.363982, 40.659511 ], [ -8.364397, 40.659552 ], [ -8.364423, 40.659567 ], [ -8.364804, 40.659944 ], [ -8.365108, 40.660415 ], [ -8.365231, 40.660544 ], [ -8.365354, 40.660607 ], [ -8.365809, 40.660761 ], [ -8.366343, 40.661013 ], [ -8.366741, 40.661223 ], [ -8.367012, 40.661412 ], [ -8.36806, 40.661929 ], [ -8.368263, 40.6621 ], [ -8.36844, 40.662322 ], [ -8.368564, 40.662637 ], [ -8.368687, 40.662865 ], [ -8.368979, 40.663286 ], [ -8.369063, 40.663355 ], [ -8.369498, 40.663813 ], [ -8.36952, 40.663884 ], [ -8.369488, 40.663963 ], [ -8.369896, 40.664166 ], [ -8.370015, 40.664245 ], [ -8.370023, 40.664323 ], [ -8.370646, 40.665076 ], [ -8.371339, 40.665747 ], [ -8.372192, 40.666677 ], [ -8.372947, 40.667278 ], [ -8.374096, 40.668092 ], [ -8.374478, 40.668106 ], [ -8.374487, 40.668393 ], [ -8.374523, 40.668503 ], [ -8.374539, 40.668687 ], [ -8.374498, 40.669421 ], [ -8.374485, 40.669585 ], [ -8.374368, 40.670035 ], [ -8.374313, 40.670369 ], [ -8.374081, 40.670646 ], [ -8.37405, 40.670714 ], [ -8.373989, 40.67068 ], [ -8.373957, 40.670732 ], [ -8.373735, 40.671308 ], [ -8.37362, 40.67145 ], [ -8.373514, 40.671483 ], [ -8.3735, 40.671474 ], [ -8.373503, 40.671705 ], [ -8.373466, 40.672223 ], [ -8.373468, 40.672458 ], [ -8.373333, 40.672736 ], [ -8.373332, 40.673286 ], [ -8.373297, 40.67378 ], [ -8.373169, 40.674118 ], [ -8.372937, 40.675013 ], [ -8.373197, 40.675474 ], [ -8.373304, 40.67578 ], [ -8.373334, 40.675996 ], [ -8.373466, 40.676405 ], [ -8.373521, 40.676717 ], [ -8.373787, 40.67706 ], [ -8.374082, 40.677612 ], [ -8.374516, 40.678478 ], [ -8.374529, 40.678575 ], [ -8.374378, 40.678588 ], [ -8.374158, 40.678665 ], [ -8.373389, 40.67901 ], [ -8.373073, 40.679201 ], [ -8.373041, 40.679215 ], [ -8.37289, 40.679221 ], [ -8.372844, 40.679189 ], [ -8.372715, 40.678969 ], [ -8.372572, 40.678565 ], [ -8.372456, 40.678335 ], [ -8.37231, 40.678117 ], [ -8.372232, 40.678033 ], [ -8.371973, 40.677915 ], [ -8.371859, 40.677886 ], [ -8.37152, 40.677876 ], [ -8.371418, 40.677912 ], [ -8.371196, 40.67806 ], [ -8.370996, 40.678249 ], [ -8.370891, 40.678386 ], [ -8.370859, 40.678462 ], [ -8.370845, 40.678617 ], [ -8.370823, 40.679345 ], [ -8.370735, 40.67963 ], [ -8.370652, 40.679982 ], [ -8.37057, 40.680203 ], [ -8.370355, 40.680577 ], [ -8.37017, 40.680768 ], [ -8.369708, 40.681098 ], [ -8.36939, 40.681274 ], [ -8.369194, 40.681402 ], [ -8.36906, 40.68146 ], [ -8.368739, 40.68155 ], [ -8.368499, 40.681576 ], [ -8.367573, 40.681577 ], [ -8.36727, 40.681653 ], [ -8.366809, 40.681858 ], [ -8.366576, 40.682028 ], [ -8.366165, 40.682391 ], [ -8.365954, 40.682594 ], [ -8.365802, 40.682791 ], [ -8.365711, 40.682876 ], [ -8.365477, 40.683022 ], [ -8.365198, 40.68303 ], [ -8.364592, 40.682742 ], [ -8.364458, 40.682711 ], [ -8.363774, 40.682699 ], [ -8.363258, 40.682796 ], [ -8.362978, 40.682803 ], [ -8.36256, 40.682781 ], [ -8.362231, 40.682741 ], [ -8.3613, 40.68274 ], [ -8.361122, 40.682771 ], [ -8.361067, 40.682804 ], [ -8.360881, 40.682996 ], [ -8.360448, 40.68365 ], [ -8.360009, 40.684006 ], [ -8.359891, 40.684251 ], [ -8.359838, 40.684482 ], [ -8.359745, 40.684724 ], [ -8.359677, 40.684816 ], [ -8.359558, 40.68489 ], [ -8.359492, 40.684914 ], [ -8.359246, 40.68492 ], [ -8.359213, 40.684904 ], [ -8.359022, 40.684722 ], [ -8.358755, 40.684546 ], [ -8.358513, 40.684532 ], [ -8.358355, 40.684555 ], [ -8.358171, 40.684559 ], [ -8.35794, 40.684458 ], [ -8.357727, 40.684148 ], [ -8.357083, 40.683621 ], [ -8.356838, 40.683479 ], [ -8.356668, 40.683432 ], [ -8.356475, 40.683441 ], [ -8.348314, 40.679821 ], [ -8.348197, 40.679788 ], [ -8.347573, 40.679507 ], [ -8.347228, 40.679378 ], [ -8.346699, 40.67924 ], [ -8.346009, 40.67909 ], [ -8.340931, 40.677377 ], [ -8.33594, 40.67746 ], [ -8.334331, 40.678327 ], [ -8.331523, 40.680399 ], [ -8.331491, 40.680465 ], [ -8.331461, 40.680687 ], [ -8.331496, 40.680972 ], [ -8.331587, 40.681279 ], [ -8.331612, 40.681511 ], [ -8.331599, 40.681636 ], [ -8.331645, 40.681805 ], [ -8.331756, 40.682033 ], [ -8.331949, 40.682232 ], [ -8.332092, 40.682351 ], [ -8.332146, 40.682429 ], [ -8.332257, 40.682669 ], [ -8.332495, 40.683104 ], [ -8.332494, 40.683172 ], [ -8.332268, 40.683758 ], [ -8.331853, 40.684262 ], [ -8.331712, 40.684468 ], [ -8.331693, 40.684534 ], [ -8.333362, 40.690419 ], [ -8.333775, 40.690004 ], [ -8.333878, 40.689849 ], [ -8.333935, 40.689751 ], [ -8.334015, 40.689484 ], [ -8.334098, 40.689111 ], [ -8.334171, 40.688896 ], [ -8.334244, 40.688757 ], [ -8.334366, 40.688619 ], [ -8.334489, 40.688545 ], [ -8.334487, 40.688805 ], [ -8.334499, 40.688855 ], [ -8.334574, 40.688984 ], [ -8.334764, 40.689184 ], [ -8.335191, 40.689547 ], [ -8.335422, 40.689703 ], [ -8.335681, 40.689829 ], [ -8.335862, 40.689889 ], [ -8.335461, 40.689968 ], [ -8.335381, 40.690011 ], [ -8.335178, 40.690184 ], [ -8.334822, 40.690561 ], [ -8.334581, 40.690761 ], [ -8.334508, 40.690898 ], [ -8.334436, 40.690975 ], [ -8.334222, 40.691159 ], [ -8.333974, 40.691325 ], [ -8.333878, 40.691446 ], [ -8.333769, 40.691518 ], [ -8.333553, 40.691622 ], [ -8.333344, 40.69167 ], [ -8.332995, 40.69167 ], [ -8.332618, 40.691749 ], [ -8.332323, 40.69175 ], [ -8.332022, 40.691631 ], [ -8.331797, 40.69147 ], [ -8.331722, 40.691364 ], [ -8.331711, 40.691271 ], [ -8.331688, 40.691219 ], [ -8.331558, 40.691132 ], [ -8.33145, 40.691112 ], [ -8.330793, 40.691114 ], [ -8.330471, 40.691154 ], [ -8.329064, 40.691398 ], [ -8.328792, 40.691508 ], [ -8.328636, 40.691622 ], [ -8.328535, 40.691637 ], [ -8.328055, 40.69157 ], [ -8.327979, 40.691524 ], [ -8.316115, 40.691827 ], [ -8.306945, 40.692469 ], [ -8.306723, 40.69253 ], [ -8.304594, 40.692996 ], [ -8.303679, 40.693245 ], [ -8.302101, 40.693738 ], [ -8.301055, 40.694011 ], [ -8.300455, 40.69413 ], [ -8.298802, 40.694505 ], [ -8.29829, 40.694535 ] ] ] } },
{ "type": "Feature", "properties": { }, "geometry": { "type": "Polygon", "coordinates": [ [ [ -8.197081, 40.696943 ], [ -8.196639, 40.696997 ], [ -8.196696, 40.696576 ], [ -8.196823, 40.696177 ], [ -8.196934, 40.695947 ], [ -8.197077, 40.695802 ], [ -8.197141, 40.695693 ], [ -8.197156, 40.695293 ], [ -8.197124, 40.695088 ], [ -8.196949, 40.694701 ], [ -8.196789, 40.694132 ], [ -8.196694, 40.693733 ], [ -8.196566, 40.692971 ], [ -8.196583, 40.692645 ], [ -8.196756, 40.692173 ], [ -8.196724, 40.692064 ], [ -8.19639, 40.691786 ], [ -8.196262, 40.691568 ], [ -8.196135, 40.691193 ], [ -8.196007, 40.690903 ], [ -8.196023, 40.690721 ], [ -8.196102, 40.690588 ], [ -8.196325, 40.690346 ], [ -8.196645, 40.69008 ], [ -8.196976, 40.689862 ], [ -8.197485, 40.689668 ], [ -8.197643, 40.689547 ], [ -8.197818, 40.689329 ], [ -8.197786, 40.689063 ], [ -8.197722, 40.688869 ], [ -8.197388, 40.688567 ], [ -8.197149, 40.688301 ], [ -8.197038, 40.688144 ], [ -8.196958, 40.687902 ], [ -8.19691, 40.687648 ], [ -8.197227, 40.686535 ], [ -8.19737, 40.686099 ], [ -8.197306, 40.685664 ], [ -8.197115, 40.685265 ], [ -8.196606, 40.684708 ], [ -8.196176, 40.684309 ], [ -8.195746, 40.683789 ], [ -8.19554, 40.683439 ], [ -8.1953, 40.682701 ], [ -8.194997, 40.681418 ], [ -8.194902, 40.681116 ], [ -8.194837, 40.68016 ], [ -8.1949, 40.679229 ], [ -8.195026, 40.6786 ], [ -8.195201, 40.678043 ], [ -8.195439, 40.67762 ], [ -8.196185, 40.676736 ], [ -8.196296, 40.676482 ], [ -8.196481, 40.675739 ], [ -8.196707, 40.675127 ], [ -8.196929, 40.674413 ], [ -8.196992, 40.674014 ], [ -8.197294, 40.673542 ], [ -8.197627, 40.672888 ], [ -8.197817, 40.672271 ], [ -8.197896, 40.67192 ], [ -8.197896, 40.671572 ], [ -8.197784, 40.671049 ], [ -8.19764, 40.670674 ], [ -8.19737, 40.670275 ], [ -8.197036, 40.669574 ], [ -8.196988, 40.669235 ], [ -8.197051, 40.668811 ], [ -8.197051, 40.668424 ], [ -8.196907, 40.668086 ], [ -8.1967, 40.667638 ], [ -8.196064, 40.666441 ], [ -8.195752, 40.665687 ], [ -8.195305, 40.665041 ], [ -8.194588, 40.664392 ], [ -8.194588, 40.664324 ], [ -8.194466, 40.664012 ], [ -8.194238, 40.663653 ], [ -8.194085, 40.663294 ], [ -8.194039, 40.662993 ], [ -8.194037, 40.662608 ], [ -8.194156, 40.661904 ], [ -8.194474, 40.660972 ], [ -8.194657, 40.660748 ], [ -8.195627, 40.659937 ], [ -8.195782, 40.659079 ], [ -8.195916, 40.658528 ], [ -8.196233, 40.65754 ], [ -8.196526, 40.656477 ], [ -8.19666, 40.655796 ], [ -8.196696, 40.655433 ], [ -8.196843, 40.655209 ], [ -8.197002, 40.655069 ], [ -8.197516, 40.654686 ], [ -8.198054, 40.654481 ], [ -8.198397, 40.654257 ], [ -8.198654, 40.654061 ], [ -8.198776, 40.653884 ], [ -8.198898, 40.653651 ], [ -8.199094, 40.653184 ], [ -8.199179, 40.652821 ], [ -8.199252, 40.652196 ], [ -8.199239, 40.651497 ], [ -8.199214, 40.65132 ], [ -8.199091, 40.650937 ], [ -8.198871, 40.650425 ], [ -8.198687, 40.650089 ], [ -8.19827, 40.649642 ], [ -8.198049, 40.649437 ], [ -8.19789, 40.649232 ], [ -8.197829, 40.649055 ], [ -8.197829, 40.648719 ], [ -8.197914, 40.648505 ], [ -8.198073, 40.648374 ], [ -8.198269, 40.648141 ], [ -8.198342, 40.647861 ], [ -8.198341, 40.647526 ], [ -8.198255, 40.647162 ], [ -8.198059, 40.646678 ], [ -8.197789, 40.646193 ], [ -8.197716, 40.645978 ], [ -8.197703, 40.645773 ], [ -8.19774, 40.645615 ], [ -8.197886, 40.645391 ], [ -8.198021, 40.645251 ], [ -8.198241, 40.644962 ], [ -8.198571, 40.644635 ], [ -8.199011, 40.644383 ], [ -8.199464, 40.644253 ], [ -8.199954, 40.644178 ], [ -8.200394, 40.644177 ], [ -8.201031, 40.644242 ], [ -8.201374, 40.644336 ], [ -8.201827, 40.644596 ], [ -8.202108, 40.644699 ], [ -8.202451, 40.644773 ], [ -8.203271, 40.644856 ], [ -8.203675, 40.644809 ], [ -8.20414, 40.644669 ], [ -8.204459, 40.644688 ], [ -8.205842, 40.645032 ], [ -8.20627, 40.645087 ], [ -8.206638, 40.645087 ], [ -8.20698, 40.645012 ], [ -8.207421, 40.644835 ], [ -8.208069, 40.644424 ], [ -8.208399, 40.644191 ], [ -8.208693, 40.644023 ], [ -8.209096, 40.643874 ], [ -8.20928, 40.643846 ], [ -8.209635, 40.643845 ], [ -8.210712, 40.643966 ], [ -8.211177, 40.64404 ], [ -8.211691, 40.64403 ], [ -8.211997, 40.643965 ], [ -8.212217, 40.643806 ], [ -8.212352, 40.643685 ], [ -8.212609, 40.643331 ], [ -8.213072, 40.642361 ], [ -8.213415, 40.641866 ], [ -8.214282, 40.640766 ], [ -8.214478, 40.640541 ], [ -8.214612, 40.64043 ], [ -8.214845, 40.640346 ], [ -8.215186, 40.640252 ], [ -8.215469, 40.640149 ], [ -8.215774, 40.640102 ], [ -8.215934, 40.640046 ], [ -8.216105, 40.639841 ], [ -8.21663, 40.639328 ], [ -8.217156, 40.638955 ], [ -8.217584, 40.638731 ], [ -8.217853, 40.638628 ], [ -8.218061, 40.638516 ], [ -8.218886, 40.637766 ], [ -8.219161, 40.637647 ], [ -8.219345, 40.637601 ], [ -8.219511, 40.637483 ], [ -8.219586, 40.637398 ], [ -8.219589, 40.637154 ], [ -8.219638, 40.637032 ], [ -8.220054, 40.636734 ], [ -8.2202, 40.636594 ], [ -8.22042, 40.636277 ], [ -8.220652, 40.635726 ], [ -8.220701, 40.635344 ], [ -8.220565, 40.63458 ], [ -8.220429, 40.633992 ], [ -8.220221, 40.633442 ], [ -8.219902, 40.632949 ], [ -8.219742, 40.632538 ], [ -8.21957, 40.632212 ], [ -8.219288, 40.631429 ], [ -8.219079, 40.631103 ], [ -8.218638, 40.630516 ], [ -8.217486, 40.629044 ], [ -8.217216, 40.628736 ], [ -8.217182, 40.628624 ], [ -8.21753, 40.628462 ], [ -8.219757, 40.627525 ], [ -8.220284, 40.627413 ], [ -8.22153, 40.626853 ], [ -8.222349, 40.626805 ], [ -8.223585, 40.626826 ], [ -8.224109, 40.62687 ], [ -8.22575, 40.626846 ], [ -8.226363, 40.627009 ], [ -8.226612, 40.62712 ], [ -8.226871, 40.627293 ], [ -8.227085, 40.627469 ], [ -8.227284, 40.627587 ], [ -8.2274, 40.627618 ], [ -8.227781, 40.627612 ], [ -8.22816, 40.62749 ], [ -8.228564, 40.627532 ], [ -8.229632, 40.627921 ], [ -8.230029, 40.627943 ], [ -8.230233, 40.627864 ], [ -8.23079, 40.628106 ], [ -8.232183, 40.628307 ], [ -8.234643, 40.628723 ], [ -8.236459, 40.628693 ], [ -8.236985, 40.628698 ], [ -8.238247, 40.628769 ], [ -8.239099, 40.628612 ], [ -8.240067, 40.628771 ], [ -8.241064, 40.628556 ], [ -8.241698, 40.628214 ], [ -8.242517, 40.627569 ], [ -8.242947, 40.627122 ], [ -8.243093, 40.626948 ], [ -8.244022, 40.626157 ], [ -8.244663, 40.625654 ], [ -8.245147, 40.625137 ], [ -8.245955, 40.624182 ], [ -8.246065, 40.624035 ], [ -8.245855, 40.62387 ], [ -8.245695, 40.623695 ], [ -8.245711, 40.622756 ], [ -8.245884, 40.622264 ], [ -8.246308, 40.621718 ], [ -8.246569, 40.621046 ], [ -8.247204, 40.62019 ], [ -8.247374, 40.619928 ], [ -8.247904, 40.619236 ], [ -8.249101, 40.618617 ], [ -8.249194, 40.618486 ], [ -8.249816, 40.61892 ], [ -8.250084, 40.619019 ], [ -8.250343, 40.61915 ], [ -8.250585, 40.61936 ], [ -8.250863, 40.619514 ], [ -8.251161, 40.619651 ], [ -8.252414, 40.620092 ], [ -8.253206, 40.620414 ], [ -8.253603, 40.620595 ], [ -8.254234, 40.620822 ], [ -8.254641, 40.62102 ], [ -8.255928, 40.621854 ], [ -8.257244, 40.622901 ], [ -8.257788, 40.62327 ], [ -8.258393, 40.623628 ], [ -8.2589, 40.624047 ], [ -8.259175, 40.624341 ], [ -8.259544, 40.624811 ], [ -8.260026, 40.625213 ], [ -8.260282, 40.625307 ], [ -8.260927, 40.625402 ], [ -8.261813, 40.62565 ], [ -8.262982, 40.626203 ], [ -8.263471, 40.626387 ], [ -8.264636, 40.626677 ], [ -8.265516, 40.626917 ], [ -8.265653, 40.626965 ], [ -8.266251, 40.627284 ], [ -8.266791, 40.627475 ], [ -8.267558, 40.627702 ], [ -8.26944, 40.628343 ], [ -8.270053, 40.628765 ], [ -8.271918, 40.629749 ], [ -8.272102, 40.629889 ], [ -8.274278, 40.630743 ], [ -8.273262, 40.631438 ], [ -8.272669, 40.631989 ], [ -8.271216, 40.63299 ], [ -8.270853, 40.633296 ], [ -8.270799, 40.633428 ], [ -8.270752, 40.633484 ], [ -8.270384, 40.633787 ], [ -8.269051, 40.634554 ], [ -8.268212, 40.634966 ], [ -8.267846, 40.635102 ], [ -8.267445, 40.635347 ], [ -8.267062, 40.635623 ], [ -8.266875, 40.635722 ], [ -8.266031, 40.636056 ], [ -8.266079, 40.636643 ], [ -8.266217, 40.63714 ], [ -8.266344, 40.637719 ], [ -8.266463, 40.638123 ], [ -8.266588, 40.638717 ], [ -8.266571, 40.638819 ], [ -8.266612, 40.639397 ], [ -8.266544, 40.639909 ], [ -8.266574, 40.640961 ], [ -8.26648, 40.641154 ], [ -8.266165, 40.641577 ], [ -8.265566, 40.64222 ], [ -8.26518, 40.642703 ], [ -8.264812, 40.643044 ], [ -8.26461, 40.643293 ], [ -8.26408, 40.643801 ], [ -8.263713, 40.644208 ], [ -8.263393, 40.644478 ], [ -8.263986, 40.644717 ], [ -8.264274, 40.644745 ], [ -8.265935, 40.645341 ], [ -8.26631, 40.645553 ], [ -8.266586, 40.645989 ], [ -8.266707, 40.646102 ], [ -8.266883, 40.646231 ], [ -8.267167, 40.64635 ], [ -8.267447, 40.646427 ], [ -8.267654, 40.646446 ], [ -8.26783, 40.646419 ], [ -8.267951, 40.646356 ], [ -8.268416, 40.645929 ], [ -8.268644, 40.645779 ], [ -8.268952, 40.645676 ], [ -8.269159, 40.645692 ], [ -8.269362, 40.645759 ], [ -8.269499, 40.646065 ], [ -8.269658, 40.646366 ], [ -8.269638, 40.646977 ], [ -8.269512, 40.648177 ], [ -8.26959, 40.648455 ], [ -8.269764, 40.648808 ], [ -8.270227, 40.649295 ], [ -8.270558, 40.64963 ], [ -8.27073, 40.64975 ], [ -8.270946, 40.649853 ], [ -8.270795, 40.650096 ], [ -8.27054, 40.650407 ], [ -8.270479, 40.650575 ], [ -8.270548, 40.650705 ], [ -8.271206, 40.651508 ], [ -8.271321, 40.651699 ], [ -8.271505, 40.652232 ], [ -8.271815, 40.65277 ], [ -8.271978, 40.653019 ], [ -8.27201, 40.653276 ], [ -8.271969, 40.653754 ], [ -8.271803, 40.65409 ], [ -8.271593, 40.654314 ], [ -8.271188, 40.654549 ], [ -8.270185, 40.654999 ], [ -8.269161, 40.655236 ], [ -8.268701, 40.65527 ], [ -8.26794, 40.65521 ], [ -8.267271, 40.655184 ], [ -8.266938, 40.65524 ], [ -8.266681, 40.655355 ], [ -8.26646, 40.655495 ], [ -8.26637, 40.655627 ], [ -8.266346, 40.655833 ], [ -8.26634, 40.656246 ], [ -8.266291, 40.656453 ], [ -8.266168, 40.656739 ], [ -8.265992, 40.656893 ], [ -8.265547, 40.657173 ], [ -8.264757, 40.657395 ], [ -8.264491, 40.657516 ], [ -8.264327, 40.657669 ], [ -8.264208, 40.657918 ], [ -8.264175, 40.658202 ], [ -8.264222, 40.65835 ], [ -8.264277, 40.658439 ], [ -8.264449, 40.658596 ], [ -8.264738, 40.658933 ], [ -8.264956, 40.659469 ], [ -8.265012, 40.65967 ], [ -8.264995, 40.659725 ], [ -8.264906, 40.659767 ], [ -8.264183, 40.659872 ], [ -8.26394, 40.659862 ], [ -8.263069, 40.659687 ], [ -8.262804, 40.659658 ], [ -8.26231, 40.659654 ], [ -8.260635, 40.660043 ], [ -8.260439, 40.660146 ], [ -8.260259, 40.660385 ], [ -8.260231, 40.660534 ], [ -8.260234, 40.660663 ], [ -8.260316, 40.660874 ], [ -8.260331, 40.660998 ], [ -8.26023, 40.66111 ], [ -8.260109, 40.661201 ], [ -8.259793, 40.661295 ], [ -8.259617, 40.661305 ], [ -8.259517, 40.661303 ], [ -8.259251, 40.661242 ], [ -8.258888, 40.661232 ], [ -8.25829, 40.661369 ], [ -8.2574, 40.661689 ], [ -8.256317, 40.662189 ], [ -8.256036, 40.662338 ], [ -8.256011, 40.662368 ], [ -8.257215, 40.662511 ], [ -8.261649, 40.662844 ], [ -8.261921, 40.673424 ], [ -8.261715, 40.673829 ], [ -8.261597, 40.674122 ], [ -8.261539, 40.674617 ], [ -8.26148, 40.674797 ], [ -8.261303, 40.67491 ], [ -8.261008, 40.675 ], [ -8.260623, 40.675068 ], [ -8.260535, 40.675114 ], [ -8.260417, 40.675136 ], [ -8.260328, 40.675316 ], [ -8.26027, 40.675587 ], [ -8.260329, 40.675947 ], [ -8.260345, 40.676284 ], [ -8.260316, 40.676735 ], [ -8.260435, 40.677207 ], [ -8.260466, 40.677657 ], [ -8.241708, 40.688392 ], [ -8.243061, 40.692692 ], [ -8.243419, 40.693301 ], [ -8.243957, 40.69446 ], [ -8.244447, 40.695708 ], [ -8.243365, 40.696437 ], [ -8.242272, 40.697254 ], [ -8.240476, 40.698491 ], [ -8.237795, 40.698272 ], [ -8.236605, 40.698054 ], [ -8.23534, 40.697968 ], [ -8.234458, 40.698027 ], [ -8.234294, 40.698061 ], [ -8.234151, 40.698066 ], [ -8.233658, 40.698137 ], [ -8.233423, 40.698131 ], [ -8.232764, 40.698051 ], [ -8.232304, 40.697877 ], [ -8.231907, 40.697664 ], [ -8.229472, 40.69863 ], [ -8.227762, 40.69929 ], [ -8.226356, 40.698961 ], [ -8.223783, 40.698323 ], [ -8.222487, 40.697782 ], [ -8.222404, 40.697734 ], [ -8.217637, 40.696216 ], [ -8.215261, 40.695285 ], [ -8.214563, 40.695041 ], [ -8.213604, 40.694584 ], [ -8.213091, 40.694446 ], [ -8.212345, 40.694276 ], [ -8.211299, 40.694106 ], [ -8.210695, 40.693983 ], [ -8.210036, 40.69403 ], [ -8.209776, 40.694086 ], [ -8.207623, 40.694413 ], [ -8.206309, 40.694705 ], [ -8.204574, 40.695235 ], [ -8.199536, 40.696641 ], [ -8.197081, 40.696943 ] ] ] } },
{ "type": "Feature", "properties": { }, "geometry": { "type": "Polygon", "coordinates": [ [ [ -8.124538, 40.690749 ], [ -8.124811, 40.690101 ], [ -8.124947, 40.688648 ], [ -8.124914, 40.687922 ], [ -8.124709, 40.687092 ], [ -8.124403, 40.685691 ], [ -8.12413, 40.684317 ], [ -8.123688, 40.682008 ], [ -8.123347, 40.679882 ], [ -8.122734, 40.677599 ], [ -8.122326, 40.67638 ], [ -8.122394, 40.675991 ], [ -8.122803, 40.67542 ], [ -8.123314, 40.674902 ], [ -8.124404, 40.674279 ], [ -8.125903, 40.673216 ], [ -8.126346, 40.672982 ], [ -8.127402, 40.671997 ], [ -8.128628, 40.670726 ], [ -8.129548, 40.669455 ], [ -8.129855, 40.668937 ], [ -8.130161, 40.668314 ], [ -8.130408, 40.667685 ], [ -8.130621, 40.666745 ], [ -8.130533, 40.666583 ], [ -8.130446, 40.666205 ], [ -8.130411, 40.665961 ], [ -8.130403, 40.66561 ], [ -8.130225, 40.665385 ], [ -8.130041, 40.665186 ], [ -8.129858, 40.664946 ], [ -8.12937, 40.6638 ], [ -8.128996, 40.662418 ], [ -8.12888, 40.661059 ], [ -8.128938, 40.658778 ], [ -8.128852, 40.657243 ], [ -8.128737, 40.656738 ], [ -8.12793, 40.655576 ], [ -8.127412, 40.654874 ], [ -8.126663, 40.6538 ], [ -8.12626, 40.652813 ], [ -8.12603, 40.651804 ], [ -8.125627, 40.650663 ], [ -8.125339, 40.649699 ], [ -8.125246, 40.648871 ], [ -8.125246, 40.647034 ], [ -8.125426, 40.644594 ], [ -8.125462, 40.642538 ], [ -8.125215, 40.640445 ], [ -8.125286, 40.640466 ], [ -8.127515, 40.640269 ], [ -8.129976, 40.640383 ], [ -8.132099, 40.64067 ], [ -8.133931, 40.640464 ], [ -8.135593, 40.639655 ], [ -8.136581, 40.639287 ], [ -8.136668, 40.639228 ], [ -8.13684, 40.639153 ], [ -8.13755, 40.63905 ], [ -8.138223, 40.63905 ], [ -8.139657, 40.639255 ], [ -8.140352, 40.639323 ], [ -8.141451, 40.639528 ], [ -8.143289, 40.639613 ], [ -8.143916, 40.63963 ], [ -8.145441, 40.639578 ], [ -8.14739, 40.639611 ], [ -8.148362, 40.639587 ], [ -8.14894, 40.639611 ], [ -8.149548, 40.63961 ], [ -8.15052, 40.639506 ], [ -8.152055, 40.639425 ], [ -8.1528, 40.639425 ], [ -8.153104, 40.639471 ], [ -8.153408, 40.63954 ], [ -8.153819, 40.639702 ], [ -8.15429, 40.639992 ], [ -8.154776, 40.640339 ], [ -8.156905, 40.641982 ], [ -8.158106, 40.643001 ], [ -8.159748, 40.644529 ], [ -8.160782, 40.645779 ], [ -8.161497, 40.646531 ], [ -8.161938, 40.646948 ], [ -8.162287, 40.646948 ], [ -8.162971, 40.646994 ], [ -8.163792, 40.646948 ], [ -8.1644, 40.646866 ], [ -8.165008, 40.646843 ], [ -8.166513, 40.646958 ], [ -8.167318, 40.647039 ], [ -8.167957, 40.64705 ], [ -8.169705, 40.64727 ], [ -8.17083, 40.647489 ], [ -8.171195, 40.647686 ], [ -8.172153, 40.648681 ], [ -8.172701, 40.649121 ], [ -8.173826, 40.649931 ], [ -8.17448, 40.650255 ], [ -8.175164, 40.650556 ], [ -8.175742, 40.650764 ], [ -8.17714, 40.651169 ], [ -8.177764, 40.6514 ], [ -8.179011, 40.651955 ], [ -8.179649, 40.652372 ], [ -8.18006, 40.652488 ], [ -8.180622, 40.652568 ], [ -8.180972, 40.652545 ], [ -8.181398, 40.652545 ], [ -8.182021, 40.652695 ], [ -8.182553, 40.65288 ], [ -8.182736, 40.653042 ], [ -8.182842, 40.653204 ], [ -8.182995, 40.653633 ], [ -8.183254, 40.654512 ], [ -8.183513, 40.65516 ], [ -8.18368, 40.655704 ], [ -8.184, 40.656503 ], [ -8.184107, 40.656862 ], [ -8.184261, 40.65752 ], [ -8.184564, 40.658518 ], [ -8.184595, 40.658957 ], [ -8.18455, 40.659305 ], [ -8.184595, 40.659421 ], [ -8.185265, 40.659872 ], [ -8.185645, 40.660219 ], [ -8.185843, 40.660416 ], [ -8.186254, 40.660994 ], [ -8.186573, 40.661307 ], [ -8.186832, 40.661503 ], [ -8.187242, 40.6617 ], [ -8.187471, 40.661862 ], [ -8.187547, 40.662012 ], [ -8.187638, 40.662313 ], [ -8.187745, 40.662441 ], [ -8.188201, 40.662695 ], [ -8.188749, 40.663031 ], [ -8.189509, 40.663424 ], [ -8.189646, 40.66347 ], [ -8.190117, 40.66347 ], [ -8.190589, 40.663447 ], [ -8.19103, 40.6634 ], [ -8.19182, 40.663423 ], [ -8.192383, 40.663504 ], [ -8.192702, 40.663584 ], [ -8.19328, 40.663792 ], [ -8.194208, 40.664313 ], [ -8.194421, 40.664463 ], [ -8.194512, 40.664463 ], [ -8.194588, 40.664392 ], [ -8.195305, 40.665041 ], [ -8.195752, 40.665687 ], [ -8.196064, 40.666441 ], [ -8.1967, 40.667638 ], [ -8.197051, 40.668424 ], [ -8.197051, 40.668811 ], [ -8.196988, 40.669235 ], [ -8.197036, 40.669574 ], [ -8.19737, 40.670275 ], [ -8.19764, 40.670674 ], [ -8.197784, 40.671049 ], [ -8.197896, 40.671572 ], [ -8.197896, 40.67192 ], [ -8.197817, 40.672271 ], [ -8.197627, 40.672888 ], [ -8.197294, 40.673542 ], [ -8.196992, 40.674014 ], [ -8.196929, 40.674413 ], [ -8.196707, 40.675127 ], [ -8.196481, 40.675739 ], [ -8.196296, 40.676482 ], [ -8.196185, 40.676736 ], [ -8.195439, 40.67762 ], [ -8.195201, 40.678043 ], [ -8.195026, 40.6786 ], [ -8.1949, 40.679229 ], [ -8.194837, 40.68016 ], [ -8.194902, 40.681116 ], [ -8.194997, 40.681418 ], [ -8.1953, 40.682701 ], [ -8.19554, 40.683439 ], [ -8.195746, 40.683789 ], [ -8.196176, 40.684309 ], [ -8.196606, 40.684708 ], [ -8.197115, 40.685265 ], [ -8.197306, 40.685664 ], [ -8.19737, 40.686099 ], [ -8.197227, 40.686535 ], [ -8.19691, 40.687648 ], [ -8.196958, 40.687902 ], [ -8.197038, 40.688144 ], [ -8.197149, 40.688301 ], [ -8.197388, 40.688567 ], [ -8.197722, 40.688869 ], [ -8.197786, 40.689063 ], [ -8.197818, 40.689329 ], [ -8.197643, 40.689547 ], [ -8.197485, 40.689668 ], [ -8.196976, 40.689862 ], [ -8.196645, 40.69008 ], [ -8.196325, 40.690346 ], [ -8.196102, 40.690588 ], [ -8.196023, 40.690721 ], [ -8.196007, 40.690903 ], [ -8.196135, 40.691193 ], [ -8.196262, 40.691568 ], [ -8.19639, 40.691786 ], [ -8.196724, 40.692064 ], [ -8.196756, 40.692173 ], [ -8.196583, 40.692645 ], [ -8.196566, 40.692971 ], [ -8.196694, 40.693733 ], [ -8.196789, 40.694132 ], [ -8.196949, 40.694701 ], [ -8.197124, 40.695088 ], [ -8.197156, 40.695293 ], [ -8.197141, 40.695693 ], [ -8.197077, 40.695802 ], [ -8.196934, 40.695947 ], [ -8.196823, 40.696177 ], [ -8.196696, 40.696576 ], [ -8.196639, 40.696997 ], [ -8.196129, 40.69706 ], [ -8.19289, 40.698011 ], [ -8.185712, 40.697441 ], [ -8.180985, 40.699713 ], [ -8.179407, 40.700732 ], [ -8.178466, 40.70138 ], [ -8.173802, 40.701398 ], [ -8.1683, 40.701505 ], [ -8.163296, 40.699089 ], [ -8.163049, 40.698927 ], [ -8.160487, 40.697822 ], [ -8.159334, 40.697353 ], [ -8.15886, 40.697301 ], [ -8.156367, 40.696614 ], [ -8.15531, 40.699187 ], [ -8.155056, 40.701843 ], [ -8.154843, 40.702608 ], [ -8.154486, 40.703018 ], [ -8.150819, 40.703388 ], [ -8.150756, 40.703107 ], [ -8.150647, 40.702742 ], [ -8.15045, 40.700784 ], [ -8.150079, 40.699704 ], [ -8.149926, 40.699356 ], [ -8.149272, 40.698343 ], [ -8.14877, 40.697613 ], [ -8.148333, 40.696451 ], [ -8.14709, 40.694493 ], [ -8.146435, 40.693497 ], [ -8.145977, 40.692999 ], [ -8.144843, 40.692119 ], [ -8.144385, 40.691804 ], [ -8.1424, 40.691406 ], [ -8.141441, 40.691323 ], [ -8.14071, 40.691211 ], [ -8.139783, 40.690941 ], [ -8.138966, 40.690672 ], [ -8.138148, 40.690547 ], [ -8.137357, 40.690173 ], [ -8.136458, 40.689904 ], [ -8.134958, 40.689634 ], [ -8.134318, 40.689608 ], [ -8.133159, 40.689478 ], [ -8.132001, 40.689323 ], [ -8.131047, 40.689167 ], [ -8.129752, 40.689089 ], [ -8.128798, 40.689089 ], [ -8.127844, 40.689167 ], [ -8.126924, 40.689349 ], [ -8.126583, 40.689452 ], [ -8.126174, 40.68966 ], [ -8.124538, 40.690749 ] ] ] } },
{ "type": "Feature", "properties": { }, "geometry": { "type": "Polygon", "coordinates": [ [ [ -8.243957, 40.69446 ], [ -8.243419, 40.693301 ], [ -8.243061, 40.692692 ], [ -8.241708, 40.688392 ], [ -8.260466, 40.677657 ], [ -8.260435, 40.677207 ], [ -8.260316, 40.676735 ], [ -8.260345, 40.676284 ], [ -8.260329, 40.675947 ], [ -8.26027, 40.675587 ], [ -8.260328, 40.675316 ], [ -8.260417, 40.675136 ], [ -8.260535, 40.675114 ], [ -8.260623, 40.675068 ], [ -8.261008, 40.675 ], [ -8.261303, 40.67491 ], [ -8.26148, 40.674797 ], [ -8.261539, 40.674617 ], [ -8.261597, 40.674122 ], [ -8.261715, 40.673829 ], [ -8.261921, 40.673424 ], [ -8.261649, 40.662844 ], [ -8.257215, 40.662511 ], [ -8.256011, 40.662368 ], [ -8.256036, 40.662338 ], [ -8.256317, 40.662189 ], [ -8.2574, 40.661689 ], [ -8.25829, 40.661369 ], [ -8.258888, 40.661232 ], [ -8.259251, 40.661242 ], [ -8.259517, 40.661303 ], [ -8.259617, 40.661305 ], [ -8.259793, 40.661295 ], [ -8.260109, 40.661201 ], [ -8.26023, 40.66111 ], [ -8.260331, 40.660998 ], [ -8.260316, 40.660874 ], [ -8.260234, 40.660663 ], [ -8.260231, 40.660534 ], [ -8.260259, 40.660385 ], [ -8.260439, 40.660146 ], [ -8.260635, 40.660043 ], [ -8.26231, 40.659654 ], [ -8.262804, 40.659658 ], [ -8.263069, 40.659687 ], [ -8.26394, 40.659862 ], [ -8.264183, 40.659872 ], [ -8.264906, 40.659767 ], [ -8.264995, 40.659725 ], [ -8.265012, 40.65967 ], [ -8.264956, 40.659469 ], [ -8.264738, 40.658933 ], [ -8.264449, 40.658596 ], [ -8.264277, 40.658439 ], [ -8.264222, 40.65835 ], [ -8.264175, 40.658202 ], [ -8.264208, 40.657918 ], [ -8.264327, 40.657669 ], [ -8.264491, 40.657516 ], [ -8.264757, 40.657395 ], [ -8.265547, 40.657173 ], [ -8.265992, 40.656893 ], [ -8.266168, 40.656739 ], [ -8.266291, 40.656453 ], [ -8.26634, 40.656246 ], [ -8.266346, 40.655833 ], [ -8.26637, 40.655627 ], [ -8.26646, 40.655495 ], [ -8.266681, 40.655355 ], [ -8.266938, 40.65524 ], [ -8.267271, 40.655184 ], [ -8.26794, 40.65521 ], [ -8.268701, 40.65527 ], [ -8.269161, 40.655236 ], [ -8.270185, 40.654999 ], [ -8.271188, 40.654549 ], [ -8.271593, 40.654314 ], [ -8.271803, 40.65409 ], [ -8.271969, 40.653754 ], [ -8.27201, 40.653276 ], [ -8.271978, 40.653019 ], [ -8.271815, 40.65277 ], [ -8.271505, 40.652232 ], [ -8.271321, 40.651699 ], [ -8.271206, 40.651508 ], [ -8.270548, 40.650705 ], [ -8.270479, 40.650575 ], [ -8.27054, 40.650407 ], [ -8.270795, 40.650096 ], [ -8.270946, 40.649853 ], [ -8.27073, 40.64975 ], [ -8.270558, 40.64963 ], [ -8.270227, 40.649295 ], [ -8.269764, 40.648808 ], [ -8.26959, 40.648455 ], [ -8.269512, 40.648177 ], [ -8.269638, 40.646977 ], [ -8.269658, 40.646366 ], [ -8.269499, 40.646065 ], [ -8.269362, 40.645759 ], [ -8.269159, 40.645692 ], [ -8.268952, 40.645676 ], [ -8.268644, 40.645779 ], [ -8.268416, 40.645929 ], [ -8.267951, 40.646356 ], [ -8.26783, 40.646419 ], [ -8.267654, 40.646446 ], [ -8.267447, 40.646427 ], [ -8.267167, 40.64635 ], [ -8.266883, 40.646231 ], [ -8.266707, 40.646102 ], [ -8.266586, 40.645989 ], [ -8.26631, 40.645553 ], [ -8.265935, 40.645341 ], [ -8.264274, 40.644745 ], [ -8.263986, 40.644717 ], [ -8.263393, 40.644478 ], [ -8.263713, 40.644208 ], [ -8.26408, 40.643801 ], [ -8.26461, 40.643293 ], [ -8.264812, 40.643044 ], [ -8.26518, 40.642703 ], [ -8.265566, 40.64222 ], [ -8.266165, 40.641577 ], [ -8.26648, 40.641154 ], [ -8.266574, 40.640961 ], [ -8.266544, 40.639909 ], [ -8.266612, 40.639397 ], [ -8.266571, 40.638819 ], [ -8.266588, 40.638717 ], [ -8.266463, 40.638123 ], [ -8.266344, 40.637719 ], [ -8.266217, 40.63714 ], [ -8.266079, 40.636643 ], [ -8.266031, 40.636056 ], [ -8.266875, 40.635722 ], [ -8.267062, 40.635623 ], [ -8.267445, 40.635347 ], [ -8.267846, 40.635102 ], [ -8.268212, 40.634966 ], [ -8.269051, 40.634554 ], [ -8.270384, 40.633787 ], [ -8.270752, 40.633484 ], [ -8.270799, 40.633428 ], [ -8.270853, 40.633296 ], [ -8.271216, 40.63299 ], [ -8.272669, 40.631989 ], [ -8.273262, 40.631438 ], [ -8.274278, 40.630743 ], [ -8.275081, 40.631058 ], [ -8.275778, 40.631362 ], [ -8.276256, 40.631592 ], [ -8.276949, 40.631964 ], [ -8.278274, 40.632598 ], [ -8.279047, 40.632918 ], [ -8.279872, 40.633101 ], [ -8.280312, 40.632928 ], [ -8.280998, 40.632534 ], [ -8.281317, 40.632424 ], [ -8.281862, 40.632296 ], [ -8.282195, 40.632089 ], [ -8.283181, 40.631293 ], [ -8.283889, 40.630383 ], [ -8.284336, 40.630385 ], [ -8.285085, 40.630543 ], [ -8.286239, 40.63086 ], [ -8.286781, 40.631098 ], [ -8.287131, 40.631336 ], [ -8.287488, 40.631507 ], [ -8.287777, 40.63158 ], [ -8.288077, 40.631617 ], [ -8.288518, 40.631719 ], [ -8.289309, 40.632118 ], [ -8.289572, 40.632142 ], [ -8.289851, 40.63214 ], [ -8.289975, 40.63218 ], [ -8.290262, 40.63235 ], [ -8.290457, 40.632545 ], [ -8.290645, 40.632696 ], [ -8.29112, 40.632946 ], [ -8.291435, 40.633055 ], [ -8.291557, 40.633149 ], [ -8.291603, 40.633257 ], [ -8.291644, 40.633291 ], [ -8.291869, 40.633327 ], [ -8.292143, 40.63341 ], [ -8.29246, 40.633574 ], [ -8.292556, 40.633604 ], [ -8.292884, 40.633611 ], [ -8.293166, 40.633696 ], [ -8.293248, 40.633782 ], [ -8.29334, 40.634028 ], [ -8.293353, 40.634314 ], [ -8.293439, 40.634524 ], [ -8.293621, 40.634724 ], [ -8.293729, 40.634829 ], [ -8.293886, 40.634911 ], [ -8.29406, 40.634961 ], [ -8.294331, 40.635004 ], [ -8.29441, 40.635045 ], [ -8.2945, 40.635143 ], [ -8.294517, 40.635309 ], [ -8.295135, 40.63649 ], [ -8.295372, 40.637089 ], [ -8.295446, 40.637418 ], [ -8.295508, 40.637844 ], [ -8.295444, 40.638784 ], [ -8.295285, 40.64002 ], [ -8.295061, 40.642425 ], [ -8.294704, 40.643733 ], [ -8.294751, 40.644352 ], [ -8.294786, 40.645538 ], [ -8.294798, 40.645681 ], [ -8.295112, 40.646374 ], [ -8.295512, 40.647346 ], [ -8.296039, 40.648806 ], [ -8.296455, 40.649789 ], [ -8.296587, 40.650209 ], [ -8.296696, 40.650735 ], [ -8.296618, 40.651397 ], [ -8.296409, 40.651829 ], [ -8.296041, 40.652213 ], [ -8.295649, 40.652467 ], [ -8.295264, 40.652587 ], [ -8.294872, 40.652632 ], [ -8.294489, 40.652635 ], [ -8.294358, 40.652587 ], [ -8.294352, 40.652691 ], [ -8.294303, 40.652697 ], [ -8.293835, 40.652577 ], [ -8.293543, 40.65257 ], [ -8.293425, 40.65255 ], [ -8.293242, 40.652458 ], [ -8.293119, 40.652455 ], [ -8.293031, 40.652487 ], [ -8.292882, 40.6528 ], [ -8.292844, 40.65292 ], [ -8.292843, 40.65342 ], [ -8.292825, 40.653653 ], [ -8.292726, 40.654109 ], [ -8.29262, 40.654344 ], [ -8.292369, 40.654692 ], [ -8.292318, 40.654927 ], [ -8.292265, 40.655394 ], [ -8.292216, 40.655639 ], [ -8.292016, 40.656022 ], [ -8.292013, 40.656168 ], [ -8.292077, 40.656375 ], [ -8.292082, 40.656519 ], [ -8.291953, 40.656902 ], [ -8.291906, 40.657146 ], [ -8.291747, 40.657581 ], [ -8.291749, 40.657723 ], [ -8.291797, 40.65794 ], [ -8.291914, 40.658176 ], [ -8.291934, 40.658374 ], [ -8.291696, 40.65906 ], [ -8.291702, 40.65929 ], [ -8.291735, 40.659516 ], [ -8.291739, 40.659764 ], [ -8.291664, 40.659986 ], [ -8.291614, 40.660257 ], [ -8.291584, 40.660326 ], [ -8.291579, 40.660445 ], [ -8.291473, 40.660522 ], [ -8.291322, 40.660844 ], [ -8.291146, 40.661108 ], [ -8.29123, 40.661184 ], [ -8.291267, 40.661354 ], [ -8.29114, 40.661551 ], [ -8.291009, 40.661905 ], [ -8.290993, 40.662017 ], [ -8.290994, 40.662249 ], [ -8.290926, 40.662378 ], [ -8.290913, 40.662467 ], [ -8.290761, 40.66257 ], [ -8.289853, 40.666035 ], [ -8.288832, 40.669024 ], [ -8.289933, 40.669047 ], [ -8.291702, 40.668874 ], [ -8.293037, 40.670488 ], [ -8.293792, 40.671588 ], [ -8.297117, 40.674145 ], [ -8.297731, 40.674853 ], [ -8.298142, 40.675751 ], [ -8.298953, 40.681671 ], [ -8.297326, 40.687416 ], [ -8.297112, 40.688244 ], [ -8.296872, 40.688989 ], [ -8.296704, 40.689791 ], [ -8.29661, 40.690162 ], [ -8.296599, 40.690766 ], [ -8.296642, 40.691221 ], [ -8.296733, 40.691727 ], [ -8.296742, 40.6921 ], [ -8.296995, 40.692896 ], [ -8.29723, 40.69338 ], [ -8.297519, 40.694135 ], [ -8.297645, 40.69434 ], [ -8.29829, 40.694535 ], [ -8.28828, 40.699636 ], [ -8.283997, 40.700163 ], [ -8.274416, 40.700797 ], [ -8.271191, 40.702849 ], [ -8.268308, 40.706612 ], [ -8.268086, 40.706463 ], [ -8.267425, 40.706128 ], [ -8.267383, 40.706088 ], [ -8.267216, 40.705841 ], [ -8.267055, 40.705692 ], [ -8.266803, 40.70552 ], [ -8.266585, 40.705401 ], [ -8.266003, 40.705228 ], [ -8.262998, 40.705197 ], [ -8.262391, 40.704744 ], [ -8.26182, 40.704518 ], [ -8.261606, 40.704462 ], [ -8.261359, 40.704271 ], [ -8.261195, 40.704076 ], [ -8.261107, 40.703932 ], [ -8.261007, 40.703712 ], [ -8.260993, 40.703326 ], [ -8.260965, 40.7032 ], [ -8.260831, 40.702978 ], [ -8.260642, 40.70256 ], [ -8.260579, 40.70249 ], [ -8.260409, 40.702456 ], [ -8.260122, 40.702447 ], [ -8.259993, 40.702489 ], [ -8.25983, 40.702606 ], [ -8.25973, 40.702654 ], [ -8.259613, 40.702688 ], [ -8.259241, 40.702686 ], [ -8.258881, 40.702503 ], [ -8.258504, 40.702259 ], [ -8.258358, 40.70214 ], [ -8.258179, 40.701942 ], [ -8.257759, 40.701622 ], [ -8.257634, 40.701408 ], [ -8.257508, 40.700988 ], [ -8.257169, 40.700486 ], [ -8.257131, 40.700398 ], [ -8.257126, 40.700214 ], [ -8.257088, 40.70001 ], [ -8.256908, 40.699874 ], [ -8.256397, 40.699603 ], [ -8.256171, 40.699426 ], [ -8.255709, 40.698863 ], [ -8.25535, 40.698465 ], [ -8.255165, 40.698098 ], [ -8.255027, 40.697977 ], [ -8.254956, 40.697831 ], [ -8.254862, 40.697735 ], [ -8.254625, 40.697605 ], [ -8.254394, 40.697447 ], [ -8.254035, 40.697268 ], [ -8.253845, 40.697113 ], [ -8.253816, 40.69701 ], [ -8.253815, 40.696551 ], [ -8.253764, 40.696345 ], [ -8.253642, 40.69612 ], [ -8.253638, 40.696088 ], [ -8.253656, 40.695263 ], [ -8.253638, 40.695162 ], [ -8.253593, 40.695101 ], [ -8.253471, 40.69501 ], [ -8.252958, 40.694849 ], [ -8.252874, 40.69479 ], [ -8.252715, 40.694899 ], [ -8.252661, 40.694925 ], [ -8.2526, 40.694932 ], [ -8.25251, 40.694912 ], [ -8.252441, 40.694867 ], [ -8.252232, 40.694791 ], [ -8.2519, 40.694764 ], [ -8.251705, 40.694677 ], [ -8.251641, 40.694675 ], [ -8.251517, 40.694703 ], [ -8.25139, 40.694697 ], [ -8.251313, 40.694667 ], [ -8.248372, 40.694176 ], [ -8.248108, 40.694175 ], [ -8.247783, 40.694083 ], [ -8.247179, 40.693944 ], [ -8.246891, 40.693857 ], [ -8.24625, 40.693748 ], [ -8.245867, 40.69375 ], [ -8.245686, 40.693794 ], [ -8.245433, 40.693801 ], [ -8.245337, 40.6938 ], [ -8.245115, 40.693748 ], [ -8.244963, 40.693751 ], [ -8.243957, 40.69446 ] ] ] } },
{ "type": "Feature", "properties": { }, "geometry": { "type": "Polygon", "coordinates": [ [ [ -8.068298, 40.698553 ], [ -8.068467, 40.697028 ], [ -8.068746, 40.695566 ], [ -8.068943, 40.693616 ], [ -8.069027, 40.693277 ], [ -8.068861, 40.691773 ], [ -8.068778, 40.691412 ], [ -8.068973, 40.690925 ], [ -8.068835, 40.690353 ], [ -8.068947, 40.68976 ], [ -8.069003, 40.68923 ], [ -8.068947, 40.689018 ], [ -8.068614, 40.688445 ], [ -8.068475, 40.688043 ], [ -8.068478, 40.685415 ], [ -8.068562, 40.684652 ], [ -8.068534, 40.684313 ], [ -8.068367, 40.684016 ], [ -8.068061, 40.683847 ], [ -8.067895, 40.683698 ], [ -8.067756, 40.683465 ], [ -8.067784, 40.683232 ], [ -8.068006, 40.683041 ], [ -8.068396, 40.682872 ], [ -8.069093, 40.682427 ], [ -8.069177, 40.682067 ], [ -8.069066, 40.681622 ], [ -8.068954, 40.681368 ], [ -8.068927, 40.680732 ], [ -8.069206, 40.680012 ], [ -8.069569, 40.679461 ], [ -8.069569, 40.679186 ], [ -8.069291, 40.678528 ], [ -8.06918, 40.678126 ], [ -8.069125, 40.677321 ], [ -8.06921, 40.676367 ], [ -8.069127, 40.675879 ], [ -8.068793, 40.675392 ], [ -8.068515, 40.674883 ], [ -8.068432, 40.674438 ], [ -8.068488, 40.67429 ], [ -8.068794, 40.674184 ], [ -8.069239, 40.674142 ], [ -8.069407, 40.674163 ], [ -8.069852, 40.674439 ], [ -8.07038, 40.674905 ], [ -8.070825, 40.675414 ], [ -8.070991, 40.675732 ], [ -8.071158, 40.675923 ], [ -8.071882, 40.676305 ], [ -8.072717, 40.676581 ], [ -8.073245, 40.676708 ], [ -8.074275, 40.676836 ], [ -8.074959, 40.676874 ], [ -8.076334, 40.676985 ], [ -8.076947, 40.677007 ], [ -8.07781, 40.677113 ], [ -8.079062, 40.677326 ], [ -8.079479, 40.677432 ], [ -8.079813, 40.677559 ], [ -8.080843, 40.678407 ], [ -8.081928, 40.678874 ], [ -8.083041, 40.679552 ], [ -8.08382, 40.679828 ], [ -8.084154, 40.679849 ], [ -8.084516, 40.679701 ], [ -8.084739, 40.679553 ], [ -8.086103, 40.679024 ], [ -8.087133, 40.678537 ], [ -8.08794, 40.678198 ], [ -8.089639, 40.677733 ], [ -8.090474, 40.677394 ], [ -8.09078, 40.677118 ], [ -8.09092, 40.6768 ], [ -8.090892, 40.676377 ], [ -8.090725, 40.675995 ], [ -8.089946, 40.675126 ], [ -8.08964, 40.674745 ], [ -8.089502, 40.674087 ], [ -8.089698, 40.672414 ], [ -8.089865, 40.672011 ], [ -8.09045, 40.671375 ], [ -8.091174, 40.670698 ], [ -8.091481, 40.670443 ], [ -8.092232, 40.67002 ], [ -8.093067, 40.669194 ], [ -8.093052, 40.669181 ], [ -8.094148, 40.66929 ], [ -8.095416, 40.669353 ], [ -8.097042, 40.6695 ], [ -8.097923, 40.669585 ], [ -8.099191, 40.669753 ], [ -8.102111, 40.670404 ], [ -8.103158, 40.670698 ], [ -8.105252, 40.671496 ], [ -8.106244, 40.671978 ], [ -8.109026, 40.673511 ], [ -8.110184, 40.674308 ], [ -8.111038, 40.675 ], [ -8.111506, 40.675483 ], [ -8.112525, 40.676176 ], [ -8.113131, 40.676449 ], [ -8.1136, 40.676554 ], [ -8.114757, 40.676449 ], [ -8.116494, 40.676323 ], [ -8.117596, 40.676281 ], [ -8.118974, 40.676408 ], [ -8.120103, 40.67645 ], [ -8.120823, 40.676396 ], [ -8.121857, 40.676265 ], [ -8.122384, 40.676046 ], [ -8.122326, 40.67638 ], [ -8.122734, 40.677599 ], [ -8.123347, 40.679882 ], [ -8.123688, 40.682008 ], [ -8.12413, 40.684317 ], [ -8.124403, 40.685691 ], [ -8.124709, 40.687092 ], [ -8.124914, 40.687922 ], [ -8.124947, 40.688648 ], [ -8.124811, 40.690101 ], [ -8.124538, 40.690749 ], [ -8.124126, 40.690803 ], [ -8.123892, 40.690981 ], [ -8.123466, 40.691403 ], [ -8.121591, 40.694192 ], [ -8.120547, 40.695262 ], [ -8.120113, 40.695649 ], [ -8.120094, 40.695688 ], [ -8.119652, 40.696121 ], [ -8.119119, 40.696591 ], [ -8.118885, 40.696932 ], [ -8.118736, 40.697078 ], [ -8.118374, 40.698229 ], [ -8.118416, 40.698651 ], [ -8.118629, 40.699121 ], [ -8.119289, 40.699948 ], [ -8.119885, 40.700613 ], [ -8.120546, 40.70191 ], [ -8.120801, 40.702688 ], [ -8.121227, 40.703564 ], [ -8.121568, 40.704213 ], [ -8.121674, 40.70504 ], [ -8.121589, 40.705753 ], [ -8.121589, 40.706077 ], [ -8.121291, 40.706856 ], [ -8.120758, 40.707618 ], [ -8.120459, 40.70791 ], [ -8.118882, 40.709044 ], [ -8.117561, 40.709774 ], [ -8.116283, 40.710828 ], [ -8.114897, 40.712109 ], [ -8.114779, 40.712243 ], [ -8.114762, 40.712609 ], [ -8.114645, 40.712654 ], [ -8.113502, 40.714513 ], [ -8.10479, 40.715679 ], [ -8.098458, 40.71535 ], [ -8.09815, 40.71521 ], [ -8.097858, 40.71516 ], [ -8.097629, 40.715157 ], [ -8.097318, 40.715204 ], [ -8.097026, 40.71528 ], [ -8.096645, 40.715436 ], [ -8.096487, 40.715442 ], [ -8.096395, 40.715428 ], [ -8.096301, 40.715376 ], [ -8.096191, 40.715233 ], [ -8.096103, 40.715046 ], [ -8.095539, 40.715008 ], [ -8.094634, 40.714986 ], [ -8.094013, 40.715008 ], [ -8.093739, 40.714964 ], [ -8.093429, 40.71496 ], [ -8.09315, 40.715049 ], [ -8.092915, 40.715194 ], [ -8.092694, 40.715358 ], [ -8.092509, 40.715537 ], [ -8.086349, 40.717581 ], [ -8.083392, 40.713922 ], [ -8.082602, 40.712836 ], [ -8.081296, 40.710978 ], [ -8.079871, 40.70819 ], [ -8.079683, 40.707614 ], [ -8.079238, 40.704422 ], [ -8.078981, 40.703781 ], [ -8.07862, 40.7031 ], [ -8.078071, 40.702433 ], [ -8.077383, 40.701687 ], [ -8.076009, 40.700548 ], [ -8.075339, 40.699972 ], [ -8.073964, 40.699277 ], [ -8.07283, 40.698884 ], [ -8.072005, 40.698687 ], [ -8.069599, 40.698425 ], [ -8.068928, 40.698424 ], [ -8.068481, 40.698489 ], [ -8.068298, 40.698553 ] ] ] } },
{ "type": "Feature", "properties": { }, "geometry": { "type": "Polygon", "coordinates": [ [ [ -8.197081, 40.696943 ], [ -8.199536, 40.696641 ], [ -8.204574, 40.695235 ], [ -8.206309, 40.694705 ], [ -8.207623, 40.694413 ], [ -8.209776, 40.694086 ], [ -8.210036, 40.69403 ], [ -8.210695, 40.693983 ], [ -8.211299, 40.694106 ], [ -8.212345, 40.694276 ], [ -8.213091, 40.694446 ], [ -8.213604, 40.694584 ], [ -8.214563, 40.695041 ], [ -8.215261, 40.695285 ], [ -8.217637, 40.696216 ], [ -8.222404, 40.697734 ], [ -8.222487, 40.697782 ], [ -8.223783, 40.698323 ], [ -8.226356, 40.698961 ], [ -8.227762, 40.69929 ], [ -8.229472, 40.69863 ], [ -8.231907, 40.697664 ], [ -8.232304, 40.697877 ], [ -8.232764, 40.698051 ], [ -8.233423, 40.698131 ], [ -8.233658, 40.698137 ], [ -8.234151, 40.698066 ], [ -8.234294, 40.698061 ], [ -8.234458, 40.698027 ], [ -8.23534, 40.697968 ], [ -8.236605, 40.698054 ], [ -8.237795, 40.698272 ], [ -8.240476, 40.698491 ], [ -8.242272, 40.697254 ], [ -8.243365, 40.696437 ], [ -8.244447, 40.695708 ], [ -8.243957, 40.69446 ], [ -8.244963, 40.693751 ], [ -8.245115, 40.693748 ], [ -8.245337, 40.6938 ], [ -8.245433, 40.693801 ], [ -8.245686, 40.693794 ], [ -8.245867, 40.69375 ], [ -8.24625, 40.693748 ], [ -8.246891, 40.693857 ], [ -8.247179, 40.693944 ], [ -8.247783, 40.694083 ], [ -8.248108, 40.694175 ], [ -8.248372, 40.694176 ], [ -8.251313, 40.694667 ], [ -8.25139, 40.694697 ], [ -8.251517, 40.694703 ], [ -8.251641, 40.694675 ], [ -8.251705, 40.694677 ], [ -8.2519, 40.694764 ], [ -8.252232, 40.694791 ], [ -8.252441, 40.694867 ], [ -8.25251, 40.694912 ], [ -8.2526, 40.694932 ], [ -8.252661, 40.694925 ], [ -8.252715, 40.694899 ], [ -8.252874, 40.69479 ], [ -8.252958, 40.694849 ], [ -8.253471, 40.69501 ], [ -8.253593, 40.695101 ], [ -8.253638, 40.695162 ], [ -8.253656, 40.695263 ], [ -8.253638, 40.696088 ], [ -8.253642, 40.69612 ], [ -8.253764, 40.696345 ], [ -8.253815, 40.696551 ], [ -8.253816, 40.69701 ], [ -8.253845, 40.697113 ], [ -8.254035, 40.697268 ], [ -8.254394, 40.697447 ], [ -8.254625, 40.697605 ], [ -8.254862, 40.697735 ], [ -8.254956, 40.697831 ], [ -8.255027, 40.697977 ], [ -8.255165, 40.698098 ], [ -8.25535, 40.698465 ], [ -8.255709, 40.698863 ], [ -8.256171, 40.699426 ], [ -8.256397, 40.699603 ], [ -8.256908, 40.699874 ], [ -8.257088, 40.70001 ], [ -8.257126, 40.700214 ], [ -8.257131, 40.700398 ], [ -8.257169, 40.700486 ], [ -8.257508, 40.700988 ], [ -8.257634, 40.701408 ], [ -8.257759, 40.701622 ], [ -8.258179, 40.701942 ], [ -8.258358, 40.70214 ], [ -8.258504, 40.702259 ], [ -8.258881, 40.702503 ], [ -8.259241, 40.702686 ], [ -8.259613, 40.702688 ], [ -8.25973, 40.702654 ], [ -8.25983, 40.702606 ], [ -8.259993, 40.702489 ], [ -8.260122, 40.702447 ], [ -8.260409, 40.702456 ], [ -8.260579, 40.70249 ], [ -8.260642, 40.70256 ], [ -8.260831, 40.702978 ], [ -8.260965, 40.7032 ], [ -8.260993, 40.703326 ], [ -8.261007, 40.703712 ], [ -8.261107, 40.703932 ], [ -8.261195, 40.704076 ], [ -8.261359, 40.704271 ], [ -8.261606, 40.704462 ], [ -8.26182, 40.704518 ], [ -8.262391, 40.704744 ], [ -8.262998, 40.705197 ], [ -8.266003, 40.705228 ], [ -8.266585, 40.705401 ], [ -8.266803, 40.70552 ], [ -8.267055, 40.705692 ], [ -8.267216, 40.705841 ], [ -8.267383, 40.706088 ], [ -8.267425, 40.706128 ], [ -8.268086, 40.706463 ], [ -8.268308, 40.706612 ], [ -8.267017, 40.708296 ], [ -8.265969, 40.709876 ], [ -8.261269, 40.714249 ], [ -8.260288, 40.715439 ], [ -8.257326, 40.718436 ], [ -8.254976, 40.720336 ], [ -8.25345, 40.721527 ], [ -8.251223, 40.723521 ], [ -8.250346, 40.72419 ], [ -8.249434, 40.725193 ], [ -8.248715, 40.72706 ], [ -8.248544, 40.72728 ], [ -8.24829, 40.727732 ], [ -8.248046, 40.728085 ], [ -8.247918, 40.728336 ], [ -8.247914, 40.728526 ], [ -8.247937, 40.728567 ], [ -8.248032, 40.728677 ], [ -8.248368, 40.728955 ], [ -8.248412, 40.729041 ], [ -8.248407, 40.729105 ], [ -8.248356, 40.729164 ], [ -8.248152, 40.729291 ], [ -8.24805, 40.729346 ], [ -8.247842, 40.729414 ], [ -8.247677, 40.729513 ], [ -8.247637, 40.729585 ], [ -8.247617, 40.730131 ], [ -8.247626, 40.730665 ], [ -8.247616, 40.730767 ], [ -8.247501, 40.730995 ], [ -8.247497, 40.731044 ], [ -8.24752, 40.731112 ], [ -8.247764, 40.731408 ], [ -8.247877, 40.731618 ], [ -8.247879, 40.731645 ], [ -8.247862, 40.73173 ], [ -8.247771, 40.731883 ], [ -8.247604, 40.732089 ], [ -8.24757, 40.732173 ], [ -8.247566, 40.732406 ], [ -8.24758, 40.732426 ], [ -8.247613, 40.732433 ], [ -8.247779, 40.732424 ], [ -8.247846, 40.732437 ], [ -8.247903, 40.732468 ], [ -8.248035, 40.732602 ], [ -8.248058, 40.732652 ], [ -8.248049, 40.732776 ], [ -8.248026, 40.732868 ], [ -8.247813, 40.733082 ], [ -8.247621, 40.73325 ], [ -8.247349, 40.733408 ], [ -8.247264, 40.733524 ], [ -8.247263, 40.733606 ], [ -8.247291, 40.733653 ], [ -8.247694, 40.734062 ], [ -8.247812, 40.73414 ], [ -8.247047, 40.73634 ], [ -8.246734, 40.738318 ], [ -8.245927, 40.738893 ], [ -8.244962, 40.739856 ], [ -8.244664, 40.740096 ], [ -8.242945, 40.741449 ], [ -8.241172, 40.742733 ], [ -8.240102, 40.74363 ], [ -8.23868, 40.74478 ], [ -8.237891, 40.745502 ], [ -8.235269, 40.743658 ], [ -8.234954, 40.743453 ], [ -8.234358, 40.742949 ], [ -8.233941, 40.742411 ], [ -8.233558, 40.741873 ], [ -8.233445, 40.741762 ], [ -8.233153, 40.741531 ], [ -8.232309, 40.741062 ], [ -8.231746, 40.740806 ], [ -8.231118, 40.740616 ], [ -8.230927, 40.740598 ], [ -8.230803, 40.740515 ], [ -8.230704, 40.740478 ], [ -8.230581, 40.740465 ], [ -8.230294, 40.740475 ], [ -8.229936, 40.74044 ], [ -8.229574, 40.740468 ], [ -8.229447, 40.740455 ], [ -8.229327, 40.740412 ], [ -8.229085, 40.74019 ], [ -8.22878, 40.739994 ], [ -8.228387, 40.739814 ], [ -8.228284, 40.739745 ], [ -8.228237, 40.739682 ], [ -8.228228, 40.739635 ], [ -8.228038, 40.739528 ], [ -8.227862, 40.739339 ], [ -8.227681, 40.738821 ], [ -8.227527, 40.738604 ], [ -8.227113, 40.738194 ], [ -8.219257, 40.735588 ], [ -8.219235, 40.735547 ], [ -8.219061, 40.735493 ], [ -8.218962, 40.735433 ], [ -8.218868, 40.735424 ], [ -8.218398, 40.73552 ], [ -8.218044, 40.735553 ], [ -8.21758, 40.735393 ], [ -8.217072, 40.735174 ], [ -8.207791, 40.734648 ], [ -8.207659, 40.734693 ], [ -8.207396, 40.734728 ], [ -8.207313, 40.734681 ], [ -8.207036, 40.734609 ], [ -8.206508, 40.734555 ], [ -8.20639, 40.734512 ], [ -8.20601, 40.734447 ], [ -8.205734, 40.734417 ], [ -8.205587, 40.734372 ], [ -8.201397, 40.735009 ], [ -8.201188, 40.734863 ], [ -8.200991, 40.73466 ], [ -8.200697, 40.734254 ], [ -8.200485, 40.734035 ], [ -8.200371, 40.733803 ], [ -8.200357, 40.733465 ], [ -8.200452, 40.73315 ], [ -8.200457, 40.732853 ], [ -8.200401, 40.732621 ], [ -8.200293, 40.73238 ], [ -8.200252, 40.73198 ], [ -8.200244, 40.731723 ], [ -8.200264, 40.731628 ], [ -8.200355, 40.731393 ], [ -8.200368, 40.731214 ], [ -8.200331, 40.731116 ], [ -8.200205, 40.730885 ], [ -8.200046, 40.730669 ], [ -8.199876, 40.730334 ], [ -8.199827, 40.730084 ], [ -8.199838, 40.729917 ], [ -8.199925, 40.729751 ], [ -8.200138, 40.729482 ], [ -8.200269, 40.729371 ], [ -8.200285, 40.729345 ], [ -8.200293, 40.729224 ], [ -8.200253, 40.729128 ], [ -8.199987, 40.728936 ], [ -8.199834, 40.728801 ], [ -8.199867, 40.728757 ], [ -8.199902, 40.72864 ], [ -8.200372, 40.728048 ], [ -8.200372, 40.727869 ], [ -8.200296, 40.727757 ], [ -8.200213, 40.727542 ], [ -8.200194, 40.727395 ], [ -8.200198, 40.727141 ], [ -8.200536, 40.726847 ], [ -8.200565, 40.7268 ], [ -8.200576, 40.726694 ], [ -8.200718, 40.726523 ], [ -8.200749, 40.726447 ], [ -8.200753, 40.726369 ], [ -8.200714, 40.726289 ], [ -8.200479, 40.725996 ], [ -8.200453, 40.725929 ], [ -8.200448, 40.725818 ], [ -8.200506, 40.725757 ], [ -8.200801, 40.725602 ], [ -8.201033, 40.725392 ], [ -8.201115, 40.725289 ], [ -8.201682, 40.724718 ], [ -8.201727, 40.724631 ], [ -8.201717, 40.724014 ], [ -8.201704, 40.723775 ], [ -8.20167, 40.723637 ], [ -8.201659, 40.722697 ], [ -8.201606, 40.722436 ], [ -8.201594, 40.722101 ], [ -8.201629, 40.721985 ], [ -8.20179, 40.721803 ], [ -8.201427, 40.721072 ], [ -8.201326, 40.720724 ], [ -8.201212, 40.720475 ], [ -8.201083, 40.720116 ], [ -8.200883, 40.719736 ], [ -8.200883, 40.719562 ], [ -8.200939, 40.719355 ], [ -8.201125, 40.718921 ], [ -8.201438, 40.71854 ], [ -8.201581, 40.718464 ], [ -8.201796, 40.718387 ], [ -8.202135, 40.715496 ], [ -8.202603, 40.711735 ], [ -8.202787, 40.710909 ], [ -8.20283, 40.710539 ], [ -8.202758, 40.710039 ], [ -8.202714, 40.709181 ], [ -8.2026, 40.708725 ], [ -8.202576, 40.708353 ], [ -8.202223, 40.707781 ], [ -8.202007, 40.707107 ], [ -8.201842, 40.706915 ], [ -8.201743, 40.70684 ], [ -8.201309, 40.706587 ], [ -8.200982, 40.706239 ], [ -8.200585, 40.705954 ], [ -8.200427, 40.705777 ], [ -8.2003, 40.705412 ], [ -8.200143, 40.705185 ], [ -8.199715, 40.704772 ], [ -8.199511, 40.704591 ], [ -8.199088, 40.704299 ], [ -8.198599, 40.703912 ], [ -8.198565, 40.70379 ], [ -8.198564, 40.701336 ], [ -8.198662, 40.701073 ], [ -8.198824, 40.700754 ], [ -8.198855, 40.700635 ], [ -8.198827, 40.700392 ], [ -8.198715, 40.700166 ], [ -8.198634, 40.699657 ], [ -8.198621, 40.699327 ], [ -8.198362, 40.699187 ], [ -8.198154, 40.699025 ], [ -8.198045, 40.698984 ], [ -8.197825, 40.698995 ], [ -8.197228, 40.699252 ], [ -8.197002, 40.699254 ], [ -8.196861, 40.699224 ], [ -8.196716, 40.699111 ], [ -8.196591, 40.6989 ], [ -8.196558, 40.698794 ], [ -8.196567, 40.698572 ], [ -8.196581, 40.698512 ], [ -8.196617, 40.698454 ], [ -8.19694, 40.698203 ], [ -8.197097, 40.697973 ], [ -8.197112, 40.697922 ], [ -8.1971, 40.697733 ], [ -8.197057, 40.697522 ], [ -8.197057, 40.697285 ], [ -8.197081, 40.696943 ] ] ] } },
{ "type": "Feature", "properties": { }, "geometry": { "type": "Polygon", "coordinates": [ [ [ -8.28828, 40.699636 ], [ -8.29829, 40.694535 ], [ -8.298802, 40.694505 ], [ -8.300455, 40.69413 ], [ -8.301055, 40.694011 ], [ -8.302101, 40.693738 ], [ -8.303679, 40.693245 ], [ -8.304594, 40.692996 ], [ -8.306723, 40.69253 ], [ -8.307083, 40.692648 ], [ -8.308059, 40.693306 ], [ -8.308112, 40.693309 ], [ -8.308495, 40.69371 ], [ -8.308828, 40.694095 ], [ -8.310087, 40.695349 ], [ -8.311022, 40.697134 ], [ -8.311331, 40.697983 ], [ -8.3117, 40.698733 ], [ -8.312034, 40.699367 ], [ -8.312295, 40.700002 ], [ -8.312544, 40.700869 ], [ -8.312865, 40.701578 ], [ -8.313015, 40.702335 ], [ -8.313056, 40.702624 ], [ -8.313252, 40.703075 ], [ -8.313772, 40.7038 ], [ -8.31384, 40.703848 ], [ -8.314912, 40.703917 ], [ -8.316065, 40.704112 ], [ -8.316994, 40.704518 ], [ -8.317521, 40.704801 ], [ -8.318643, 40.705028 ], [ -8.320046, 40.705396 ], [ -8.321199, 40.705639 ], [ -8.32155, 40.705922 ], [ -8.322603, 40.707301 ], [ -8.324015, 40.70869 ], [ -8.325818, 40.710565 ], [ -8.326331, 40.711193 ], [ -8.325794, 40.712208 ], [ -8.324731, 40.714488 ], [ -8.324439, 40.715057 ], [ -8.323848, 40.716866 ], [ -8.323551, 40.719464 ], [ -8.323713, 40.719927 ], [ -8.32401, 40.720505 ], [ -8.324164, 40.721288 ], [ -8.324683, 40.722016 ], [ -8.325537, 40.72307 ], [ -8.326148, 40.723985 ], [ -8.32649, 40.724665 ], [ -8.326822, 40.725403 ], [ -8.327114, 40.726266 ], [ -8.32733, 40.726791 ], [ -8.327509, 40.726985 ], [ -8.328121, 40.727552 ], [ -8.329072, 40.72821 ], [ -8.329388, 40.728407 ], [ -8.329481, 40.728419 ], [ -8.32976, 40.728498 ], [ -8.329956, 40.728597 ], [ -8.330322, 40.729015 ], [ -8.331139, 40.729437 ], [ -8.331365, 40.729597 ], [ -8.331565, 40.729792 ], [ -8.331691, 40.730076 ], [ -8.331726, 40.730449 ], [ -8.331806, 40.730641 ], [ -8.331817, 40.730924 ], [ -8.331867, 40.731008 ], [ -8.332141, 40.731229 ], [ -8.33208, 40.731396 ], [ -8.332281, 40.732174 ], [ -8.332456, 40.732666 ], [ -8.332704, 40.733095 ], [ -8.332897, 40.733367 ], [ -8.333197, 40.733939 ], [ -8.333351, 40.734268 ], [ -8.333364, 40.734373 ], [ -8.333316, 40.734943 ], [ -8.333321, 40.735177 ], [ -8.333417, 40.735584 ], [ -8.333588, 40.737001 ], [ -8.333414, 40.737072 ], [ -8.333318, 40.737141 ], [ -8.333164, 40.737308 ], [ -8.332869, 40.737808 ], [ -8.332805, 40.737962 ], [ -8.332703, 40.738331 ], [ -8.332689, 40.738686 ], [ -8.332494, 40.739497 ], [ -8.332377, 40.739782 ], [ -8.332282, 40.739906 ], [ -8.331993, 40.740061 ], [ -8.331651, 40.740166 ], [ -8.331153, 40.740211 ], [ -8.330807, 40.740217 ], [ -8.329219, 40.740184 ], [ -8.328782, 40.740054 ], [ -8.328231, 40.739836 ], [ -8.327317, 40.739423 ], [ -8.326835, 40.739316 ], [ -8.32652, 40.739258 ], [ -8.325866, 40.739272 ], [ -8.325415, 40.739379 ], [ -8.325158, 40.739501 ], [ -8.324869, 40.739693 ], [ -8.324225, 40.740203 ], [ -8.324082, 40.740387 ], [ -8.323955, 40.740787 ], [ -8.323875, 40.740952 ], [ -8.323513, 40.741483 ], [ -8.32328, 40.741756 ], [ -8.32291, 40.742028 ], [ -8.322807, 40.742083 ], [ -8.322595, 40.742235 ], [ -8.321672, 40.742583 ], [ -8.321199, 40.74271 ], [ -8.320856, 40.742783 ], [ -8.320258, 40.742781 ], [ -8.3199, 40.742909 ], [ -8.31973, 40.742905 ], [ -8.31944, 40.742808 ], [ -8.319004, 40.742635 ], [ -8.318573, 40.742525 ], [ -8.317819, 40.742364 ], [ -8.317521, 40.742275 ], [ -8.317003, 40.742077 ], [ -8.316688, 40.74199 ], [ -8.316488, 40.741897 ], [ -8.31613, 40.741624 ], [ -8.315972, 40.741542 ], [ -8.31582, 40.741488 ], [ -8.315547, 40.74148 ], [ -8.314715, 40.741508 ], [ -8.314359, 40.741557 ], [ -8.314057, 40.741674 ], [ -8.313014, 40.742128 ], [ -8.312432, 40.742353 ], [ -8.312076, 40.742461 ], [ -8.311691, 40.742526 ], [ -8.311465, 40.742527 ], [ -8.310955, 40.742484 ], [ -8.310108, 40.742381 ], [ -8.309633, 40.742391 ], [ -8.309227, 40.742464 ], [ -8.308836, 40.742576 ], [ -8.308574, 40.742691 ], [ -8.3082, 40.742918 ], [ -8.307697, 40.743283 ], [ -8.307062, 40.743778 ], [ -8.306728, 40.744023 ], [ -8.306472, 40.744188 ], [ -8.306139, 40.744281 ], [ -8.305944, 40.74436 ], [ -8.305828, 40.744465 ], [ -8.305709, 40.744713 ], [ -8.305613, 40.744871 ], [ -8.30549, 40.74498 ], [ -8.30479, 40.745482 ], [ -8.30461, 40.745576 ], [ -8.303729, 40.745911 ], [ -8.303363, 40.746072 ], [ -8.30313, 40.746136 ], [ -8.302775, 40.746185 ], [ -8.302271, 40.746189 ], [ -8.301788, 40.746244 ], [ -8.301456, 40.746327 ], [ -8.300659, 40.746586 ], [ -8.300253, 40.746647 ], [ -8.299748, 40.746687 ], [ -8.299257, 40.746693 ], [ -8.298803, 40.746743 ], [ -8.297319, 40.747125 ], [ -8.296538, 40.747451 ], [ -8.295844, 40.747781 ], [ -8.29533, 40.748194 ], [ -8.295061, 40.74853 ], [ -8.294882, 40.748931 ], [ -8.294457, 40.749988 ], [ -8.294316, 40.750261 ], [ -8.294093, 40.750584 ], [ -8.293794, 40.750794 ], [ -8.293381, 40.750954 ], [ -8.292887, 40.751075 ], [ -8.29182, 40.751209 ], [ -8.291127, 40.751278 ], [ -8.290783, 40.751289 ], [ -8.290501, 40.751054 ], [ -8.290294, 40.750823 ], [ -8.290288, 40.750634 ], [ -8.290268, 40.750527 ], [ -8.290201, 40.75042 ], [ -8.290164, 40.750393 ], [ -8.289934, 40.750356 ], [ -8.289316, 40.750311 ], [ -8.289111, 40.750256 ], [ -8.289, 40.750124 ], [ -8.28896, 40.750019 ], [ -8.288903, 40.749313 ], [ -8.288902, 40.749117 ], [ -8.288947, 40.748864 ], [ -8.288951, 40.748756 ], [ -8.288916, 40.748608 ], [ -8.288872, 40.748552 ], [ -8.288788, 40.748492 ], [ -8.288523, 40.748353 ], [ -8.288232, 40.748108 ], [ -8.288248, 40.748057 ], [ -8.28804, 40.747896 ], [ -8.287928, 40.747764 ], [ -8.287804, 40.74766 ], [ -8.287564, 40.747498 ], [ -8.287302, 40.747361 ], [ -8.286982, 40.747238 ], [ -8.286788, 40.747187 ], [ -8.286428, 40.747165 ], [ -8.286348, 40.747115 ], [ -8.286177, 40.746927 ], [ -8.285894, 40.746511 ], [ -8.285644, 40.746031 ], [ -8.285455, 40.745839 ], [ -8.284973, 40.74546 ], [ -8.284945, 40.745416 ], [ -8.284922, 40.745327 ], [ -8.284922, 40.744998 ], [ -8.284977, 40.744961 ], [ -8.285161, 40.744474 ], [ -8.28518, 40.744314 ], [ -8.285171, 40.743801 ], [ -8.285101, 40.743662 ], [ -8.284884, 40.743367 ], [ -8.284842, 40.743254 ], [ -8.284796, 40.743025 ], [ -8.284667, 40.742788 ], [ -8.284657, 40.742622 ], [ -8.28476, 40.742453 ], [ -8.284931, 40.742268 ], [ -8.285118, 40.742029 ], [ -8.285174, 40.741872 ], [ -8.285171, 40.741512 ], [ -8.284894, 40.740872 ], [ -8.284884, 40.740736 ], [ -8.284745, 40.740627 ], [ -8.28466, 40.740515 ], [ -8.284646, 40.7404 ], [ -8.284657, 40.740309 ], [ -8.284801, 40.739982 ], [ -8.28482, 40.73983 ], [ -8.284819, 40.73976 ], [ -8.284783, 40.73966 ], [ -8.284652, 40.739554 ], [ -8.288337, 40.731242 ], [ -8.293655, 40.723951 ], [ -8.295665, 40.718181 ], [ -8.298114, 40.714188 ], [ -8.299289, 40.713425 ], [ -8.298654, 40.71245 ], [ -8.297033, 40.710181 ], [ -8.294201, 40.708301 ], [ -8.289136, 40.705181 ], [ -8.288852, 40.703685 ], [ -8.28828, 40.699636 ] ] ] } },
{ "type": "Feature", "properties": { }, "geometry": { "type": "Polygon", "coordinates": [ [ [ -8.24479, 40.760195 ], [ -8.243407, 40.759976 ], [ -8.242269, 40.759684 ], [ -8.241813, 40.759658 ], [ -8.241162, 40.759486 ], [ -8.24044, 40.75922 ], [ -8.239569, 40.759021 ], [ -8.23895, 40.759029 ], [ -8.238406, 40.759101 ], [ -8.237595, 40.75929 ], [ -8.236859, 40.759511 ], [ -8.235145, 40.760213 ], [ -8.234694, 40.760489 ], [ -8.234429, 40.760589 ], [ -8.234021, 40.760643 ], [ -8.233887, 40.76061 ], [ -8.232407, 40.759601 ], [ -8.231828, 40.759266 ], [ -8.231388, 40.758967 ], [ -8.231335, 40.75891 ], [ -8.231602, 40.758176 ], [ -8.232565, 40.755904 ], [ -8.23295, 40.754888 ], [ -8.233283, 40.754206 ], [ -8.233984, 40.753056 ], [ -8.234125, 40.752896 ], [ -8.234536, 40.752675 ], [ -8.235401, 40.752511 ], [ -8.235717, 40.752418 ], [ -8.236104, 40.752241 ], [ -8.23621, 40.752242 ], [ -8.236535, 40.75229 ], [ -8.236709, 40.752275 ], [ -8.236817, 40.752237 ], [ -8.236977, 40.752123 ], [ -8.23713, 40.75197 ], [ -8.237527, 40.751464 ], [ -8.237527, 40.751395 ], [ -8.237916, 40.750886 ], [ -8.238258, 40.750252 ], [ -8.238342, 40.750146 ], [ -8.238778, 40.749727 ], [ -8.238927, 40.749555 ], [ -8.239036, 40.749377 ], [ -8.239239, 40.748942 ], [ -8.23942, 40.748654 ], [ -8.237891, 40.745502 ], [ -8.23868, 40.74478 ], [ -8.240102, 40.74363 ], [ -8.241172, 40.742733 ], [ -8.242945, 40.741449 ], [ -8.244664, 40.740096 ], [ -8.244962, 40.739856 ], [ -8.245927, 40.738893 ], [ -8.246734, 40.738318 ], [ -8.247047, 40.73634 ], [ -8.247812, 40.73414 ], [ -8.247694, 40.734062 ], [ -8.247291, 40.733653 ], [ -8.247263, 40.733606 ], [ -8.247264, 40.733524 ], [ -8.247349, 40.733408 ], [ -8.247621, 40.73325 ], [ -8.247813, 40.733082 ], [ -8.248026, 40.732868 ], [ -8.248049, 40.732776 ], [ -8.248058, 40.732652 ], [ -8.248035, 40.732602 ], [ -8.247903, 40.732468 ], [ -8.247846, 40.732437 ], [ -8.247779, 40.732424 ], [ -8.247613, 40.732433 ], [ -8.24758, 40.732426 ], [ -8.247566, 40.732406 ], [ -8.24757, 40.732173 ], [ -8.247604, 40.732089 ], [ -8.247771, 40.731883 ], [ -8.247862, 40.73173 ], [ -8.247879, 40.731645 ], [ -8.247877, 40.731618 ], [ -8.247764, 40.731408 ], [ -8.24752, 40.731112 ], [ -8.247497, 40.731044 ], [ -8.247501, 40.730995 ], [ -8.247616, 40.730767 ], [ -8.247626, 40.730665 ], [ -8.247617, 40.730131 ], [ -8.247637, 40.729585 ], [ -8.247677, 40.729513 ], [ -8.247842, 40.729414 ], [ -8.24805, 40.729346 ], [ -8.248152, 40.729291 ], [ -8.248356, 40.729164 ], [ -8.248407, 40.729105 ], [ -8.248412, 40.729041 ], [ -8.248368, 40.728955 ], [ -8.248032, 40.728677 ], [ -8.247937, 40.728567 ], [ -8.247914, 40.728526 ], [ -8.247918, 40.728336 ], [ -8.248046, 40.728085 ], [ -8.24829, 40.727732 ], [ -8.248544, 40.72728 ], [ -8.248715, 40.72706 ], [ -8.249434, 40.725193 ], [ -8.250346, 40.72419 ], [ -8.251223, 40.723521 ], [ -8.25345, 40.721527 ], [ -8.254976, 40.720336 ], [ -8.257326, 40.718436 ], [ -8.260288, 40.715439 ], [ -8.261269, 40.714249 ], [ -8.265969, 40.709876 ], [ -8.267017, 40.708296 ], [ -8.271191, 40.702849 ], [ -8.274416, 40.700797 ], [ -8.283997, 40.700163 ], [ -8.28828, 40.699636 ], [ -8.288852, 40.703685 ], [ -8.289136, 40.705181 ], [ -8.294201, 40.708301 ], [ -8.297033, 40.710181 ], [ -8.298654, 40.71245 ], [ -8.299289, 40.713425 ], [ -8.298114, 40.714188 ], [ -8.295665, 40.718181 ], [ -8.293655, 40.723951 ], [ -8.288337, 40.731242 ], [ -8.284652, 40.739554 ], [ -8.284783, 40.73966 ], [ -8.284819, 40.73976 ], [ -8.28482, 40.73983 ], [ -8.284801, 40.739982 ], [ -8.284657, 40.740309 ], [ -8.284646, 40.7404 ], [ -8.28466, 40.740515 ], [ -8.284745, 40.740627 ], [ -8.284884, 40.740736 ], [ -8.284894, 40.740872 ], [ -8.285171, 40.741512 ], [ -8.285174, 40.741872 ], [ -8.285118, 40.742029 ], [ -8.284931, 40.742268 ], [ -8.28476, 40.742453 ], [ -8.284657, 40.742622 ], [ -8.284667, 40.742788 ], [ -8.284796, 40.743025 ], [ -8.284842, 40.743254 ], [ -8.284884, 40.743367 ], [ -8.285101, 40.743662 ], [ -8.285171, 40.743801 ], [ -8.28518, 40.744314 ], [ -8.285161, 40.744474 ], [ -8.284977, 40.744961 ], [ -8.284922, 40.744998 ], [ -8.284922, 40.745327 ], [ -8.284945, 40.745416 ], [ -8.284973, 40.74546 ], [ -8.285455, 40.745839 ], [ -8.285644, 40.746031 ], [ -8.285894, 40.746511 ], [ -8.286177, 40.746927 ], [ -8.286348, 40.747115 ], [ -8.286428, 40.747165 ], [ -8.286788, 40.747187 ], [ -8.286982, 40.747238 ], [ -8.287302, 40.747361 ], [ -8.287564, 40.747498 ], [ -8.287804, 40.74766 ], [ -8.287928, 40.747764 ], [ -8.28804, 40.747896 ], [ -8.288248, 40.748057 ], [ -8.288232, 40.748108 ], [ -8.288523, 40.748353 ], [ -8.288788, 40.748492 ], [ -8.288872, 40.748552 ], [ -8.288916, 40.748608 ], [ -8.288948, 40.748706 ], [ -8.288947, 40.748864 ], [ -8.288902, 40.749117 ], [ -8.288903, 40.749313 ], [ -8.28896, 40.750019 ], [ -8.289, 40.750124 ], [ -8.289111, 40.750256 ], [ -8.289282, 40.750306 ], [ -8.289934, 40.750356 ], [ -8.290164, 40.750393 ], [ -8.290201, 40.75042 ], [ -8.290268, 40.750527 ], [ -8.290288, 40.750634 ], [ -8.290294, 40.750823 ], [ -8.290501, 40.751054 ], [ -8.290783, 40.751289 ], [ -8.290593, 40.751295 ], [ -8.290262, 40.751271 ], [ -8.289715, 40.751193 ], [ -8.289333, 40.751223 ], [ -8.288837, 40.751331 ], [ -8.288143, 40.751568 ], [ -8.287797, 40.751701 ], [ -8.287456, 40.751871 ], [ -8.287147, 40.752047 ], [ -8.286768, 40.75237 ], [ -8.286344, 40.752971 ], [ -8.28609, 40.753295 ], [ -8.285815, 40.753527 ], [ -8.285591, 40.753664 ], [ -8.285341, 40.753804 ], [ -8.284685, 40.75411 ], [ -8.284267, 40.75452 ], [ -8.284088, 40.754718 ], [ -8.28382, 40.755091 ], [ -8.283474, 40.755345 ], [ -8.281726, 40.756457 ], [ -8.280901, 40.757136 ], [ -8.280238, 40.757652 ], [ -8.279801, 40.757942 ], [ -8.279103, 40.758236 ], [ -8.278669, 40.75834 ], [ -8.278051, 40.758413 ], [ -8.277735, 40.758385 ], [ -8.277337, 40.758089 ], [ -8.27712, 40.757709 ], [ -8.276939, 40.757016 ], [ -8.276791, 40.75684 ], [ -8.276453, 40.756604 ], [ -8.276168, 40.756504 ], [ -8.275728, 40.75641 ], [ -8.275284, 40.756362 ], [ -8.274723, 40.756391 ], [ -8.273915, 40.756366 ], [ -8.273552, 40.75641 ], [ -8.273189, 40.756497 ], [ -8.272915, 40.756671 ], [ -8.272729, 40.756867 ], [ -8.272622, 40.757279 ], [ -8.272705, 40.757792 ], [ -8.272652, 40.757848 ], [ -8.272188, 40.758036 ], [ -8.270436, 40.758299 ], [ -8.269629, 40.75832 ], [ -8.26937, 40.758362 ], [ -8.268945, 40.758477 ], [ -8.268303, 40.75877 ], [ -8.267893, 40.758926 ], [ -8.267523, 40.759 ], [ -8.266702, 40.75899 ], [ -8.266429, 40.759043 ], [ -8.265881, 40.759189 ], [ -8.265006, 40.759481 ], [ -8.264254, 40.759794 ], [ -8.263735, 40.760045 ], [ -8.262983, 40.760306 ], [ -8.261691, 40.760616 ], [ -8.259667, 40.76093 ], [ -8.25849, 40.761077 ], [ -8.257149, 40.761162 ], [ -8.256889, 40.761152 ], [ -8.256629, 40.761048 ], [ -8.256433, 40.76093 ], [ -8.256318, 40.76092 ], [ -8.255931, 40.761049 ], [ -8.25547, 40.761258 ], [ -8.255293, 40.761424 ], [ -8.25506, 40.761508 ], [ -8.254869, 40.761487 ], [ -8.254553, 40.761279 ], [ -8.254408, 40.761011 ], [ -8.254224, 40.76089 ], [ -8.253607, 40.760616 ], [ -8.253241, 40.76024 ], [ -8.252951, 40.759996 ], [ -8.252701, 40.759952 ], [ -8.252375, 40.759949 ], [ -8.251722, 40.760078 ], [ -8.251286, 40.76014 ], [ -8.250615, 40.76014 ], [ -8.249613, 40.760099 ], [ -8.248807, 40.760138 ], [ -8.246888, 40.760364 ], [ -8.246433, 40.760374 ], [ -8.245917, 40.760351 ], [ -8.24479, 40.760195 ] ] ] } }
]
}
